class,method,descriptor,tier,total_issues,orig_insns,recomp_insns,insn_diff,issue_breakdown,n_branch_inv,n_branch_target,n_const_ref,n_goto_swap,n_opcode,n_orig_extra,n_recomp_extra,n_return_swap,n_var_slot
zombie/util/AddCoopPlayer$1,<clinit>,()V,SORTED_MULTISET,0,59,59,0,,,,,,,,,,
zombie/core/Languages,loadTranslateDirectory,(Ljava/lang/String;)V,STRUCTURAL,1,106,107,1,branch_target:1,,1,,,,,,,
zombie/network/PlayerDownloadServer$WorkerThread,sendArray,(Lzombie/network/ClientChunkRequest;)V,SORTED_MULTISET,1,252,252,0,branch_target:1,,1,,,,,,,
zombie/radio/RadioXmlReader,readTranslatorNames,(Ljava/lang/String;)Ljava/util/ArrayList;,SORTED_MULTISET,1,80,81,1,branch_target:1,,1,,,,,,,
zombie/characters/ZombiesZoneDefinition,init,()V,STRUCTURAL,2,37,38,1,branch_target:2,,2,,,,,,,
zombie/characters/ZombiesZoneDefinition,initZone,(Ljava/lang/String;Lse/krka/kahlua/j2se/KahluaTableImpl;)Lzombie/characters/ZombiesZoneDefinition$ZZDZone;,STRUCTURAL,2,52,53,1,branch_target:2,,2,,,,,,,
zombie/chat/ChatUtility,parseStringForChatBubble,(Ljava/lang/String;)Ljava/lang/String;,SORTED_MULTISET,2,176,176,0,branch_target:2,,2,,,,,,,
zombie/core/Languages,init,()V,STRUCTURAL,2,48,49,1,branch_target:2,,2,,,,,,,
zombie/core/skinnedmodel/population/Outfit,findHat,()Lzombie/core/skinnedmodel/population/ClothingItemReference;,STRUCTURAL,2,21,22,1,branch_target:2,,2,,,,,,,
zombie/gameStates/ConnectToServerState$WorkshopItem,DownloadPending,()V,STRUCTURAL,2,58,57,-1,branch_target:1; orig_extra:1,,1,,,,1,,,
zombie/network/GameServerWorkshopItems$WorkshopItem,DownloadPending,()V,STRUCTURAL,2,46,45,-1,branch_target:1; orig_extra:1,,1,,,,1,,,
zombie/network/PlayerDownloadServer$WorkerThread,putCommand,(Lzombie/network/PlayerDownloadServer$EThreadCommand;Lzombie/network/ClientChunkRequest;)V,SORTED_MULTISET,2,16,15,-1,goto_swap:1; orig_extra:1,,,,1,,1,,,
zombie/AmbientStreamManager,update,()V,SORTED_MULTISET,3,488,488,0,branch_target:3,,3,,,,,,,
zombie/characters/skills/CustomPerks,parse,(Ljava/lang/String;)V,STRUCTURAL,3,64,64,0,const_ref:2; branch_target:1,,1,2,,,,,,
zombie/iso/IsoPuddles$PuddlesFloat,calculate,()V,STRUCTURAL,3,9,10,1,branch_target:1; goto_swap:1; recomp_extra:1,,1,,1,,,1,,
zombie/sandbox/CustomSandboxOptions,parse,(Ljava/lang/String;)V,STRUCTURAL,3,64,64,0,const_ref:2; branch_target:1,,1,2,,,,,,
zombie/vehicles/BaseVehicle,setActiveInBullet,(Z)V,STRUCTURAL,3,6,6,0,branch_target:1; const_ref:1; branch_inv:1,1,1,1,,,,,,
zombie/audio/ObjectAmbientEmitters$WindowLogic,checkParameters,(Lzombie/audio/BaseSoundEmitter;J)V,STRUCTURAL,4,20,20,0,opcode:2; branch_target:1; branch_inv:1,1,1,,,2,,,,
zombie/core/znet/SteamUtils,clientInitiateConnectionCallback,(J)I,STRUCTURAL,4,21,21,0,opcode:2; branch_target:1; branch_inv:1,1,1,,,2,,,,
zombie/fileSystem/DiskFileDevice$DiskFile,seek,(Lzombie/fileSystem/FileSeekMode;J)Z,SORTED_MULTISET,4,42,42,0,var_slot:2; opcode:2,,,,,2,,,,2
zombie/inventory/ItemPickerJava,ParseSuburbsDistributions,()V,STRUCTURAL,4,109,109,0,branch_target:4,,4,,,,,,,
zombie/network/GameServerWorkshopItems$WorkshopItem,update,()V,STRUCTURAL,4,13,12,-1,opcode:1; branch_target:1; goto_swap:1; orig_extra:1,,1,,1,1,1,,,
zombie/MapGroups,getMapConflicts,(Ljava/lang/String;)Ljava/util/ArrayList;,STRUCTURAL,5,21,22,1,branch_target:2; goto_swap:1; return_swap:1; recomp_extra:1,,2,,1,,,1,1,
zombie/core/skinnedmodel/animation/debug/GenericNameWeightRecordingFrame,getOrCreateColumn,(Ljava/lang/String;I)I,STRUCTURAL,5,68,68,0,goto_swap:3; return_swap:1; orig_extra:1,,,,3,,1,,1,
zombie/gameStates/ConnectToServerState,WorkshopQuery,()V,STRUCTURAL,5,71,72,1,branch_target:2; goto_swap:2; recomp_extra:1,,2,,2,,,1,,
zombie/gameStates/ConnectToServerState,FromLua,(Ljava/lang/String;)V,STRUCTURAL,5,54,53,-1,branch_target:3; goto_swap:1; orig_extra:1,,3,,1,,1,,,
zombie/gameStates/ConnectToServerState$WorkshopItem,update,()V,STRUCTURAL,5,16,15,-1,branch_target:2; opcode:1; goto_swap:1; orig_extra:1,,2,,1,1,1,,,
zombie/inventory/RecipeManager,hasHeat,(Lzombie/scripting/objects/Recipe;Lzombie/inventory/InventoryItem;Ljava/util/ArrayList;Lzombie/characters/IsoGameCharacter;)Z,STRUCTURAL,5,77,73,-4,goto_swap:2; branch_inv:1; var_slot:1; branch_target:1,1,1,,2,,,,,1
zombie/util/list/PZArrayUtil,contains,(Ljava/util/Collection;Ljava/util/function/Predicate;)Z,STRUCTURAL,5,37,33,-4,goto_swap:2; branch_inv:1; var_slot:1; branch_target:1,1,1,,2,,,,,1
zombie/util/list/PZArrayUtil,contains,(Ljava/lang/Iterable;Ljava/util/function/Predicate;)Z,STRUCTURAL,5,42,38,-4,goto_swap:2; branch_inv:1; var_slot:1; branch_target:1,1,1,,2,,,,,1
zombie/characters/NetworkTeleport,update,(Lzombie/characters/IsoGameCharacter;Lzombie/network/packets/PlayerPacket;)V,STRUCTURAL,6,84,85,1,branch_target:3; goto_swap:2; recomp_extra:1,,3,,2,,,1,,
zombie/core/znet/SteamUtils,isValidSteamID,(Ljava/lang/String;)Z,SORTED_MULTISET,6,19,17,-2,return_swap:3; goto_swap:1; opcode:1; orig_extra:1,,,,1,1,1,,3,
zombie/iso/objects/IsoDeadBody,updateBodies,()V,STRUCTURAL,6,116,117,1,const_ref:3; branch_target:3,,3,3,,,,,,
zombie/network/ServerChunkLoader$SaveChunkThread,run,()V,SORTED_MULTISET,6,51,49,-2,opcode:3; goto_swap:2; branch_inv:1,1,,,2,3,,,,
zombie/randomizedWorld/randomizedZoneStory/RandomizedZoneStoryBase,isValidForStory,(Lzombie/iso/IsoMetaGrid$Zone;Z)Z,STRUCTURAL,6,54,52,-2,return_swap:3; branch_target:1; goto_swap:1; orig_extra:1,,1,,1,,1,,3,
zombie/ui/TextDrawObject,tryColorInt,(Ljava/lang/String;)I,SORTED_MULTISET,6,24,22,-2,return_swap:3; goto_swap:1; opcode:1; orig_extra:1,,,,1,1,1,,3,
zombie/GameSounds,loadNonBankSounds,()V,STRUCTURAL,7,24,24,0,branch_target:5; goto_swap:1; orig_extra:1,,5,,1,,1,,,
zombie/characters/NetworkZombieVariables,setInt,(Lzombie/characters/IsoZombie;SI)V,STRUCTURAL,7,63,62,-1,branch_target:5; goto_swap:1; orig_extra:1,,5,,1,,1,,,
zombie/core/utils/HashMap$Bucket,put,(Ljava/lang/Object;Ljava/lang/Object;)V,STRUCTURAL,7,74,75,1,branch_target:5; goto_swap:1; recomp_extra:1,,5,,1,,,1,,
zombie/iso/areas/IsoRoom,useWater,()V,STRUCTURAL,7,22,21,-1,opcode:3; goto_swap:2; branch_inv:1; branch_target:1,1,1,,2,3,,,,
zombie/iso/objects/ObjectRenderEffects,alloc,()Lzombie/iso/objects/ObjectRenderEffects;,STRUCTURAL,7,10,10,0,const_ref:4; orig_extra:2; return_swap:1,,,4,,,2,,1,
zombie/network/packets/StopSoundPacket,process,()V,STRUCTURAL,7,43,42,-1,branch_target:5; goto_swap:1; orig_extra:1,,5,,1,,1,,,
zombie/core/skinnedmodel/animation/debug/GenericNameWeightRecordingFrame,logWeight,(Ljava/lang/String;IF)V,SORTED_MULTISET,8,15,16,1,opcode:4; recomp_extra:2; var_slot:1; return_swap:1,,,,,4,,2,1,1
zombie/core/textures/PNGDecoder,readtRNS,()V,STRUCTURAL,8,64,63,-1,const_ref:3; branch_target:2; opcode:1; goto_swap:1; orig_extra:1,,2,3,1,1,1,,,
zombie/iso/weather/WeatherPeriod,RandNext,(II)I,STRUCTURAL,8,21,21,0,var_slot:4; opcode:2; return_swap:2,,,,,2,,,2,4
zombie/randomizedWorld/randomizedBuilding/RBTableStory,getItemFromSSI,(Lzombie/randomizedWorld/randomizedBuilding/RBTableStory$StorySpawnItem;)Ljava/lang/String;,STRUCTURAL,8,50,48,-2,return_swap:3; branch_target:2; goto_swap:1; opcode:1; orig_extra:1,,2,,1,1,1,,3,
zombie/text/templating/TemplateText,RandNext,(II)I,STRUCTURAL,8,20,20,0,var_slot:4; opcode:2; return_swap:2,,,,,2,,,2,4
zombie/core/Collections/ZomboidAbstractMap,equals,(Ljava/lang/Object;)Z,STRUCTURAL,9,58,56,-2,return_swap:5; opcode:2; goto_swap:1; orig_extra:1,,,,1,2,1,,5,
zombie/core/Collections/ZomboidHashMap,transfer,([Lzombie/core/Collections/ZomboidHashMap$Entry;)V,STRUCTURAL,9,43,46,3,branch_target:4; recomp_extra:2; const_ref:1; goto_swap:1; return_swap:1,,4,1,1,,,2,1,
zombie/core/logger/ExceptionLogger,logException,(Ljava/lang/Throwable;Ljava/lang/String;Lzombie/debug/DebugLogStream;Lzombie/debug/LogSeverity;)V,SORTED_MULTISET,9,50,50,0,opcode:4; return_swap:2; branch_inv:1; branch_target:1; goto_swap:1,1,1,,1,4,,,2,
zombie/core/skinnedmodel/model/ModelInstanceTextureCreator,init,(Lzombie/core/skinnedmodel/visual/BaseVisual;Lzombie/core/skinnedmodel/visual/ItemVisuals;Lzombie/core/skinnedmodel/model/ModelInstance;)V,STRUCTURAL,9,15,16,1,const_ref:6; branch_target:1; goto_swap:1; recomp_extra:1,,1,6,1,,,1,,
zombie/iso/IsoGridSquare,toBoolean,([B)Z,STRUCTURAL,9,11,11,0,opcode:4; goto_swap:2; branch_target:1; branch_inv:1; var_slot:1,1,1,,2,4,,,,1
zombie/iso/areas/isoregion/data/DataChunk,squareAddFlags,(IB)V,SORTED_MULTISET,9,10,11,1,opcode:5; recomp_extra:2; var_slot:1; return_swap:1,,,,,5,,2,1,1
zombie/iso/areas/isoregion/data/DataChunk,squareRemoveFlags,(IB)V,SORTED_MULTISET,9,10,11,1,opcode:5; recomp_extra:2; var_slot:1; return_swap:1,,,,,5,,2,1,1
zombie/vehicles/BaseVehicle,setLightbarLightsMode,(I)V,STRUCTURAL,9,14,15,1,const_ref:5; branch_target:1; opcode:1; goto_swap:1; recomp_extra:1,,1,5,1,1,,1,,
zombie/vehicles/PathFindBehavior2,pathToVehicleSeat,(Lzombie/vehicles/BaseVehicle;I)V,STRUCTURAL,9,295,295,0,branch_target:7; goto_swap:2,,7,,2,,,,,
zombie/vehicles/SurroundVehicle,update,()V,STRUCTURAL,9,137,136,-1,branch_target:5; goto_swap:3; orig_extra:1,,5,,3,,1,,,
zombie/AmbientStreamManager,getListenerPos,(Lorg/joml/Vector2f;)V,STRUCTURAL,10,46,46,0,branch_target:4; const_ref:4; var_slot:2,,4,4,,,,,,2
zombie/Lua/LuaManager$GlobalObject,createStory,(Ljava/lang/String;)V,STRUCTURAL,10,37,37,0,const_ref:5; branch_target:3; var_slot:2,,3,5,,,,,,2
zombie/ZomboidFileSystem,loadModPackFiles,()V,STRUCTURAL,10,66,66,0,const_ref:9; branch_target:1,,1,9,,,,,,
zombie/config/ConfigFile,write,(Ljava/lang/String;ILjava/util/ArrayList;)Z,STRUCTURAL,10,84,82,-2,return_swap:3; const_ref:2; opcode:2; goto_swap:1; var_slot:1; orig_extra:1,,,2,1,2,1,,3,1
zombie/core/raknet/VoiceManager,checkForNearbyRadios,(Lzombie/core/raknet/VoiceManagerData;)Lzombie/core/raknet/VoiceManagerData$RadioData;,SORTED_MULTISET,10,226,224,-2,opcode:4; var_slot:3; goto_swap:1; return_swap:1; orig_extra:1,,,,1,4,1,,1,3
zombie/core/skinnedmodel/HelperFunctions,returnVector3f,(Lorg/lwjgl/util/vector/Vector3f;)V,STRUCTURAL,10,14,14,0,opcode:6; goto_swap:2; branch_inv:1; return_swap:1,1,,,2,6,,,1,
zombie/core/textures/TextureFBO,setTexture,(Lzombie/core/textures/Texture;)V,SORTED_MULTISET,10,17,21,4,opcode:4; const_ref:2; recomp_extra:2; var_slot:1; return_swap:1,,,2,,4,,2,1,1
zombie/iso/weather/WeatherPeriod,RandNext,(FF)F,STRUCTURAL,10,24,24,0,var_slot:4; opcode:4; return_swap:2,,,,,4,,,2,4
zombie/network/CoopMaster,getMessage,()Ljava/lang/String;,SORTED_MULTISET,10,38,36,-2,var_slot:4; opcode:3; goto_swap:1; return_swap:1; orig_extra:1,,,,1,3,1,,1,4
zombie/network/DiscordBot,setChannelByID,(Ljava/lang/String;)V,STRUCTURAL,10,31,29,-2,var_slot:3; opcode:3; goto_swap:2; branch_inv:1; branch_target:1,1,1,,2,3,,,,3
zombie/network/ServerLOS$LOSThread,shouldWait,()Z,SORTED_MULTISET,10,49,47,-2,opcode:4; var_slot:3; goto_swap:1; return_swap:1; orig_extra:1,,,,1,4,1,,1,3
zombie/text/templating/TemplateText,RandNext,(FF)F,STRUCTURAL,10,23,23,0,var_slot:4; opcode:4; return_swap:2,,,,,4,,,2,4
zombie/Lua/LuaManager$GlobalObject,require,(Ljava/lang/String;)Ljava/lang/Object;,STRUCTURAL,11,37,39,2,const_ref:9; var_slot:2,,,9,,,,,,2
zombie/core/Collections/NonBlockingHashMap$SnapshotV,<init>,(Lzombie/core/Collections/NonBlockingHashMap;)V,STRUCTURAL,11,24,23,-1,goto_swap:3; var_slot:3; opcode:2; branch_target:1; return_swap:1; orig_extra:1,,1,,3,2,1,,1,3
zombie/core/Collections/NonBlockingHashtable$SnapshotV,<init>,(Lzombie/core/Collections/NonBlockingHashtable;)V,STRUCTURAL,11,24,23,-1,goto_swap:3; var_slot:3; opcode:2; branch_target:1; return_swap:1; orig_extra:1,,1,,3,2,1,,1,3
zombie/core/Collections/NonBlockingIdentityHashMap$SnapshotV,<init>,(Lzombie/core/Collections/NonBlockingIdentityHashMap;)V,STRUCTURAL,11,24,23,-1,goto_swap:3; var_slot:3; opcode:2; branch_target:1; return_swap:1; orig_extra:1,,1,,3,2,1,,1,3
zombie/core/input/Input,getButtonCount,(I)I,STRUCTURAL,11,11,12,1,opcode:3; recomp_extra:3; goto_swap:2; const_ref:1; branch_target:1; return_swap:1,,1,1,2,3,,3,1,
zombie/core/raknet/RakNetPeerInterface,Receive,(Ljava/nio/ByteBuffer;)Z,SORTED_MULTISET,11,32,30,-2,return_swap:5; opcode:2; branch_target:1; goto_swap:1; var_slot:1; orig_extra:1,,1,,1,2,1,,5,1
zombie/core/textures/TextureFBO,reset,()V,SORTED_MULTISET,11,10,14,4,opcode:4; const_ref:2; recomp_extra:2; branch_target:1; var_slot:1; return_swap:1,,1,2,,4,,2,1,1
zombie/core/textures/TextureID,getData,()Lzombie/core/utils/WrappedBuffer;,SORTED_MULTISET,11,24,26,2,const_ref:7; opcode:4,,,7,,4,,,,
zombie/core/znet/SteamWorkshopItem,writeWorkshopTxt,()Z,STRUCTURAL,11,117,115,-2,const_ref:3; return_swap:3; opcode:2; goto_swap:1; var_slot:1; orig_extra:1,,,3,1,2,1,,3,1
zombie/iso/sprite/IsoSpriteInstance,add,(Lzombie/iso/sprite/IsoSpriteInstance;)V,STRUCTURAL,11,17,16,-1,opcode:6; goto_swap:3; branch_inv:1; orig_extra:1,1,,,3,6,1,,,
zombie/modding/ActiveModsFile,read,(Ljava/lang/String;Lzombie/modding/ActiveMods;)Z,STRUCTURAL,11,68,66,-2,return_swap:5; opcode:3; goto_swap:1; var_slot:1; orig_extra:1,,,,1,3,1,,5,1
zombie/network/ServerChunkLoader$SaveChunkThread,addUnloadedJob,(Lzombie/iso/IsoChunk;)V,SORTED_MULTISET,11,13,14,1,opcode:6; recomp_extra:3; var_slot:1; return_swap:1,,,,,6,,3,1,1
zombie/util/list/PrimitiveFloatList,forEach,(Ljava/util/function/Consumer;)V,SORTED_MULTISET,11,7,6,-1,opcode:4; var_slot:3; orig_extra:3; return_swap:1,,,,,4,3,,1,3
zombie/core/Core,setupMultiFBO,()Z,STRUCTURAL,12,27,25,-2,const_ref:4; return_swap:3; opcode:2; goto_swap:1; var_slot:1; orig_extra:1,,,4,1,2,1,,3,1
zombie/core/opengl/ShaderProgram,findShader,(Ljava/lang/String;Lzombie/core/opengl/ShaderUnit$Type;)Lzombie/core/opengl/ShaderUnit;,SORTED_MULTISET,12,21,18,-3,const_ref:7; goto_swap:2; branch_inv:1; var_slot:1; branch_target:1,1,1,7,2,,,,,1
zombie/core/skinnedmodel/HelperFunctions,getVector3f,()Lorg/lwjgl/util/vector/Vector3f;,STRUCTURAL,12,15,15,0,opcode:6; goto_swap:2; var_slot:2; branch_inv:1; return_swap:1,1,,,2,6,,,1,2
zombie/iso/IsoGridSquare,BurnWallsTCOnly,()V,STRUCTURAL,12,17,17,0,const_ref:6; goto_swap:3; branch_target:2; orig_extra:1,,2,6,3,,1,,,
zombie/network/ServerChunkLoader$SaveChunkThread,saveLater,(Lzombie/GameTime;)V,SORTED_MULTISET,12,13,14,1,opcode:6; recomp_extra:3; const_ref:1; var_slot:1; return_swap:1,,,1,,6,,3,1,1
zombie/MapGroups$MapGroup,addDirectory,(Ljava/lang/String;Ljava/lang/String;)V,SORTED_MULTISET,13,23,24,1,var_slot:5; opcode:4; recomp_extra:3; return_swap:1,,,,,4,,3,1,5
zombie/ZomboidFileSystem,loadModTileDefs,()V,STRUCTURAL,13,78,78,0,const_ref:11; branch_target:2,,2,11,,,,,,
zombie/ZomboidFileSystem,loadModTileDefPropertyStrings,()V,STRUCTURAL,13,78,78,0,const_ref:11; branch_target:2,,2,11,,,,,,
zombie/core/Collections/NonBlockingHashMap$SnapshotE,next,()Ljava/util/Map$Entry;,SORTED_MULTISET,13,15,16,1,const_ref:5; opcode:3; recomp_extra:3; var_slot:1; return_swap:1,,,5,,3,,3,1,1
zombie/core/Collections/NonBlockingHashtable$SnapshotE,next,()Ljava/util/Map$Entry;,SORTED_MULTISET,13,15,16,1,const_ref:5; opcode:3; recomp_extra:3; var_slot:1; return_swap:1,,,5,,3,,3,1,1
zombie/core/Collections/NonBlockingIdentityHashMap$SnapshotE,next,()Ljava/util/Map$Entry;,SORTED_MULTISET,13,15,16,1,const_ref:5; opcode:3; recomp_extra:3; var_slot:1; return_swap:1,,,5,,3,,3,1,1
zombie/core/textures/MultiTextureFBO2,test,()Z,STRUCTURAL,13,20,18,-2,opcode:7; return_swap:3; goto_swap:1; var_slot:1; orig_extra:1,,,,1,7,1,,3,1
zombie/radio/RadioXmlReader,LoadTranslatorNames,(Ljava/lang/String;)Ljava/util/ArrayList;,STRUCTURAL,13,37,35,-2,var_slot:4; opcode:4; return_swap:3; orig_extra:2,,,,,4,2,,3,4
zombie/savefile/PlayerDB,loadPlayer,(ILzombie/characters/IsoPlayer;)Z,FUZZY_COMPUTATION,13,56,56,0,var_slot:5; opcode:4; return_swap:2; goto_swap:1; recomp_extra:1,,,,1,4,,1,2,5
zombie/MapGroups$MapGroup,addDirectory,(Ljava/lang/String;Ljava/lang/String;Ljava/util/ArrayList;)V,SORTED_MULTISET,14,24,25,1,var_slot:6; opcode:4; recomp_extra:3; return_swap:1,,,,,4,,3,1,6
zombie/characters/IsoZombie,addAggro,(Lzombie/iso/IsoMovingObject;F)V,SORTED_MULTISET,14,73,73,0,branch_target:9; const_ref:4; goto_swap:1,,9,4,1,,,,,
zombie/randomizedWorld/randomizedBuilding/RBBasic,addRandomDeadSurvivorStory,(Lzombie/iso/BuildingDef;)V,STRUCTURAL,14,43,42,-1,opcode:6; var_slot:3; goto_swap:2; branch_inv:1; const_ref:1; branch_target:1,1,1,1,2,6,,,,3
zombie/core/Collections/NonBlockingHashMap$3,remove,(Ljava/lang/Object;)Z,STRUCTURAL,15,14,15,1,opcode:5; var_slot:4; return_swap:2; goto_swap:2; branch_inv:1; recomp_extra:1,1,,,2,5,,1,2,4
zombie/core/Collections/NonBlockingHashMapLong$3,remove,(Ljava/lang/Object;)Z,STRUCTURAL,15,14,15,1,opcode:5; var_slot:4; return_swap:2; goto_swap:2; branch_inv:1; recomp_extra:1,1,,,2,5,,1,2,4
zombie/core/Collections/NonBlockingHashMapLong$SnapshotE,next,()Ljava/util/Map$Entry;,SORTED_MULTISET,15,16,17,1,opcode:5; const_ref:4; recomp_extra:3; var_slot:2; return_swap:1,,,4,,5,,3,1,2
zombie/core/Collections/NonBlockingHashtable$3,remove,(Ljava/lang/Object;)Z,STRUCTURAL,15,14,15,1,opcode:5; var_slot:4; return_swap:2; goto_swap:2; branch_inv:1; recomp_extra:1,1,,,2,5,,1,2,4
zombie/core/Collections/NonBlockingIdentityHashMap$3,remove,(Ljava/lang/Object;)Z,STRUCTURAL,15,14,15,1,opcode:5; var_slot:4; return_swap:2; goto_swap:2; branch_inv:1; recomp_extra:1,1,,,2,5,,1,2,4
zombie/iso/objects/IsoGenerator,addPoweredItem,(Lzombie/iso/IsoObject;F)V,STRUCTURAL,15,119,117,-2,opcode:7; var_slot:3; goto_swap:2; branch_inv:1; const_ref:1; branch_target:1,1,1,1,2,7,,,,3
zombie/network/GameServer,process,(Lzombie/network/ZomboidNetData;)V,STRUCTURAL,15,26,27,1,const_ref:13; goto_swap:1; recomp_extra:1,,,13,1,,,1,,
zombie/savefile/PlayerDB$PlayerData,setBytes,(Ljava/io/InputStream;)V,STRUCTURAL,15,28,28,0,var_slot:5; goto_swap:3; opcode:3; const_ref:2; branch_target:1; orig_extra:1,,1,2,3,3,1,,,5
zombie/vehicles/VehiclesDB2$VehicleBuffer,setBytes,(Ljava/io/InputStream;)V,STRUCTURAL,15,28,28,0,var_slot:5; goto_swap:3; opcode:3; const_ref:2; branch_target:1; orig_extra:1,,1,2,3,3,1,,,5
zombie/iso/areas/IsoBuilding,getFreeTile,()Lzombie/iso/IsoGridSquare;,SORTED_MULTISET,16,13,15,2,var_slot:6; opcode:6; recomp_extra:2; const_ref:1; return_swap:1,,,1,,6,,2,1,6
zombie/core/Collections/NonBlockingHashMapLong$SnapshotV,<init>,(Lzombie/core/Collections/NonBlockingHashMapLong;)V,STRUCTURAL,17,23,23,0,opcode:4; var_slot:4; const_ref:3; goto_swap:3; branch_target:1; return_swap:1; orig_extra:1,,1,3,3,4,1,,1,4
zombie/core/WinReqistry$StreamReader,run,()V,SORTED_MULTISET,17,13,15,2,opcode:7; var_slot:4; goto_swap:4; recomp_extra:2,,,,4,7,,2,,4
zombie/core/skinnedmodel/population/PopTemplateManager,isItemModelHidden,(Lzombie/characters/WornItems/BodyLocationGroup;Lzombie/core/skinnedmodel/visual/ItemVisuals;Lzombie/core/skinnedmodel/visual/ItemVisual;)Z,STRUCTURAL,17,46,45,-1,opcode:7; var_slot:6; goto_swap:3; const_ref:1,,,1,3,7,,,,6
zombie/modding/ActiveModsFile,write,(Ljava/lang/String;Lzombie/modding/ActiveMods;)Z,STRUCTURAL,17,60,58,-2,const_ref:9; return_swap:3; opcode:2; goto_swap:1; var_slot:1; orig_extra:1,,,9,1,2,1,,3,1
zombie/ui/TextBox,Paginate,()V,STRUCTURAL,17,90,90,0,var_slot:7; branch_target:4; goto_swap:4; opcode:2,,4,,4,2,,,,7
zombie/Lua/LuaManager$GlobalObject,getLatestSave,()Lse/krka/kahlua/vm/KahluaTable;,STRUCTURAL,18,48,46,-2,var_slot:10; return_swap:3; branch_target:2; const_ref:1; goto_swap:1; orig_extra:1,,2,1,1,,1,,3,10
zombie/core/Collections/NonBlockingHashMap$3,contains,(Ljava/lang/Object;)Z,STRUCTURAL,18,15,16,1,opcode:6; var_slot:6; return_swap:3; branch_inv:1; goto_swap:1; recomp_extra:1,1,,,1,6,,1,3,6
zombie/core/Collections/NonBlockingHashMapLong$3,contains,(Ljava/lang/Object;)Z,STRUCTURAL,18,15,16,1,opcode:6; var_slot:6; return_swap:3; branch_inv:1; goto_swap:1; recomp_extra:1,1,,,1,6,,1,3,6
zombie/core/Collections/NonBlockingHashtable$3,contains,(Ljava/lang/Object;)Z,STRUCTURAL,18,15,16,1,opcode:6; var_slot:6; return_swap:3; branch_inv:1; goto_swap:1; recomp_extra:1,1,,,1,6,,1,3,6
zombie/core/Collections/NonBlockingIdentityHashMap$3,contains,(Ljava/lang/Object;)Z,STRUCTURAL,18,15,16,1,opcode:6; var_slot:6; return_swap:3; branch_inv:1; goto_swap:1; recomp_extra:1,1,,,1,6,,1,3,6
zombie/core/ImmutableColor,HSBtoRGB,(FFF)[Ljava/lang/Integer;,SORTED_MULTISET,18,206,206,0,opcode:8; var_slot:7; orig_extra:2; return_swap:1,,,,,8,2,,1,7
zombie/iso/sprite/IsoSpriteInstance,get,(Lzombie/iso/sprite/IsoSprite;)Lzombie/iso/sprite/IsoSpriteInstance;,SORTED_MULTISET,18,21,20,-1,opcode:8; var_slot:4; goto_swap:3; branch_inv:1; return_swap:1; orig_extra:1,1,,,3,8,1,,1,4
zombie/network/BodyDamageSync,serverPacket,(Ljava/nio/ByteBuffer;)V,SORTED_MULTISET,18,120,121,1,branch_target:9; goto_swap:8; orig_extra:1,,9,,8,,1,,,
zombie/GameWindow,run_ez,()V,STRUCTURAL,19,57,57,0,const_ref:18; branch_target:1,,1,18,,,,,,
zombie/fileSystem/FileSystemImpl,hasWork,()Z,SORTED_MULTISET,19,36,32,-4,opcode:10; goto_swap:4; var_slot:3; branch_inv:1; return_swap:1,1,,,4,10,,,1,3
zombie/gameStates/ConnectToServerState$WorkshopItem,CheckItemState,()V,STRUCTURAL,19,130,130,0,branch_target:12; goto_swap:7,,12,,7,,,,,
zombie/iso/IsoMetaGrid,saveZone,(Ljava/nio/ByteBuffer;)V,SORTED_MULTISET,19,295,291,-4,const_ref:14; opcode:3; goto_swap:2,,,14,2,3,,,,
zombie/iso/TileOverlays,updateTileOverlaySprite,(Lzombie/iso/IsoObject;)V,SORTED_MULTISET,19,132,134,2,branch_target:16; goto_swap:1; opcode:1; var_slot:1,,16,,1,1,,,,1
zombie/ui/UITextBox2,onMouseDown,(DD)Ljava/lang/Boolean;,SORTED_MULTISET,19,201,200,-1,opcode:8; branch_target:3; return_swap:3; var_slot:3; goto_swap:1; orig_extra:1,,3,,1,8,1,,3,3
zombie/worldMap/WorldMapRenderer$Drawer,drawLineStringYYY,(Lzombie/worldMap/styles/WorldMapStyleLayer$RenderArgs;Lzombie/worldMap/WorldMapFeature;Lzombie/worldMap/styles/WorldMapStyleLayer$RGBAf;F)V,STRUCTURAL,19,136,135,-1,const_ref:13; goto_swap:3; branch_target:2; orig_extra:1,,2,13,3,,1,,,
zombie/audio/ObjectAmbientEmitters$WaterDripLogic,startPlaying,(Lzombie/audio/BaseSoundEmitter;J)V,STRUCTURAL,20,50,52,2,opcode:5; goto_swap:4; var_slot:4; recomp_extra:4; branch_target:2; return_swap:1,,2,,4,5,,4,1,4
zombie/iso/LightingThread,lambda$create$0,()V,SORTED_MULTISET,20,29,31,2,goto_swap:9; opcode:5; branch_target:2; branch_inv:2; var_slot:1; recomp_extra:1,2,2,,9,5,,1,,1
zombie/iso/objects/IsoWorldInventoryObject,updateSprite,()V,SORTED_MULTISET,20,94,96,2,opcode:11; var_slot:5; recomp_extra:2; branch_target:1; return_swap:1,,1,,,11,,2,1,5
zombie/core/skinnedmodel/HelperFunctions,getMatrix,()Lorg/lwjgl/util/vector/Matrix4f;,STRUCTURAL,21,27,25,-2,opcode:11; goto_swap:5; var_slot:2; branch_inv:1; return_swap:1; orig_extra:1,1,,,5,11,1,,1,2
zombie/inventory/InventoryItem,getReplaceOnUseOnString,()Ljava/lang/String;,SORTED_MULTISET,21,25,23,-2,const_ref:8; opcode:5; var_slot:4; orig_extra:2; branch_target:1; return_swap:1,,1,8,,5,2,,1,4
zombie/iso/objects/IsoBarricade,WeaponHit,(Lzombie/characters/IsoGameCharacter;Lzombie/inventory/types/HandWeapon;)V,STRUCTURAL,21,145,145,0,branch_target:17; branch_inv:2; goto_swap:1; const_ref:1,2,17,1,1,,,,,
zombie/iso/objects/IsoTrap,initSprite,(Lzombie/inventory/types/HandWeapon;)V,SORTED_MULTISET,21,80,82,2,opcode:10; var_slot:5; branch_target:3; recomp_extra:2; return_swap:1,,3,,,10,,2,1,5
zombie/network/FakeClientManager$Player,getNearestPlayer,()Lzombie/network/FakeClientManager$PlayerManager$RemotePlayer;,SORTED_MULTISET,21,46,44,-2,const_ref:11; var_slot:4; opcode:3; goto_swap:1; return_swap:1; orig_extra:1,,,11,1,3,1,,1,4
zombie/vehicles/PathFindState2,execute,(Lzombie/characters/IsoGameCharacter;)V,STRUCTURAL,21,93,93,0,const_ref:11; branch_target:7; goto_swap:3,,7,11,3,,,,,
zombie/core/skinnedmodel/HelperFunctions,returnMatrix,(Lorg/lwjgl/util/vector/Matrix4f;)V,STRUCTURAL,22,26,25,-1,opcode:14; goto_swap:3; var_slot:2; branch_inv:1; const_ref:1; orig_extra:1,1,,1,3,14,1,,,2
zombie/core/utils/ExpandableBooleanList,setValue,(IZ)V,SORTED_MULTISET,22,77,79,2,opcode:10; var_slot:4; recomp_extra:4; goto_swap:2; branch_target:1; return_swap:1,,1,,2,10,,4,1,4
zombie/network/ServerChunkLoader$SaveChunkThread,addLoadedJob,(Lzombie/iso/IsoChunk;)V,SORTED_MULTISET,22,45,46,1,const_ref:9; opcode:7; recomp_extra:3; var_slot:2; return_swap:1,,,9,,7,,3,1,2
zombie/popman/LoadedAreas,isOnEdge,(II)Z,STRUCTURAL,22,129,129,0,opcode:6; const_ref:5; var_slot:5; branch_target:2; goto_swap:2; branch_inv:1; return_swap:1,1,2,5,2,6,,,1,5
zombie/core/textures/TextureFBO,init,(Lzombie/interfaces/ITexture;Z)V,SORTED_MULTISET,23,21,29,8,opcode:9; var_slot:5; recomp_extra:4; const_ref:2; goto_swap:2; return_swap:1,,,2,2,9,,4,1,5
zombie/network/PlayerDownloadServer$WorkerThread,runInner,()V,SORTED_MULTISET,23,50,48,-2,opcode:8; var_slot:7; goto_swap:4; orig_extra:2; branch_target:1; return_swap:1,,1,,4,8,2,,1,7
zombie/chat/defaultChats/WhisperChat,init,()V,SORTED_MULTISET,24,48,47,-1,opcode:15; var_slot:4; goto_swap:2; return_swap:2; branch_target:1,,1,,2,15,,,2,4
zombie/inventory/CompressIdenticalItems,setCompareItem,(Lzombie/inventory/CompressIdenticalItems$PerThreadData;Lzombie/inventory/InventoryItem;)Z,SORTED_MULTISET,24,56,55,-1,var_slot:11; opcode:7; goto_swap:4; return_swap:2,,,,4,7,,,2,11
zombie/vehicles/BaseVehicle,checkCollision,(Lzombie/characters/IsoGameCharacter;)Lzombie/vehicles/BaseVehicle$HitVars;,STRUCTURAL,24,38,36,-2,const_ref:7; var_slot:6; opcode:5; return_swap:3; branch_target:1; goto_swap:1; orig_extra:1,,1,7,1,5,1,,3,6
zombie/gameStates/AnimationViewerState,fromLua1,(Ljava/lang/String;Ljava/lang/Object;)Ljava/lang/Object;,STRUCTURAL,25,24,22,-2,opcode:16; var_slot:7; orig_extra:2,,,,,16,2,,,7
zombie/gameStates/MainScreenState,exit,()V,STRUCTURAL,25,48,48,0,opcode:8; const_ref:7; goto_swap:5; var_slot:2; branch_target:1; return_swap:1; orig_extra:1,,1,7,5,8,1,,1,2
zombie/iso/IsoChunkMap,copy,(Lzombie/iso/IsoChunkMap;)V,STRUCTURAL,27,81,83,2,const_ref:21; var_slot:6,,,21,,,,,,6
zombie/network/FakeClientManager$ZombieSimulator,process,()V,STRUCTURAL,27,76,76,0,branch_target:8; var_slot:8; const_ref:7; opcode:4,,8,7,,4,,,,8
zombie/Lua/LuaManager$GlobalObject,proceedPM,(Ljava/lang/String;)Ljava/lang/String;,SORTED_MULTISET,28,40,39,-1,opcode:9; const_ref:7; var_slot:6; return_swap:3; branch_target:1; goto_swap:1; orig_extra:1,,1,7,1,9,1,,3,6
zombie/core/Core,getMaxTextureSizeFromOption,(I)I,SORTED_MULTISET,28,17,20,3,opcode:11; recomp_extra:7; goto_swap:6; var_slot:1; const_ref:1; branch_target:1; return_swap:1,,1,1,6,11,,7,1,1
zombie/core/raknet/UdpEngine,Connect,(Ljava/lang/String;ILjava/lang/String;Z)V,STRUCTURAL,28,50,48,-2,var_slot:12; opcode:6; return_swap:3; goto_swap:2; const_ref:2; orig_extra:2; branch_target:1,,1,2,2,6,2,,3,12
zombie/core/utils/BooleanGrid,setValue,(IIZ)V,SORTED_MULTISET,28,52,54,2,opcode:10; branch_target:6; recomp_extra:4; goto_swap:3; var_slot:3; const_ref:1; return_swap:1,,6,1,3,10,,4,1,3
zombie/gameStates/AttachmentEditorState,fromLua0,(Ljava/lang/String;)Ljava/lang/Object;,STRUCTURAL,28,24,22,-2,opcode:15; var_slot:9; return_swap:2; orig_extra:2,,,,,15,2,,2,9
zombie/network/NetChecksum$Comparer,update,()V,SORTED_MULTISET,28,28,25,-3,opcode:13; goto_swap:5; const_ref:3; orig_extra:3; var_slot:2; branch_target:1; return_swap:1,,1,3,5,13,3,,1,2
zombie/popman/NetworkZombieSimulator,added,()V,STRUCTURAL,28,71,71,0,branch_target:9; var_slot:8; const_ref:7; opcode:4,,9,7,,4,,,,8
zombie/vehicles/VehiclesDB2$SQLStore,isInDB,(I)Z,SORTED_MULTISET,28,35,31,-4,opcode:8; const_ref:5; var_slot:5; orig_extra:5; goto_swap:3; return_swap:2,,,5,3,8,5,,2,5
zombie/worldMap/editor/WorldMapEditorState,fromLua0,(Ljava/lang/String;)Ljava/lang/Object;,STRUCTURAL,28,24,22,-2,opcode:15; var_slot:9; return_swap:2; orig_extra:2,,,,,15,2,,2,9
zombie/audio/parameters/ParameterFootstepMaterial,getMaterial,()Lzombie/audio/parameters/ParameterFootstepMaterial$FootstepMaterial;,STRUCTURAL,29,87,85,-2,opcode:9; var_slot:6; branch_target:5; return_swap:3; const_ref:2; goto_swap:2; orig_extra:2,,5,2,2,9,2,,3,6
zombie/core/skinnedmodel/model/ModelOutlines,renderTexture,(Lzombie/interfaces/ITexture;IIII)V,SORTED_MULTISET,29,81,83,2,const_ref:18; var_slot:10; opcode:1,,,18,,1,,,,10
zombie/inventory/CompressIdenticalItems,areItemsIdentical,(Lzombie/inventory/CompressIdenticalItems$PerThreadData;Lzombie/inventory/InventoryItem;Lzombie/inventory/InventoryItem;)Z,FUZZY_COMPUTATION,29,146,149,3,var_slot:11; opcode:8; goto_swap:4; recomp_extra:4; return_swap:2,,,,4,8,,4,2,11
zombie/savefile/PlayerDB$SQLPlayerStore,isInDB,(I)Z,SORTED_MULTISET,29,35,31,-4,opcode:8; const_ref:6; var_slot:5; orig_extra:5; goto_swap:3; return_swap:2,,,6,3,8,5,,2,5
zombie/worldMap/WorldMapRenderer$Drawer,outlinePolygon,(Lzombie/worldMap/WorldMapGeometry;FFF)V,SORTED_MULTISET,29,102,106,4,const_ref:21; branch_target:4; opcode:2; var_slot:2,,4,21,,2,,,,2
zombie/core/skinnedmodel/advancedanimation/AnimLayer,<clinit>,()V,SORTED_MULTISET,30,33,41,8,opcode:29; const_ref:1,,,1,,29,,,,
zombie/core/textures/ImageData,setData,(Lzombie/core/textures/Pcx;)V,SORTED_MULTISET,30,105,105,0,const_ref:11; opcode:11; branch_target:4; var_slot:3; goto_swap:1,,4,11,1,11,,,,3
zombie/network/chat/ChatServer,processMessageFromPlayerPacket,(Ljava/nio/ByteBuffer;)V,FUZZY_COMPUTATION,30,47,45,-2,opcode:9; const_ref:8; var_slot:6; goto_swap:3; return_swap:2; orig_extra:2,,,8,3,9,2,,2,6
zombie/MapGroups,getLotDirectories,(Ljava/lang/String;)Ljava/util/ArrayList;,STRUCTURAL,31,72,70,-2,const_ref:23; return_swap:3; opcode:2; goto_swap:1; var_slot:1; orig_extra:1,,,23,1,2,1,,3,1
zombie/characters/IsoPlayer,getControllerAimDir,(Lzombie/iso/Vector2;)Lzombie/iso/Vector2;,STRUCTURAL,31,74,72,-2,const_ref:11; opcode:6; branch_target:4; var_slot:4; return_swap:3; branch_inv:1; goto_swap:1; orig_extra:1,1,4,11,1,6,1,,3,4
zombie/iso/IsoChunkMap,processAllLoadGridSquare,()V,FUZZY_COMPUTATION,31,52,50,-2,const_ref:11; opcode:7; goto_swap:5; var_slot:3; branch_target:2; orig_extra:2; return_swap:1,,2,11,5,7,2,,1,3
zombie/worldMap/WorldMapRenderer$Drawer,outlineTriangles,(Lzombie/worldMap/WorldMapGeometry;FFF)V,SORTED_MULTISET,31,158,160,2,const_ref:29; opcode:1; var_slot:1,,,29,,1,,,,1
zombie/ZomboidFileSystem,getString,(Ljava/lang/String;)Ljava/lang/String;,STRUCTURAL,32,42,40,-2,var_slot:14; opcode:9; const_ref:5; orig_extra:2; branch_target:1; return_swap:1,,1,5,,9,2,,1,14
zombie/fileSystem/FileSystemImpl,runAsync,(Lzombie/fileSystem/FileSystemImpl$AsyncItem;)I,SORTED_MULTISET,32,45,44,-1,opcode:18; var_slot:8; goto_swap:3; branch_inv:1; return_swap:1; orig_extra:1,1,,,3,18,1,,1,8
zombie/iso/ChunkSaveWorker,Update,(Lzombie/iso/IsoChunk;)V,STRUCTURAL,32,54,56,2,opcode:13; var_slot:11; branch_target:5; branch_inv:1; return_swap:1; goto_swap:1,1,5,,1,13,,,1,11
zombie/ZomboidFileSystem,isKnownFile,(Ljava/lang/String;)Z,STRUCTURAL,33,42,40,-2,var_slot:14; opcode:10; const_ref:5; orig_extra:2; branch_target:1; return_swap:1,,1,5,,10,2,,1,14
zombie/ai/states/BumpedState,enter,(Lzombie/characters/IsoGameCharacter;)V,SORTED_MULTISET,33,77,76,-1,opcode:17; var_slot:11; goto_swap:2; branch_target:1; return_swap:1; recomp_extra:1,,1,,2,17,,1,1,11
zombie/ai/states/SwipeStatePlayer,shouldIgnoreProneZombies,(Lzombie/characters/IsoGameCharacter;Ljava/util/ArrayList;F)Z,SORTED_MULTISET,33,67,69,2,opcode:16; var_slot:8; goto_swap:4; branch_target:3; recomp_extra:2,,3,,4,16,,2,,8
zombie/core/physics/CarController,<clinit>,()V,SORTED_MULTISET,33,40,42,2,opcode:30; const_ref:3,,,3,,30,,,,
zombie/iso/SpawnPoints,parseServerSpawnPoint,()Z,SORTED_MULTISET,33,72,72,0,opcode:16; var_slot:4; return_swap:4; goto_swap:3; branch_target:2; const_ref:2; branch_inv:1; recomp_extra:1,1,2,2,3,16,,1,4,4
zombie/iso/objects/IsoBarricade,Damage,(I)V,SORTED_MULTISET,33,75,76,1,opcode:12; branch_target:7; var_slot:6; goto_swap:3; const_ref:2; recomp_extra:2; return_swap:1,,7,2,3,12,,2,1,6
zombie/iso/objects/IsoMolotovCocktail,Explode,()V,SORTED_MULTISET,33,53,51,-2,opcode:15; var_slot:9; return_swap:3; branch_target:2; branch_inv:1; goto_swap:1; const_ref:1; orig_extra:1,1,2,1,1,15,1,,3,9
zombie/network/ServerMap,getRandomSquareFromCell,(II)Lzombie/iso/IsoGridSquare;,SORTED_MULTISET,33,66,68,2,var_slot:13; opcode:13; const_ref:4; recomp_extra:2; return_swap:1,,,4,,13,,2,1,13
zombie/core/raknet/TestClient,decode,(Ljava/nio/ByteBuffer;)V,STRUCTURAL,34,88,87,-1,opcode:20; branch_target:12; goto_swap:1; orig_extra:1,,12,,1,20,1,,,
zombie/core/textures/PNGDecoder,<init>,(Ljava/io/InputStream;Z)V,SORTED_MULTISET,34,90,89,-1,opcode:21; var_slot:6; goto_swap:5; return_swap:1; orig_extra:1,,,,5,21,1,,1,6
zombie/core/znet/SteamWorkshopItem,validateMediaFolder,(Ljava/nio/file/Path;)Ljava/lang/String;,STRUCTURAL,34,54,52,-2,opcode:9; var_slot:8; goto_swap:7; return_swap:5; branch_target:4; recomp_extra:1,,4,,7,9,,1,5,8
zombie/fileSystem/FileSystemImpl,cancelAsync,(I)V,SORTED_MULTISET,34,86,85,-1,opcode:17; var_slot:9; goto_swap:5; branch_inv:1; branch_target:1; orig_extra:1,1,1,,5,17,1,,,9
zombie/iso/objects/IsoFire,update,()V,SORTED_MULTISET,34,435,434,-1,branch_target:21; opcode:9; goto_swap:3; var_slot:1,,21,,3,9,,,,1
zombie/network/GameServer,lambda$launchCommandHandler$1,()V,SORTED_MULTISET,34,38,39,1,opcode:12; const_ref:10; goto_swap:6; var_slot:5; branch_target:1,,1,10,6,12,,,,5
zombie/scripting/ScriptParser$Block,getBlock,(Ljava/lang/String;Ljava/lang/String;)Lzombie/scripting/ScriptParser$Block;,SORTED_MULTISET,34,29,34,5,opcode:15; var_slot:11; goto_swap:4; recomp_extra:4,,,,4,15,,4,,11
zombie/Lua/LuaManager$GlobalObject,deleteAllGameModeSaves,(Ljava/lang/String;)V,CORE_OPS_ONLY,35,27,31,4,opcode:17; var_slot:8; recomp_extra:4; goto_swap:3; return_swap:2; const_ref:1,,,1,3,17,,4,2,8
zombie/core/Clipboard,getClipboard,()Ljava/lang/String;,SORTED_MULTISET,35,33,39,6,opcode:17; var_slot:9; return_swap:4; recomp_extra:3; branch_target:1; goto_swap:1,,1,,1,17,,3,4,9
zombie/core/textures/TextureCombiner,createTexture,(II)Lzombie/core/textures/Texture;,SORTED_MULTISET,35,88,90,2,const_ref:31; opcode:4,,,31,,4,,,,
zombie/iso/objects/IsoWorldInventoryObject,load,(Ljava/nio/ByteBuffer;IZ)V,SORTED_MULTISET,35,181,183,2,branch_target:14; opcode:11; var_slot:5; recomp_extra:2; goto_swap:1; const_ref:1; return_swap:1,,14,1,1,11,,2,1,5
zombie/iso/areas/IsoBuilding,hasWater,()Z,SORTED_MULTISET,36,43,40,-3,opcode:13; var_slot:10; goto_swap:7; branch_target:2; return_swap:2; branch_inv:1; recomp_extra:1,1,2,,7,13,,1,2,10
zombie/ai/GameCharacterAIBrain,HasBlockedMemory,(IIIIII)Z,SORTED_MULTISET,37,118,116,-2,const_ref:27; opcode:4; var_slot:3; goto_swap:1; return_swap:1; orig_extra:1,,,27,1,4,1,,1,3
zombie/core/skinnedmodel/HelperFunctions,CreateFromQuaternionPositionScale,(Lorg/lwjgl/util/vector/Vector3f;Lorg/lwjgl/util/vector/Quaternion;Lorg/lwjgl/util/vector/Vector3f;Lorg/lwjgl/util/vector/Matrix4f;Lorg/lwjgl/util/vector/Matrix4f;Lorg/lwjgl/util/vector/Matrix4f;Lorg/lwjgl/util/vector/Matrix4f;)V,STRUCTURAL,37,38,32,-6,var_slot:16; opcode:13; orig_extra:6; const_ref:1; return_swap:1,,,1,,13,6,,1,16
zombie/inventory/types/Moveable,ReadFromWorldSprite,(Ljava/lang/String;)Z,STRUCTURAL,37,335,337,2,branch_target:23; const_ref:10; opcode:2; var_slot:2,,23,10,,2,,,,2
zombie/iso/IsoChunk,RandomizeModel,(Lzombie/vehicles/BaseVehicle;Lzombie/iso/IsoMetaGrid$Zone;Ljava/lang/String;Lzombie/vehicles/VehicleType;)Z,STRUCTURAL,37,87,85,-2,const_ref:25; opcode:5; return_swap:3; var_slot:2; goto_swap:1; orig_extra:1,,,25,1,5,1,,3,2
zombie/iso/IsoCell,getRelativeGridSquare,(III)Lzombie/iso/IsoGridSquare;,SORTED_MULTISET,38,40,44,4,opcode:18; var_slot:14; recomp_extra:4; const_ref:1; return_swap:1,,,1,,18,,4,1,14
zombie/ui/UITextBox2,Paginate,()V,STRUCTURAL,38,210,210,0,branch_target:12; var_slot:12; opcode:9; goto_swap:5,,12,,5,9,,,,12
zombie/ai/states/ClimbOverWallState,getFence,(Lzombie/characters/IsoGameCharacter;)Lzombie/iso/IsoObject;,STRUCTURAL,39,74,74,0,opcode:15; var_slot:8; goto_swap:6; recomp_extra:6; branch_target:2; branch_inv:1; return_swap:1,1,2,,6,15,,6,1,8
zombie/iso/IsoChunk,LoadOrCreate,(IILjava/nio/ByteBuffer;)Z,STRUCTURAL,39,72,72,0,const_ref:24; opcode:6; var_slot:4; branch_target:3; return_swap:2,,3,24,,6,,,2,4
zombie/iso/IsoMovingObject,canHaveMultipleHits,()B,STRUCTURAL,39,111,110,-1,const_ref:18; branch_target:5; opcode:5; goto_swap:3; var_slot:3; return_swap:3; branch_inv:1; orig_extra:1,1,5,18,3,5,1,,3,3
zombie/core/textures/ImageData,setData,(Ljava/awt/image/Raster;)V,SORTED_MULTISET,40,126,126,0,opcode:15; const_ref:14; branch_target:6; var_slot:3; goto_swap:2,,6,14,2,15,,,,3
zombie/core/raknet/VoiceManager$3,call,(Lse/krka/kahlua/vm/LuaCallFrame;I)I,STRUCTURAL,41,49,49,0,opcode:19; var_slot:15; return_swap:2; goto_swap:2; branch_target:1; branch_inv:1; const_ref:1,1,1,1,2,19,,,2,15
zombie/iso/IsoCell,getChunkForGridSquare,(III)Lzombie/iso/IsoChunk;,SORTED_MULTISET,41,74,74,0,var_slot:15; opcode:15; branch_target:3; goto_swap:3; return_swap:3; branch_inv:1; orig_extra:1,1,3,,3,15,1,,3,15
zombie/core/IndieFileLoader,getStreamReader,(Ljava/lang/String;Z)Ljava/io/InputStreamReader;,SORTED_MULTISET,42,39,43,4,opcode:22; var_slot:13; goto_swap:4; recomp_extra:2; return_swap:1,,,,4,22,,2,1,13
zombie/core/znet/SteamWorkshopItem,validatePreviewImage,(Ljava/nio/file/Path;)Ljava/lang/String;,STRUCTURAL,42,86,84,-2,var_slot:14; opcode:10; goto_swap:9; return_swap:5; const_ref:2; branch_target:1; recomp_extra:1,,1,2,9,10,,1,5,14
zombie/iso/IsoMetaGrid,getRandomRoomNotInRange,(FFI)Lzombie/iso/RoomDef;,SORTED_MULTISET,42,37,41,4,opcode:25; var_slot:10; recomp_extra:4; const_ref:2; return_swap:1,,,2,,25,,4,1,10
zombie/characters/IsoGameCharacter,shouldBecomeZombieAfterDeath,()Z,SORTED_MULTISET,43,45,39,-6,opcode:15; const_ref:9; orig_extra:6; var_slot:4; goto_swap:4; return_swap:4; branch_target:1,,1,9,4,15,6,,4,4
zombie/core/Collections/NonBlockingSetInt$NBSI,add,(I)Z,SORTED_MULTISET,44,72,74,2,opcode:23; var_slot:12; return_swap:5; const_ref:2; recomp_extra:2,,,2,,23,,2,5,12
zombie/gameStates/DebugGlobalObjectState,renderScene,()V,SORTED_MULTISET,44,127,129,2,const_ref:37; branch_target:5; opcode:1; var_slot:1,,5,37,,1,,,,1
zombie/iso/IsoCell,getRandomOutdoorTile,()Lzombie/iso/IsoGridSquare;,SORTED_MULTISET,44,42,44,2,opcode:29; var_slot:12; recomp_extra:2; return_swap:1,,,,,29,,2,1,12
zombie/network/PassengerMap,clientReceivePacket,(Ljava/nio/ByteBuffer;)V,STRUCTURAL,44,60,59,-1,var_slot:17; opcode:16; goto_swap:3; branch_target:2; const_ref:2; orig_extra:2; branch_inv:1; return_swap:1,1,2,2,3,16,2,,1,17
zombie/radio/StorySounds/SLSoundManager,updateKeys,()V,STRUCTURAL,44,38,37,-1,const_ref:19; var_slot:12; branch_target:4; opcode:3; goto_swap:3; orig_extra:2; return_swap:1,,4,19,3,3,2,,1,12
zombie/core/textures/Texture,renderwallnw,(FFFFIIIIII)V,SORTED_MULTISET,45,221,225,4,const_ref:39; branch_target:2; opcode:2; var_slot:2,,2,39,,2,,,,2
zombie/network/FakeClientManager$Client,getBooleanVariables,()I,FUZZY_COMPUTATION,45,43,43,0,opcode:17; var_slot:9; const_ref:8; goto_swap:8; branch_target:1; return_swap:1; recomp_extra:1,,1,8,8,17,,1,1,9
zombie/core/Collections/NonBlockingSetInt$NBSI,remove,(I)Z,SORTED_MULTISET,46,77,79,2,opcode:25; var_slot:12; return_swap:5; const_ref:2; recomp_extra:2,,,2,,25,,2,5,12
zombie/iso/objects/IsoCarBatteryCharger,configureSprite,(Lzombie/inventory/InventoryItem;Lzombie/iso/sprite/IsoSprite;)Lzombie/iso/sprite/IsoSprite;,SORTED_MULTISET,46,92,94,2,var_slot:21; branch_target:11; opcode:10; recomp_extra:2; const_ref:1; return_swap:1,,11,1,,10,,2,1,21
zombie/characters/IsoGameCharacter,startPlaybackGameVariables,()Lzombie/core/skinnedmodel/advancedanimation/AnimationVariableSource;,STRUCTURAL,47,66,65,-1,const_ref:24; opcode:10; branch_target:4; var_slot:4; goto_swap:3; return_swap:1; orig_extra:1,,4,24,3,10,1,,1,4
zombie/core/raknet/UdpConnection,calcCountPlayersInRelevantPosition,()V,STRUCTURAL,47,56,55,-1,var_slot:14; opcode:13; const_ref:8; goto_swap:7; branch_target:2; branch_inv:1; return_swap:1; orig_extra:1,1,2,8,7,13,1,,1,14
zombie/globalObjects/SGlobalObjectSystem,load,()V,SORTED_MULTISET,47,128,124,-4,opcode:13; var_slot:11; goto_swap:9; branch_target:5; const_ref:4; orig_extra:4; return_swap:1,,5,4,9,13,4,,1,11
zombie/core/textures/Texture,split2D,([I[I)[[Lzombie/core/textures/Texture;,SORTED_MULTISET,48,93,97,4,const_ref:44; opcode:2; var_slot:2,,,44,,2,,,,2
zombie/radio/RadioDebugConsole,update,()V,STRUCTURAL,48,66,65,-1,const_ref:19; var_slot:12; branch_target:8; opcode:3; goto_swap:3; orig_extra:2; return_swap:1,,8,19,3,3,2,,1,12
zombie/radio/RadioXmlReader,createGlobal,(Ljava/lang/String;Ljava/lang/String;Ljava/lang/String;)Lzombie/radio/globals/RadioGlobal;,STRUCTURAL,48,50,50,0,opcode:27; var_slot:10; return_swap:8; branch_target:2; branch_inv:1,1,2,,,27,,,8,10
zombie/vehicles/test_IsQuadranglesAreTransposed,testIsQuadranglesAreTransposed_13,()V,SORTED_MULTISET,48,54,58,4,opcode:36; var_slot:8; const_ref:4,,,4,,36,,,,8
zombie/iso/IsoObjectPicker,PickCorpse,(II)Lzombie/iso/IsoObject;,STRUCTURAL,50,106,105,-1,opcode:21; var_slot:12; branch_target:5; goto_swap:5; return_swap:5; branch_inv:1; orig_extra:1,1,5,,5,21,1,,5,12
zombie/iso/weather/fx/WeatherFxMask,scanForTiles,(I)V,STRUCTURAL,50,147,147,0,const_ref:49; branch_target:1,,1,49,,,,,,
zombie/network/FakeClientManager$Client,update,()V,STRUCTURAL,50,142,141,-1,const_ref:35; branch_target:12; opcode:1; goto_swap:1; orig_extra:1,,12,35,1,1,1,,,
zombie/network/GameServerWorkshopItems,QueryItemDetails,(Ljava/util/ArrayList;)Z,STRUCTURAL,50,78,78,0,opcode:16; var_slot:14; goto_swap:11; const_ref:4; return_swap:3; branch_target:1; orig_extra:1,,1,4,11,16,1,,3,14
zombie/vehicles/CollideWithObstacles$CCObjectOutline,setWest,(III[[Lzombie/vehicles/CollideWithObstacles$CCObjectOutline;)V,STRUCTURAL,50,73,71,-2,opcode:16; var_slot:15; const_ref:11; goto_swap:4; orig_extra:2; branch_inv:1; return_swap:1,1,,11,4,16,2,,1,15
zombie/vehicles/CollideWithObstacles$CCObjectOutline,setNorth,(III[[Lzombie/vehicles/CollideWithObstacles$CCObjectOutline;)V,STRUCTURAL,50,73,71,-2,opcode:16; var_slot:15; const_ref:11; goto_swap:4; orig_extra:2; branch_inv:1; return_swap:1,1,,11,4,16,2,,1,15
zombie/vehicles/PolygonalMap2$ObjectOutline,setWest,(III[[Lzombie/vehicles/PolygonalMap2$ObjectOutline;)V,STRUCTURAL,50,73,71,-2,opcode:16; var_slot:15; const_ref:11; goto_swap:4; orig_extra:2; branch_inv:1; return_swap:1,1,,11,4,16,2,,1,15
zombie/vehicles/PolygonalMap2$ObjectOutline,setNorth,(III[[Lzombie/vehicles/PolygonalMap2$ObjectOutline;)V,STRUCTURAL,50,73,71,-2,opcode:16; var_slot:15; const_ref:11; goto_swap:4; orig_extra:2; branch_inv:1; return_swap:1,1,,11,4,16,2,,1,15
zombie/SandboxOptions,load,(Ljava/nio/ByteBuffer;)V,STRUCTURAL,51,133,134,1,const_ref:29; branch_target:11; var_slot:9; goto_swap:1; recomp_extra:1,,11,29,1,,,1,,9
zombie/iso/objects/IsoDeadBody,updateRotting,(FFZ)V,SORTED_MULTISET,51,278,279,1,branch_target:30; const_ref:18; goto_swap:3,,30,18,3,,,,,
zombie/network/GameClient,lambda$startLocalServer$0,()V,SORTED_MULTISET,51,78,80,2,const_ref:23; opcode:10; goto_swap:10; var_slot:4; recomp_extra:2; branch_target:1; return_swap:1,,1,23,10,10,,2,1,4
zombie/ai/states/SwipeStatePlayer,isProneTargetBetter,(Lzombie/characters/IsoGameCharacter;Lzombie/network/packets/hit/HitInfo;Lzombie/network/packets/hit/HitInfo;)Z,SORTED_MULTISET,52,64,68,4,opcode:30; var_slot:13; recomp_extra:4; return_swap:3; const_ref:1; goto_swap:1,,,1,1,30,,4,3,13
zombie/SandboxOptions,load,()V,SORTED_MULTISET,53,78,80,2,const_ref:22; var_slot:10; opcode:9; goto_swap:8; return_swap:2; recomp_extra:2,,,22,8,9,,2,2,10
zombie/core/skinnedmodel/population/OutfitManager,debugOutfit,(Lzombie/core/skinnedmodel/population/Outfit;)V,STRUCTURAL,53,61,62,1,opcode:24; var_slot:16; goto_swap:9; branch_target:2; branch_inv:1; orig_extra:1,1,2,,9,24,1,,,16
zombie/iso/objects/IsoFireManager$FireSounds$Slot,playSound,(Lzombie/iso/objects/IsoFire;)V,STRUCTURAL,53,91,93,2,opcode:30; var_slot:12; goto_swap:6; recomp_extra:4; return_swap:1,,,,6,30,,4,1,12
zombie/profanity/ProfanityFilter,filterString,(Ljava/lang/String;)Ljava/lang/String;,STRUCTURAL,54,77,73,-4,opcode:21; var_slot:12; branch_target:6; const_ref:4; goto_swap:4; orig_extra:4; return_swap:3,,6,4,4,21,4,,3,12
zombie/characters/action/ActionContext,setPlaybackStateSnapshot,(Lzombie/characters/action/ActionStateSnapshot;)V,SORTED_MULTISET,55,84,83,-1,var_slot:23; opcode:20; goto_swap:5; branch_target:4; return_swap:1; const_ref:1; orig_extra:1,,4,1,5,20,1,,1,23
zombie/erosion/categories/NatureTrees,init,()V,STRUCTURAL,55,294,294,0,const_ref:52; branch_target:3,,3,52,,,,,,
zombie/network/ServerWorldDatabase,changePwd,(Ljava/lang/String;Ljava/lang/String;Ljava/lang/String;)Ljava/lang/String;,STRUCTURAL,55,53,49,-4,opcode:22; var_slot:19; const_ref:7; orig_extra:4; return_swap:3,,,7,,22,4,,3,19
zombie/vehicles/AttackVehicleState,isPassengerExposed,(Lzombie/characters/IsoGameCharacter;)Z,FUZZY_COMPUTATION,55,80,82,2,opcode:20; var_slot:17; goto_swap:9; const_ref:4; branch_target:2; branch_inv:1; return_swap:1; orig_extra:1,1,2,4,9,20,1,,1,17
zombie/network/chat/ChatServer,removeFactionChat,(Ljava/lang/String;)V,SORTED_MULTISET,56,54,56,2,opcode:31; var_slot:19; goto_swap:2; recomp_extra:2; const_ref:1; return_swap:1,,,1,2,31,,2,1,19
zombie/network/chat/ChatServer,removeSafehouseChat,(Ljava/lang/String;)V,SORTED_MULTISET,56,54,56,2,opcode:31; var_slot:19; goto_swap:2; recomp_extra:2; const_ref:1; return_swap:1,,,1,2,31,,2,1,19
zombie/popman/NetworkZombiePacker,getZombieData,(Lzombie/core/raknet/UdpConnection;Ljava/nio/ByteBuffer;)I,STRUCTURAL,57,110,111,1,const_ref:19; var_slot:13; opcode:12; branch_target:5; goto_swap:5; branch_inv:1; return_swap:1; orig_extra:1,1,5,19,5,12,1,,1,13
zombie/characters/IsoZombie,lambda$registerVariableCallbacks$9,()Ljava/lang/Boolean;,STRUCTURAL,58,124,123,-1,const_ref:27; opcode:14; var_slot:6; branch_target:3; goto_swap:3; return_swap:3; branch_inv:1; orig_extra:1,1,3,27,3,14,1,,3,6
zombie/network/GameServerWorkshopItems,Install,(Ljava/util/ArrayList;)Z,STRUCTURAL,58,119,119,0,opcode:27; var_slot:18; goto_swap:7; return_swap:3; branch_target:1; const_ref:1; orig_extra:1,,1,1,7,27,1,,3,18
zombie/savefile/PlayerDBHelper,isPlayerAlive,(Ljava/lang/String;I)Z,SORTED_MULTISET,58,114,114,0,opcode:20; var_slot:14; goto_swap:9; const_ref:9; return_swap:3; branch_inv:1; branch_target:1; recomp_extra:1,1,1,9,9,20,,1,3,14
zombie/iso/IsoObject,renderOverlaySprites,(FFFLzombie/core/textures/ColorInfo;)V,SORTED_MULTISET,59,101,102,1,opcode:22; var_slot:16; const_ref:9; branch_target:6; goto_swap:3; recomp_extra:2; return_swap:1,,6,9,3,22,,2,1,16
zombie/worldMap/WorldMapRenderer,intersect_ray_plane,(Lzombie/vehicles/UI3DScene$Plane;Lzombie/vehicles/UI3DScene$Ray;Lorg/joml/Vector3f;)I,STRUCTURAL,59,93,93,0,opcode:21; const_ref:17; var_slot:16; return_swap:4; branch_inv:1,1,,17,,21,,,4,16
zombie/SandboxOptions,newCustomOption,(Lzombie/sandbox/CustomSandboxOption;)V,STRUCTURAL,60,107,108,1,const_ref:48; branch_target:6; goto_swap:5; recomp_extra:1,,6,48,5,,,1,,
zombie/gameStates/AttachmentEditorState,fromLua1,(Ljava/lang/String;Ljava/lang/Object;)Ljava/lang/Object;,STRUCTURAL,60,51,49,-2,opcode:36; var_slot:20; return_swap:2; orig_extra:2,,,,,36,2,,2,20
zombie/gameStates/DebugChunkState,fromLua2,(Ljava/lang/String;Ljava/lang/Object;Ljava/lang/Object;)Ljava/lang/Object;,STRUCTURAL,60,53,51,-2,opcode:38; var_slot:18; return_swap:2; orig_extra:2,,,,,38,2,,2,18
zombie/gameStates/DebugGlobalObjectState,fromLua2,(Ljava/lang/String;Ljava/lang/Object;Ljava/lang/Object;)Ljava/lang/Object;,STRUCTURAL,60,53,51,-2,opcode:38; var_slot:18; return_swap:2; orig_extra:2,,,,,38,2,,2,18
zombie/vehicles/EditVehicleState,fromLua1,(Ljava/lang/String;Ljava/lang/Object;)Ljava/lang/Object;,STRUCTURAL,60,51,49,-2,opcode:36; var_slot:20; return_swap:2; orig_extra:2,,,,,36,2,,2,20
zombie/commands/CommandBase,parseCommand,()Z,SORTED_MULTISET,61,202,201,-1,const_ref:41; opcode:9; var_slot:5; goto_swap:4; branch_target:2,,2,41,4,9,,,,5
zombie/core/znet/SteamWorkshopItem,getAllowedTags,()Ljava/util/ArrayList;,SORTED_MULTISET,61,59,61,2,opcode:22; var_slot:21; goto_swap:14; recomp_extra:2; const_ref:1; return_swap:1,,,1,14,22,,2,1,21
zombie/iso/CellLoader,LoadCellBinaryChunk,(Lzombie/iso/sprite/IsoSpriteManager;II)Lzombie/iso/IsoCell;,SORTED_MULTISET,61,148,148,0,const_ref:30; var_slot:12; opcode:12; branch_target:7,,7,30,,12,,,,12
zombie/iso/IsoObject,getNew,(Lzombie/iso/IsoGridSquare;Ljava/lang/String;Ljava/lang/String;Z)Lzombie/iso/IsoObject;,SORTED_MULTISET,62,57,59,2,opcode:28; var_slot:21; goto_swap:6; const_ref:4; recomp_extra:2; return_swap:1,,,4,6,28,,2,1,21
zombie/network/FakeClientManager$Network,decode,(Ljava/nio/ByteBuffer;)V,STRUCTURAL,62,158,156,-2,const_ref:22; opcode:17; var_slot:12; branch_target:6; orig_extra:3; goto_swap:1; return_swap:1,,6,22,1,17,3,,1,12
zombie/scripting/ScriptParser,parseTokens,(Ljava/lang/String;)Ljava/util/ArrayList;,STRUCTURAL,62,82,82,0,opcode:28; var_slot:23; goto_swap:5; const_ref:3; branch_target:1; return_swap:1; orig_extra:1,,1,3,5,28,1,,1,23
zombie/scripting/ScriptParsingUtils,SplitExceptInbetween,(Ljava/lang/String;Ljava/lang/String;Ljava/lang/String;Ljava/lang/String;)[Ljava/lang/String;,STRUCTURAL,62,216,214,-2,opcode:25; var_slot:20; branch_target:9; const_ref:4; goto_swap:2; orig_extra:2,,9,4,2,25,2,,,20
zombie/core/skinnedmodel/ModelManager,initAnimationMeshes,(Z)V,STRUCTURAL,63,100,101,1,const_ref:61; branch_target:2,,2,61,,,,,,
zombie/randomizedWorld/randomizedDeadSurvivor/RDSZombieLockedBathroom,randomizeDeadSurvivor,(Lzombie/iso/BuildingDef;)V,STRUCTURAL,63,152,151,-1,opcode:20; var_slot:14; goto_swap:13; branch_target:6; const_ref:6; return_swap:2; branch_inv:1; orig_extra:1,1,6,6,13,20,1,,2,14
zombie/vehicles/test_IsQuadranglesAreTransposed,testIsQuadranglesAreTransposed_5,()V,SORTED_MULTISET,63,68,72,4,opcode:52; var_slot:10; const_ref:1,,,1,,52,,,,10
zombie/core/skinnedmodel/animation/StaticAnimation,getPose,()V,STRUCTURAL,64,109,108,-1,opcode:28; var_slot:19; goto_swap:11; branch_target:3; const_ref:2; orig_extra:1,,3,2,11,28,1,,,19
zombie/core/skinnedmodel/model/CharacterMask$Part,getBloodBodyPartTypes,()[Lzombie/characterTextures/BloodBodyPartType;,STRUCTURAL,64,146,145,-1,opcode:27; var_slot:15; branch_target:11; goto_swap:9; return_swap:1; orig_extra:1,,11,,9,27,1,,1,15
zombie/erosion/season/ErosionIceQueen,setRoofSnow,()V,STRUCTURAL,64,431,429,-2,opcode:26; var_slot:24; goto_swap:11; branch_target:1; const_ref:1; orig_extra:1,,1,1,11,26,1,,,24
zombie/vehicles/test_IsQuadranglesAreTransposed,testIsQuadranglesAreTransposed_1,()V,SORTED_MULTISET,64,68,72,4,opcode:52; var_slot:10; const_ref:2,,,2,,52,,,,10
zombie/vehicles/test_IsQuadranglesAreTransposed,testIsQuadranglesAreTransposed_4,()V,SORTED_MULTISET,64,68,72,4,opcode:50; var_slot:10; const_ref:4,,,4,,50,,,,10
zombie/vehicles/test_IsQuadranglesAreTransposed,testIsQuadranglesAreTransposed_7,()V,SORTED_MULTISET,64,68,72,4,opcode:48; var_slot:10; const_ref:6,,,6,,48,,,,10
zombie/vehicles/test_IsQuadranglesAreTransposed,testIsQuadranglesAreTransposed_8,()V,SORTED_MULTISET,64,68,72,4,opcode:52; var_slot:10; const_ref:2,,,2,,52,,,,10
zombie/vehicles/test_IsQuadranglesAreTransposed,testIsQuadranglesAreTransposed_10,()V,SORTED_MULTISET,64,68,72,4,opcode:50; var_slot:10; const_ref:4,,,4,,50,,,,10
zombie/vehicles/test_IsQuadranglesAreTransposed,testIsQuadranglesAreTransposed_11,()V,SORTED_MULTISET,64,68,72,4,opcode:48; var_slot:10; const_ref:6,,,6,,48,,,,10
zombie/characters/action/ActionGroup,loadGroupData,(Ljava/io/File;)V,STRUCTURAL,65,100,99,-1,opcode:29; var_slot:21; goto_swap:9; branch_target:5; branch_inv:1,1,5,,9,29,,,,21
zombie/vehicles/test_IsQuadranglesAreTransposed,testIsQuadranglesAreTransposed_2,()V,SORTED_MULTISET,65,68,72,4,opcode:52; var_slot:10; const_ref:3,,,3,,52,,,,10
zombie/vehicles/test_IsQuadranglesAreTransposed,testIsQuadranglesAreTransposed_3,()V,SORTED_MULTISET,65,68,72,4,opcode:52; var_slot:10; const_ref:3,,,3,,52,,,,10
zombie/vehicles/test_IsQuadranglesAreTransposed,testIsQuadranglesAreTransposed_6,()V,SORTED_MULTISET,65,68,72,4,opcode:52; var_slot:10; const_ref:3,,,3,,52,,,,10
zombie/vehicles/test_IsQuadranglesAreTransposed,testIsQuadranglesAreTransposed_9,()V,SORTED_MULTISET,65,68,72,4,opcode:52; var_slot:10; const_ref:3,,,3,,52,,,,10
zombie/world/DictionaryData,load,()V,SORTED_MULTISET,65,69,68,-1,var_slot:22; opcode:20; const_ref:12; goto_swap:6; branch_target:2; return_swap:2; orig_extra:1,,2,12,6,20,1,,2,22
zombie/GameWindow,InitDisplay,()V,SORTED_MULTISET,66,98,100,2,const_ref:64; opcode:2,,,64,,2,,,,
zombie/characters/IsoPlayer,calculateContext,()V,STRUCTURAL,66,412,412,0,const_ref:60; goto_swap:3; branch_target:2; orig_extra:1,,2,60,3,,1,,,
zombie/iso/objects/IsoFire,render,(FFFLzombie/core/textures/ColorInfo;ZZLzombie/core/opengl/Shader;)V,STRUCTURAL,66,95,94,-1,opcode:31; var_slot:19; goto_swap:5; const_ref:5; branch_target:3; branch_inv:1; return_swap:1; orig_extra:1,1,3,5,5,31,1,,1,19
zombie/iso/objects/IsoZombieHead,<init>,(Lzombie/iso/objects/IsoZombieHead$GibletType;Lzombie/iso/IsoCell;FFF)V,SORTED_MULTISET,66,78,90,12,opcode:31; recomp_extra:12; var_slot:11; const_ref:10; goto_swap:1; return_swap:1,,,10,1,31,,12,1,11
zombie/vehicles/test_IsQuadranglesAreTransposed,testIsQuadranglesAreTransposed_12,()V,SORTED_MULTISET,66,68,72,4,opcode:48; var_slot:10; const_ref:8,,,8,,48,,,,10
zombie/iso/objects/IsoDeadBody,Burn,()V,SORTED_MULTISET,68,84,84,0,opcode:38; var_slot:18; goto_swap:4; branch_target:3; const_ref:3; return_swap:2,,3,3,4,38,,,2,18
zombie/network/packets/EventPacket,set,(Lzombie/characters/IsoPlayer;Ljava/lang/String;)Z,STRUCTURAL,68,413,412,-1,opcode:33; branch_target:20; goto_swap:5; var_slot:4; return_swap:3; const_ref:2; orig_extra:1,,20,2,5,33,1,,3,4
zombie/vehicles/UI3DScene,intersect_ray_plane,(Lzombie/vehicles/UI3DScene$Plane;Lzombie/vehicles/UI3DScene$Ray;Lorg/joml/Vector3f;)I,STRUCTURAL,68,93,93,0,const_ref:26; opcode:21; var_slot:16; return_swap:4; branch_inv:1,1,,26,,21,,,4,16
zombie/core/textures/Texture,renderstrip,(IIIIFFFFLjava/util/function/Consumer;)V,STRUCTURAL,69,134,128,-6,var_slot:28; opcode:22; const_ref:7; orig_extra:6; goto_swap:4; branch_target:1; return_swap:1,,1,7,4,22,6,,1,28
zombie/iso/IsoWaterGeometry,hideWaterObjects,(Lzombie/iso/IsoGridSquare;)V,STRUCTURAL,71,84,83,-1,opcode:44; var_slot:17; goto_swap:5; branch_target:2; branch_inv:1; const_ref:1; orig_extra:1,1,2,1,5,44,1,,,17
zombie/iso/sprite/IsoAnim,LoadFramesBitRepeatFrame,(Ljava/lang/String;Ljava/lang/String;I)V,STRUCTURAL,71,75,73,-2,opcode:33; var_slot:23; const_ref:12; orig_extra:2; return_swap:1,,,12,,33,2,,1,23
zombie/ai/states/SwipeStatePlayer,CalcHitListShove,(Lzombie/characters/IsoGameCharacter;ZLzombie/network/packets/hit/AttackVars;Ljava/util/ArrayList;)V,STRUCTURAL,72,192,191,-1,opcode:25; var_slot:20; branch_target:11; goto_swap:9; const_ref:5; branch_inv:1; orig_extra:1,1,11,5,9,25,1,,,20
zombie/iso/objects/IsoMannequin,wearItem,(Lzombie/inventory/InventoryItem;Lzombie/characters/IsoGameCharacter;)V,SORTED_MULTISET,72,80,79,-1,opcode:22; var_slot:20; const_ref:16; branch_target:5; goto_swap:4; return_swap:3; branch_inv:1; orig_extra:1,1,5,16,4,22,1,,3,20
zombie/iso/objects/IsoDoor,toggleDoubleDoor,(Lzombie/iso/IsoObject;Z)V,SORTED_MULTISET,73,88,82,-6,opcode:31; var_slot:23; goto_swap:7; const_ref:4; orig_extra:4; branch_target:3; return_swap:1,,3,4,7,31,4,,1,23
zombie/vehicles/VehicleDBHelper,isPlayerAlive,(Ljava/lang/String;I)Z,SORTED_MULTISET,73,118,120,2,var_slot:29; opcode:26; goto_swap:10; recomp_extra:4; return_swap:3; const_ref:1,,,1,10,26,,4,3,29
zombie/iso/objects/IsoDoor,addSheet,(Lzombie/characters/IsoGameCharacter;)V,SORTED_MULTISET,74,80,82,2,opcode:33; goto_swap:21; var_slot:14; branch_target:3; recomp_extra:2; return_swap:1,,3,,21,33,,2,1,14
zombie/network/RCONServer$ClientThread,handlePacket,(IILjava/lang/String;)V,STRUCTURAL,74,178,177,-1,const_ref:71; goto_swap:2; branch_inv:1,1,,71,2,,,,,
zombie/core/skinnedmodel/ModelManager,getLoadedModel,(Ljava/lang/String;)Lzombie/core/skinnedmodel/model/Model;,STRUCTURAL,77,176,174,-2,const_ref:71; branch_target:2; goto_swap:2; branch_inv:1; var_slot:1,1,2,71,2,,,,,1
zombie/iso/BrokenFences,addDebrisObject,(Lzombie/iso/IsoObject;Lzombie/iso/IsoDirections;)V,SORTED_MULTISET,77,85,87,2,opcode:33; var_slot:27; goto_swap:10; const_ref:3; recomp_extra:2; branch_target:1; return_swap:1,,1,3,10,33,,2,1,27
zombie/worldMap/WorldMapVisited,setBounds,(IIII)V,SORTED_MULTISET,77,151,153,2,const_ref:34; opcode:26; var_slot:12; goto_swap:2; branch_target:1; return_swap:1; recomp_extra:1,,1,34,2,26,,1,1,12
zombie/core/skinnedmodel/model/ModelInstance$PlayerData,updateLights,(Lzombie/characters/IsoGameCharacter;Z)V,SORTED_MULTISET,78,623,624,1,opcode:32; var_slot:18; branch_target:14; const_ref:10; goto_swap:3; branch_inv:1,1,14,10,3,32,,,,18
zombie/iso/IsoCell,getRandomFreeTile,()Lzombie/iso/IsoGridSquare;,SORTED_MULTISET,79,77,79,2,opcode:40; var_slot:24; goto_swap:10; const_ref:2; recomp_extra:2; return_swap:1,,,2,10,40,,2,1,24
zombie/core/textures/TextureDraw,run,()V,SORTED_MULTISET,80,440,439,-1,branch_target:44; opcode:15; goto_swap:11; var_slot:6; const_ref:2; return_swap:1; orig_extra:1,,44,2,11,15,1,,1,6
zombie/network/FakeClientManager$Client,receive,(SLjava/nio/ByteBuffer;)V,STRUCTURAL,80,121,120,-1,var_slot:21; goto_swap:20; opcode:16; branch_target:13; const_ref:7; orig_extra:2; return_swap:1,,13,7,20,16,2,,1,21
zombie/network/GameServer,isWorldVersionUnsupported,()Ljava/lang/String;,SORTED_MULTISET,80,113,112,-1,const_ref:31; var_slot:17; goto_swap:11; opcode:11; branch_target:6; return_swap:3; recomp_extra:1,,6,31,11,11,,1,3,17
zombie/iso/objects/IsoTelevision,setupDefaultScreens,()V,SORTED_MULTISET,82,95,95,0,opcode:44; var_slot:18; goto_swap:14; orig_extra:3; branch_target:2; return_swap:1,,2,,14,44,3,,1,18
zombie/core/Core,lambda$setDisplayMode$4,(IIZ)V,STRUCTURAL,83,197,199,2,const_ref:50; branch_target:32; var_slot:1,,32,50,,,,,,1
zombie/core/skinnedmodel/population/ClothingItemAssetManager,onFileTaskFinished,(Lzombie/core/skinnedmodel/population/ClothingItem;Ljava/lang/Object;)V,STRUCTURAL,83,89,87,-2,opcode:41; var_slot:35; goto_swap:2; orig_extra:2; branch_target:1; const_ref:1; return_swap:1,,1,1,2,41,2,,1,35
zombie/core/Collections/ConcurrentAutoTable$CAT,add_if_mask,(JJILzombie/core/Collections/ConcurrentAutoTable;)J,STRUCTURAL,84,151,151,0,opcode:37; var_slot:29; return_swap:9; goto_swap:7; branch_target:1; orig_extra:1,,1,,7,37,1,,9,29
zombie/iso/IsoChunk,SafeRead,(Ljava/lang/String;IILjava/nio/ByteBuffer;)Ljava/nio/ByteBuffer;,SORTED_MULTISET,84,83,85,2,opcode:38; var_slot:30; goto_swap:8; const_ref:5; recomp_extra:2; return_swap:1,,,5,8,38,,2,1,30
zombie/core/znet/SteamWorkshopItem,validateFileTypes,(Ljava/nio/file/Path;)Ljava/lang/String;,STRUCTURAL,85,95,93,-2,opcode:39; var_slot:24; goto_swap:11; return_swap:5; branch_target:3; recomp_extra:3,,3,,11,39,,3,5,24
zombie/iso/IsoCell,getRandomOutdoorFreeTile,()Lzombie/iso/IsoGridSquare;,SORTED_MULTISET,85,83,85,2,opcode:42; var_slot:26; goto_swap:12; const_ref:2; recomp_extra:2; return_swap:1,,,2,12,42,,2,1,26
zombie/scripting/ScriptManager,Load,()V,SORTED_MULTISET,85,252,253,1,opcode:40; var_slot:20; const_ref:9; goto_swap:8; branch_target:4; recomp_extra:2; branch_inv:1; return_swap:1,1,4,9,8,40,,2,1,20
zombie/iso/IsoCell,IsBehindStuff,(Lzombie/iso/IsoGridSquare;)Z,STRUCTURAL,86,103,104,1,opcode:33; var_slot:21; const_ref:13; goto_swap:9; return_swap:4; branch_target:3; branch_inv:2; orig_extra:1,2,3,13,9,33,1,,4,21
zombie/VirtualZombieManager,AddBloodToMap,(ILzombie/iso/IsoChunk;)V,SORTED_MULTISET,87,99,101,2,opcode:51; var_slot:26; const_ref:4; branch_target:2; recomp_extra:2; goto_swap:1; return_swap:1,,2,4,1,51,,2,1,26
zombie/iso/weather/WorldFlares$Flare,update,()V,SORTED_MULTISET,88,218,217,-1,const_ref:55; opcode:22; branch_target:3; var_slot:3; goto_swap:2; recomp_extra:2; return_swap:1,,3,55,2,22,,2,1,3
zombie/network/GameServer,receiveSyncDoorKey,(Ljava/nio/ByteBuffer;Lzombie/core/raknet/UdpConnection;S)V,SORTED_MULTISET,89,106,104,-2,opcode:29; var_slot:28; const_ref:16; goto_swap:6; branch_target:4; return_swap:4; orig_extra:2,,4,16,6,29,2,,4,28
zombie/savefile/PlayerDB,loadLocalPlayerInfo,(I)Z,FUZZY_COMPUTATION,89,95,97,2,opcode:58; var_slot:18; recomp_extra:6; return_swap:3; goto_swap:2; branch_inv:1; const_ref:1,1,,1,2,58,,6,3,18
zombie/characters/IsoPlayer,isSafeToClimbOver,(Lzombie/iso/IsoDirections;)Z,SORTED_MULTISET,90,91,93,2,opcode:53; var_slot:21; goto_swap:8; return_swap:6; recomp_extra:2,,,,8,53,,2,6,21
zombie/iso/MultiStageBuilding$Stage,doStage,(Lzombie/characters/IsoGameCharacter;Lzombie/iso/objects/IsoThumpable;Z)V,STRUCTURAL,90,270,270,0,const_ref:88; branch_target:2,,2,88,,,,,,
zombie/scripting/ScriptManager,LoadFile,(Ljava/lang/String;Z)V,SORTED_MULTISET,90,152,155,3,opcode:32; var_slot:30; goto_swap:13; const_ref:5; branch_target:4; return_swap:3; recomp_extra:3,,4,5,13,32,,3,3,30
zombie/network/BodyDamageSync,clientPacket,(Ljava/nio/ByteBuffer;)V,STRUCTURAL,91,143,142,-1,var_slot:35; opcode:34; goto_swap:9; branch_target:7; return_swap:2; orig_extra:2; branch_inv:1; const_ref:1,1,7,1,9,34,2,,2,35
zombie/vehicles/UI3DScene,calcMatrices,(Lorg/joml/Matrix4f;Lorg/joml/Matrix4f;)V,STRUCTURAL,91,128,127,-1,const_ref:40; opcode:22; var_slot:20; goto_swap:7; return_swap:1; orig_extra:1,,,40,7,22,1,,1,20
zombie/vehicles/PolygonalMap2$LineClearCollideMain,canStandAtOld,(Lzombie/vehicles/PolygonalMap2;FFFLzombie/vehicles/BaseVehicle;I)Z,STRUCTURAL,92,428,428,0,const_ref:62; branch_target:8; opcode:8; var_slot:5; goto_swap:4; branch_inv:2; orig_extra:2; return_swap:1,2,8,62,4,8,2,,1,5
zombie/characters/IsoPlayer,updateFootInjuries,()V,SORTED_MULTISET,93,226,225,-1,const_ref:71; opcode:14; var_slot:3; goto_swap:2; return_swap:2; branch_target:1,,1,71,2,14,,,2,3
zombie/chat/ChatElement,addChatLine,(Ljava/lang/String;FFFLzombie/ui/UIFont;FLjava/lang/String;ZZZZZZ)V,SORTED_MULTISET,93,113,111,-2,var_slot:33; opcode:33; const_ref:13; branch_target:6; goto_swap:5; branch_inv:2; orig_extra:1,2,6,13,5,33,1,,,33
zombie/iso/IsoWorld,LoadPlayerForInfo,()Z,SORTED_MULTISET,93,186,184,-2,const_ref:66; opcode:19; var_slot:4; return_swap:2; goto_swap:1; recomp_extra:1,,,66,1,19,,1,2,4
zombie/core/skinnedmodel/advancedanimation/BlendInfo$BlendInstance,update,()V,STRUCTURAL,96,107,105,-2,opcode:53; var_slot:32; goto_swap:4; const_ref:3; orig_extra:2; branch_target:1; return_swap:1,,1,3,4,53,2,,1,32
zombie/world/logger/WorldDictionaryLogger,saveLog,(Ljava/lang/String;)V,SORTED_MULTISET,96,96,94,-2,opcode:45; var_slot:32; goto_swap:13; return_swap:3; branch_target:1; branch_inv:1; orig_extra:1,1,1,,13,45,1,,3,32
zombie/core/textures/Texture,getSharedTextureInternal,(Ljava/lang/String;I)Lzombie/core/textures/Texture;,STRUCTURAL,97,208,210,2,const_ref:94; var_slot:3,,,94,,,,,,3
zombie/iso/IsoWorld,readWorldVersion,()I,SORTED_MULTISET,97,128,128,0,var_slot:33; opcode:27; goto_swap:15; const_ref:14; return_swap:6; branch_target:1; recomp_extra:1,,1,14,15,27,,1,6,33
zombie/network/GameServer,receiveSyncThumpable,(Ljava/nio/ByteBuffer;Lzombie/core/raknet/UdpConnection;S)V,SORTED_MULTISET,97,128,126,-2,var_slot:30; opcode:29; const_ref:22; goto_swap:6; branch_target:4; return_swap:4; orig_extra:2,,4,22,6,29,2,,4,30
zombie/characters/action/ActionContext,getNextState,()Lzombie/characters/action/ActionState;,STRUCTURAL,98,128,127,-1,var_slot:36; opcode:28; goto_swap:25; branch_target:6; branch_inv:1; return_swap:1; orig_extra:1,1,6,,25,28,1,,1,36
zombie/config/ConfigFile,read,(Ljava/lang/String;)Z,SORTED_MULTISET,99,139,137,-2,opcode:40; var_slot:29; goto_swap:20; const_ref:5; branch_target:2; orig_extra:2; return_swap:1,,2,5,20,40,2,,1,29
zombie/core/skinnedmodel/ModelManager,getClosestThreeLights,(Lzombie/iso/IsoMovingObject;[Lzombie/iso/IsoLightSource;)V,STRUCTURAL,99,226,228,2,const_ref:95; branch_target:4,,4,95,,,,,,
zombie/ai/states/SwipeStatePlayer,DoSwingCollisionBoneCheck,(Lzombie/characters/IsoGameCharacter;Lzombie/inventory/types/HandWeapon;Lzombie/characters/IsoGameCharacter;IF)I,STRUCTURAL,100,102,100,-2,opcode:61; var_slot:27; const_ref:5; goto_swap:4; orig_extra:2; return_swap:1,,,5,4,61,2,,1,27
zombie/characters/BodyDamage/Fitness,update,()V,FUZZY_COMPUTATION,101,143,131,-12,opcode:42; var_slot:33; orig_extra:8; goto_swap:7; const_ref:5; branch_target:3; return_swap:3,,3,5,7,42,8,,3,33
zombie/ui/UIDebugConsole,ProcessCommand,()V,STRUCTURAL,101,103,102,-1,opcode:60; var_slot:29; goto_swap:6; return_swap:4; branch_target:1; recomp_extra:1,,1,,6,60,,1,4,29
zombie/audio/parameters/ParameterCurrentZone,calculateCurrentValue,()F,SORTED_MULTISET,103,116,125,9,opcode:51; goto_swap:21; var_slot:14; recomp_extra:11; const_ref:3; branch_target:2; return_swap:1,,2,3,21,51,,11,1,14
zombie/network/GameServer,receiveAddCoopPlayer,(Ljava/nio/ByteBuffer;Lzombie/core/raknet/UdpConnection;S)V,STRUCTURAL,103,310,311,1,const_ref:68; branch_target:25; goto_swap:9; recomp_extra:1,,25,68,9,,,1,,
zombie/chat/ChatManager,updateWhisperChat,()V,STRUCTURAL,104,108,108,0,opcode:52; var_slot:34; const_ref:8; goto_swap:7; orig_extra:2; return_swap:1,,,8,7,52,2,,1,34
zombie/network/GameClient,receiveSyncAlarmClock,(Ljava/nio/ByteBuffer;S)V,STRUCTURAL,105,179,178,-1,opcode:43; var_slot:38; goto_swap:18; const_ref:2; return_swap:2; branch_target:1; branch_inv:1,1,1,2,18,43,,,2,38
zombie/characters/IsoLivingCharacter,DoAttack,(F)Z,STRUCTURAL,106,321,321,0,opcode:52; branch_target:24; var_slot:22; const_ref:3; return_swap:2; goto_swap:2; branch_inv:1,1,24,3,2,52,,,2,22
zombie/iso/CellLoader,RecurseMultitileObjects,(Lzombie/iso/IsoCell;Lzombie/iso/IsoGridSquare;Lzombie/iso/IsoGridSquare;Ljava/util/ArrayList;)V,SORTED_MULTISET,106,161,160,-1,opcode:46; var_slot:35; const_ref:8; goto_swap:6; branch_target:4; recomp_extra:3; branch_inv:2; return_swap:2,2,4,8,6,46,,3,2,35
zombie/fileSystem/FileSystemImpl,updateAsyncTransactions,()V,SORTED_MULTISET,107,173,172,-1,opcode:54; var_slot:34; goto_swap:13; const_ref:3; branch_inv:1; branch_target:1; orig_extra:1,1,1,3,13,54,1,,,34
zombie/ai/states/SwipeStatePlayer,CalcHitListWeapon,(Lzombie/characters/IsoGameCharacter;ZLzombie/network/packets/hit/AttackVars;Ljava/util/ArrayList;)V,STRUCTURAL,108,226,225,-1,opcode:43; var_slot:35; branch_target:12; goto_swap:9; const_ref:4; return_swap:3; branch_inv:1; orig_extra:1,1,12,4,9,43,1,,3,35
zombie/randomizedWorld/randomizedVehicleStory/RVSAmbulanceCrash,spawnElement,(Lzombie/randomizedWorld/randomizedVehicleStory/VehicleStorySpawner;Lzombie/randomizedWorld/randomizedVehicleStory/VehicleStorySpawner$Element;)V,SORTED_MULTISET,108,112,111,-1,opcode:60; var_slot:33; goto_swap:9; const_ref:3; branch_target:1; return_swap:1; recomp_extra:1,,1,3,9,60,,1,1,33
zombie/debug/DebugLogStream,printException,(Ljava/lang/Throwable;Ljava/lang/String;Ljava/lang/String;Lzombie/debug/LogSeverity;)V,SORTED_MULTISET,109,101,105,4,opcode:60; var_slot:34; goto_swap:7; recomp_extra:4; const_ref:2; branch_target:1; return_swap:1,,1,2,7,60,,4,1,34
zombie/commands/serverCommands/StatisticsCommand,Command,()Ljava/lang/String;,SORTED_MULTISET,110,110,116,6,opcode:53; var_slot:32; goto_swap:16; return_swap:5; recomp_extra:4,,,,16,53,,4,5,32
zombie/SandboxOptions,writeLuaFile,(Ljava/lang/String;Z)Z,STRUCTURAL,112,266,264,-2,const_ref:104; return_swap:3; opcode:2; goto_swap:1; var_slot:1; orig_extra:1,,,104,1,2,1,,3,1
zombie/core/textures/MultiTextureFBO2,update,()V,SORTED_MULTISET,112,220,222,2,opcode:58; var_slot:31; const_ref:17; recomp_extra:4; branch_target:1; return_swap:1,,1,17,,58,,4,1,31
zombie/iso/areas/isoregion/IsoRegionWorker,thread_main_loop,()V,STRUCTURAL,112,148,149,1,opcode:64; var_slot:29; goto_swap:10; branch_target:6; const_ref:2; branch_inv:1,1,6,2,10,64,,,,29
zombie/iso/objects/IsoWindow,addSheet,(Lzombie/characters/IsoGameCharacter;)V,STRUCTURAL,113,177,176,-1,const_ref:90; branch_target:16; var_slot:6; orig_extra:1,,16,90,,,1,,,6
zombie/core/skinnedmodel/advancedanimation/AnimLayer,updateNewNodeTransitionsInternal,()V,STRUCTURAL,114,127,126,-1,opcode:50; var_slot:39; const_ref:12; goto_swap:9; branch_target:2; branch_inv:1; orig_extra:1,1,2,12,9,50,1,,,39
zombie/network/GameServer,receiveRequestItemsForContainer,(Ljava/nio/ByteBuffer;Lzombie/core/raknet/UdpConnection;S)V,SORTED_MULTISET,118,267,268,1,const_ref:98; opcode:8; var_slot:8; branch_target:3; goto_swap:1,,3,98,1,8,,,,8
zombie/vehicles/UI3DScene,fromLua9,(Ljava/lang/String;Ljava/lang/Object;Ljava/lang/Object;Ljava/lang/Object;Ljava/lang/Object;Ljava/lang/Object;Ljava/lang/Object;Ljava/lang/Object;Ljava/lang/Object;Ljava/lang/Object;)Ljava/lang/Object;,STRUCTURAL,119,97,95,-2,opcode:70; var_slot:38; const_ref:7; return_swap:2; orig_extra:2,,,7,,70,2,,2,38
zombie/iso/objects/ObjectRenderEffects,getNew,(Lzombie/iso/IsoObject;Lzombie/iso/objects/RenderEffectType;ZZ)Lzombie/iso/objects/ObjectRenderEffects;,STRUCTURAL,120,123,123,0,opcode:67; var_slot:29; goto_swap:9; return_swap:5; const_ref:5; branch_target:3; branch_inv:1; orig_extra:1,1,3,5,9,67,1,,5,29
zombie/popman/MPDebugInfo,serverPacket,(Ljava/nio/ByteBuffer;Lzombie/core/raknet/UdpConnection;)V,STRUCTURAL,122,276,275,-1,const_ref:104; branch_target:13; goto_swap:4; orig_extra:1,,13,104,4,,1,,,
zombie/vehicles/VehiclesDB2,importPlayersFromOldDB,(Lzombie/vehicles/VehiclesDB2$IImportPlayerFromOldDB;)V,SORTED_MULTISET,123,141,142,1,var_slot:48; opcode:45; goto_swap:14; branch_target:7; const_ref:4; return_swap:3; branch_inv:1; recomp_extra:1,1,7,4,14,45,,1,3,48
zombie/iso/objects/IsoTelevision,isFacing,(Lzombie/characters/IsoPlayer;)Z,STRUCTURAL,125,143,143,0,opcode:76; var_slot:22; return_swap:14; goto_swap:8; const_ref:4; branch_inv:1,1,,4,8,76,,,14,22
zombie/core/utils/FibonacciHeap,dequeueMin,()Lzombie/core/utils/FibonacciHeap$Entry;,SORTED_MULTISET,127,211,210,-1,opcode:61; var_slot:42; goto_swap:13; const_ref:8; branch_target:1; return_swap:1; recomp_extra:1,,1,8,13,61,,1,1,42
zombie/worldMap/StrokeGeometry,createTriangles,(Lzombie/worldMap/StrokeGeometry$Point;Lzombie/worldMap/StrokeGeometry$Point;Lzombie/worldMap/StrokeGeometry$Point;Ljava/util/ArrayList;FLjava/lang/String;F)V,STRUCTURAL,127,426,424,-2,opcode:60; var_slot:58; branch_target:2; const_ref:2; goto_swap:2; orig_extra:2; return_swap:1,,2,2,2,60,2,,1,58
zombie/characters/IsoPlayer,getTimeSurvived,()Ljava/lang/String;,SORTED_MULTISET,128,120,118,-2,opcode:65; var_slot:59; orig_extra:2; const_ref:1; return_swap:1,,,1,,65,2,,1,59
zombie/core/skinnedmodel/animation/AnimationPlayer,updateLayerBlendWeightings,()V,SORTED_MULTISET,128,295,297,2,opcode:57; var_slot:30; const_ref:25; goto_swap:8; return_swap:3; recomp_extra:3; branch_target:1; branch_inv:1,1,1,25,8,57,,3,3,30
zombie/network/ServerGUI,updateCamera,(Lzombie/characters/IsoPlayer;)V,STRUCTURAL,129,125,123,-2,opcode:67; var_slot:53; const_ref:4; goto_swap:2; orig_extra:2; return_swap:1,,,4,2,67,2,,1,53
zombie/gameStates/ChooseGameInfo,getMapDetails,(Ljava/lang/String;)Lzombie/gameStates/ChooseGameInfo$Map;,SORTED_MULTISET,130,172,174,2,opcode:68; var_slot:37; goto_swap:14; const_ref:6; return_swap:3; recomp_extra:2,,,6,14,68,,2,3,37
zombie/core/skinnedmodel/DeadBodyAtlas,toBodyAtlas,(Lzombie/core/skinnedmodel/DeadBodyAtlas$RenderJob;)V,SORTED_MULTISET,133,279,281,2,const_ref:113; opcode:12; goto_swap:4; branch_target:2; branch_inv:2,2,2,113,4,12,,,,
zombie/iso/IsoGridSquare,drawCircleExplosion,(ILzombie/iso/objects/IsoTrap;Lzombie/iso/objects/IsoTrap$ExplosionMode;)V,STRUCTURAL,133,179,178,-1,opcode:62; var_slot:32; const_ref:24; goto_swap:9; branch_target:4; branch_inv:1; orig_extra:1,1,4,24,9,62,1,,,32
zombie/erosion/categories/NaturePlants,replaceExistingObject,(Lzombie/iso/IsoGridSquare;Lzombie/erosion/ErosionData$Square;Lzombie/erosion/ErosionData$Chunk;ZZ)Z,STRUCTURAL,137,199,200,1,opcode:70; var_slot:42; const_ref:7; goto_swap:7; return_swap:5; branch_target:4; branch_inv:1; recomp_extra:1,1,4,7,7,70,,1,5,42
zombie/iso/objects/IsoTree,renderInner,(FFFLzombie/core/textures/ColorInfo;ZZ)V,SORTED_MULTISET,140,170,171,1,opcode:60; var_slot:51; const_ref:16; goto_swap:7; branch_target:4; branch_inv:1; recomp_extra:1,1,4,16,7,60,,1,,51
zombie/characters/ClothingWetness,increaseWetness,(F)V,SORTED_MULTISET,141,181,186,5,opcode:71; var_slot:47; goto_swap:13; recomp_extra:5; const_ref:3; branch_target:1; return_swap:1,,1,3,13,71,,5,1,47
zombie/core/textures/TextureCombiner,combine,(Ljava/util/ArrayList;)Lzombie/core/textures/Texture;,SORTED_MULTISET,141,375,377,2,const_ref:137; opcode:4,,,137,,4,,,,
zombie/vehicles/BaseVehicle,canAttachTrailer,(Lzombie/vehicles/BaseVehicle;Ljava/lang/String;Ljava/lang/String;Z)Z,STRUCTURAL,141,135,135,0,opcode:66; var_slot:47; return_swap:10; const_ref:8; goto_swap:8; orig_extra:2,,,8,8,66,2,,10,47
zombie/WorldSoundManager,addSound,(Ljava/lang/Object;IIIIIZFFZZZ)Lzombie/WorldSoundManager$WorldSound;,SORTED_MULTISET,143,143,145,2,opcode:68; var_slot:52; const_ref:11; goto_swap:6; recomp_extra:3; branch_target:2; return_swap:1,,2,11,6,68,,3,1,52
zombie/erosion/ErosionMain,initConfig,()Z,STRUCTURAL,143,217,216,-1,const_ref:67; opcode:56; var_slot:13; goto_swap:3; branch_target:2; return_swap:1; orig_extra:1,,2,67,3,56,1,,1,13
zombie/iso/IsoCell,IsCollapsibleBuildingSquare,(Lzombie/iso/IsoGridSquare;)Z,SORTED_MULTISET,143,155,151,-4,opcode:57; var_slot:48; goto_swap:16; return_swap:12; const_ref:4; orig_extra:3; branch_target:2; branch_inv:1,1,2,4,16,57,3,,12,48
zombie/randomizedWorld/randomizedVehicleStory/RVSTrailerCrash,spawnElement,(Lzombie/randomizedWorld/randomizedVehicleStory/VehicleStorySpawner;Lzombie/randomizedWorld/randomizedVehicleStory/VehicleStorySpawner$Element;)V,STRUCTURAL,145,146,145,-1,opcode:78; var_slot:48; goto_swap:13; const_ref:4; return_swap:1; recomp_extra:1,,,4,13,78,,1,1,48
zombie/core/textures/Pcx,loadPCXpal,(Ljava/lang/String;)I,STRUCTURAL,146,156,152,-4,opcode:70; var_slot:49; const_ref:9; return_swap:9; orig_extra:4; branch_target:3; goto_swap:2,,3,9,2,70,4,,9,49
zombie/vehicles/PolygonalMap2$ConnectedRegions,floodFill,(II)V,SORTED_MULTISET,146,251,252,1,opcode:58; var_slot:41; const_ref:27; goto_swap:10; return_swap:9; branch_inv:1,1,,27,10,58,,,9,41
zombie/worldMap/ImagePyramid,readInfoFile,()V,SORTED_MULTISET,146,141,145,4,opcode:70; var_slot:45; goto_swap:23; const_ref:3; branch_target:2; recomp_extra:2; return_swap:1,,2,3,23,70,,2,1,45
zombie/core/textures/TextureFBO,initInternal,(Lzombie/interfaces/ITexture;Z)V,SORTED_MULTISET,148,391,393,2,const_ref:144; opcode:4,,,144,,4,,,,
zombie/randomizedWorld/randomizedVehicleStory/RVSBanditRoad,spawnElement,(Lzombie/randomizedWorld/randomizedVehicleStory/VehicleStorySpawner;Lzombie/randomizedWorld/randomizedVehicleStory/VehicleStorySpawner$Element;)V,STRUCTURAL,151,152,151,-1,opcode:78; var_slot:46; goto_swap:15; const_ref:10; return_swap:1; recomp_extra:1,,,10,15,78,,1,1,46
zombie/ui/UIDebugConsole,update,()V,STRUCTURAL,152,254,255,1,opcode:60; const_ref:44; var_slot:28; branch_target:11; goto_swap:7; return_swap:1; recomp_extra:1,,11,44,7,60,,1,1,28
zombie/radio/ZomboidRadio,Load,()Z,SORTED_MULTISET,153,153,161,8,opcode:61; var_slot:38; const_ref:26; goto_swap:16; recomp_extra:6; return_swap:5; branch_target:1,,1,26,16,61,,6,5,38
zombie/core/skinnedmodel/model/VertexBufferObject,Draw,(Lzombie/core/skinnedmodel/model/VertexBufferObject$Vbo;Lzombie/core/skinnedmodel/model/VertexBufferObject$VertexFormat;Lzombie/core/skinnedmodel/shader/Shader;I)V,STRUCTURAL,154,146,145,-1,opcode:84; var_slot:43; goto_swap:13; const_ref:9; return_swap:2; orig_extra:2; branch_inv:1,1,,9,13,84,2,,2,43
zombie/Lua/LuaManager,RunLuaInternal,(Ljava/lang/String;Z)Ljava/lang/Object;,STRUCTURAL,155,172,170,-2,opcode:91; var_slot:37; goto_swap:12; const_ref:8; return_swap:5; orig_extra:2,,,8,12,91,2,,5,37
zombie/iso/IsoMetaGrid,load,(Ljava/nio/ByteBuffer;)V,STRUCTURAL,157,606,607,1,branch_target:97; var_slot:35; const_ref:14; opcode:6; goto_swap:5,,97,14,5,6,,,,35
zombie/core/Translator,parseFile,(Ljava/io/File;Ljava/util/HashMap;Lzombie/core/Language;)V,SORTED_MULTISET,159,424,421,-3,var_slot:50; opcode:47; branch_target:31; const_ref:24; goto_swap:6; branch_inv:1,1,31,24,6,47,,,,50
zombie/network/GameServer,receiveSyncAlarmClock,(Ljava/nio/ByteBuffer;Lzombie/core/raknet/UdpConnection;S)V,STRUCTURAL,160,201,200,-1,opcode:58; var_slot:50; const_ref:30; goto_swap:19; branch_target:1; branch_inv:1; return_swap:1,1,1,30,19,58,,,1,50
zombie/randomizedWorld/randomizedVehicleStory/RVSFlippedCrash,spawnElement,(Lzombie/randomizedWorld/randomizedVehicleStory/VehicleStorySpawner;Lzombie/randomizedWorld/randomizedVehicleStory/VehicleStorySpawner$Element;)V,STRUCTURAL,161,161,160,-1,opcode:93; var_slot:46; goto_swap:17; const_ref:4; recomp_extra:1,,,4,17,93,,1,,46
zombie/core/skinnedmodel/advancedanimation/AnimatedModel,setModelData,(Lzombie/core/skinnedmodel/visual/HumanVisual;Lzombie/core/skinnedmodel/visual/ItemVisuals;)V,SORTED_MULTISET,163,210,213,3,const_ref:56; opcode:54; var_slot:32; branch_target:11; goto_swap:7; branch_inv:1; return_swap:1; recomp_extra:1,1,11,56,7,54,,1,1,32
zombie/savefile/ServerPlayerDB,serverUpdateNetworkCharacterInt,(Lzombie/savefile/ServerPlayerDB$NetworkCharacterData;)V,SORTED_MULTISET,163,233,233,0,opcode:52; var_slot:50; const_ref:43; goto_swap:13; return_swap:3; branch_target:2,,2,43,13,52,,,3,50
zombie/iso/IsoMetaGrid,registerGeometryZone,(Ljava/lang/String;Ljava/lang/String;ILjava/lang/String;Lse/krka/kahlua/vm/KahluaTable;Lse/krka/kahlua/vm/KahluaTable;)Lzombie/iso/IsoMetaGrid$Zone;,SORTED_MULTISET,167,215,221,6,opcode:76; var_slot:58; goto_swap:16; const_ref:8; recomp_extra:6; return_swap:3,,,8,16,76,,6,3,58
zombie/network/GameClient,SendCommandToServer,(Ljava/lang/String;)V,STRUCTURAL,167,170,170,0,opcode:108; var_slot:26; goto_swap:13; const_ref:9; return_swap:8; branch_target:1; branch_inv:1; recomp_extra:1,1,1,9,13,108,,1,8,26
zombie/randomizedWorld/randomizedVehicleStory/RVSCrashHorde,spawnElement,(Lzombie/randomizedWorld/randomizedVehicleStory/VehicleStorySpawner;Lzombie/randomizedWorld/randomizedVehicleStory/VehicleStorySpawner$Element;)V,STRUCTURAL,170,170,169,-1,opcode:99; var_slot:48; goto_swap:17; const_ref:4; return_swap:1; recomp_extra:1,,,4,17,99,,1,1,48
zombie/vehicles/BaseVehicle,addPointConstraint,(Lzombie/characters/IsoPlayer;Lzombie/vehicles/BaseVehicle;Ljava/lang/String;Ljava/lang/String;Ljava/lang/Boolean;)V,STRUCTURAL,170,189,189,0,opcode:75; var_slot:60; const_ref:27; goto_swap:3; return_swap:2; orig_extra:2; branch_target:1,,1,27,3,75,2,,2,60
zombie/network/GameClient,receiveItemStats,(Ljava/nio/ByteBuffer;S)V,STRUCTURAL,175,163,164,1,var_slot:69; opcode:61; goto_swap:32; const_ref:5; branch_target:3; orig_extra:3; branch_inv:1; return_swap:1,1,3,5,32,61,3,,1,69
zombie/network/FakeClientManager$1,<clinit>,()V,SORTED_MULTISET,178,296,296,0,opcode:79; const_ref:48; goto_swap:26; var_slot:13; branch_target:12,,12,48,26,79,,,,13
zombie/chat/ChatManager,processJoinChatPacket,(Ljava/nio/ByteBuffer;)V,SORTED_MULTISET,180,176,178,2,opcode:79; var_slot:66; goto_swap:18; const_ref:7; recomp_extra:7; return_swap:3,,,7,18,79,,7,3,66
zombie/randomizedWorld/randomizedVehicleStory/RVSChangingTire,spawnElement,(Lzombie/randomizedWorld/randomizedVehicleStory/VehicleStorySpawner;Lzombie/randomizedWorld/randomizedVehicleStory/VehicleStorySpawner$Element;)V,STRUCTURAL,183,197,196,-1,opcode:82; var_slot:54; goto_swap:25; const_ref:20; return_swap:1; recomp_extra:1,,,20,25,82,,1,1,54
zombie/radio/devices/DeviceData,sendDeviceDataStatePacket,(Lzombie/core/raknet/UdpConnection;S)V,STRUCTURAL,184,244,243,-1,opcode:71; const_ref:49; var_slot:31; goto_swap:29; recomp_extra:3; branch_target:1,,1,49,29,71,,3,,31
zombie/vehicles/UI3DScene$RotateGizmo,updateTracking,(FF)V,STRUCTURAL,190,194,194,0,opcode:124; var_slot:49; const_ref:8; goto_swap:7; branch_inv:1; return_swap:1,1,,8,7,124,,,1,49
zombie/radio/devices/DeviceData,receiveDeviceDataStatePacket,(Ljava/nio/ByteBuffer;Lzombie/core/raknet/UdpConnection;)V,SORTED_MULTISET,197,335,335,0,opcode:66; var_slot:55; const_ref:35; goto_swap:25; branch_target:13; branch_inv:1; return_swap:1; recomp_extra:1,1,13,35,25,66,,1,1,55
zombie/core/Collections/NonBlockingHashMapLong$CHM,putIfMatch,(JLjava/lang/Object;Ljava/lang/Object;)Ljava/lang/Object;,SORTED_MULTISET,198,240,242,2,opcode:92; var_slot:72; return_swap:13; goto_swap:8; const_ref:8; branch_target:2; recomp_extra:2; branch_inv:1,1,2,8,8,92,,2,13,72
zombie/core/skinnedmodel/animation/SoftwareSkinnedModelAnim,<init>,([Lzombie/core/skinnedmodel/animation/StaticAnimation;Lzombie/core/skinnedmodel/model/SoftwareModelMesh;Lzombie/core/skinnedmodel/model/SkinningData;)V,STRUCTURAL,199,443,441,-2,const_ref:145; opcode:38; var_slot:13; orig_extra:2; return_swap:1,,,145,,38,2,,1,13
zombie/iso/objects/IsoWindow,removeSheetRope,(Lzombie/characters/IsoPlayer;Lzombie/iso/IsoGridSquare;Z)Z,STRUCTURAL,203,230,229,-1,opcode:92; var_slot:58; const_ref:20; goto_swap:17; branch_target:9; return_swap:4; branch_inv:2; orig_extra:1,2,9,20,17,92,1,,4,58
zombie/network/FakeClientManager,load,(Ljava/lang/String;)Ljava/util/HashMap;,SORTED_MULTISET,203,598,596,-2,const_ref:114; opcode:33; branch_target:16; goto_swap:16; var_slot:15; return_swap:4; recomp_extra:4; branch_inv:1,1,16,114,16,33,,4,4,15
zombie/vehicles/PolygonalMap2,cleanPath,(Ljava/util/ArrayList;Lzombie/vehicles/PolygonalMap2$PathFindRequest;ZZLzombie/vehicles/PolygonalMap2$SearchNode;)V,SORTED_MULTISET,203,423,424,1,const_ref:93; opcode:65; var_slot:33; goto_swap:8; branch_target:3; recomp_extra:1,,3,93,8,65,,1,,33
zombie/iso/objects/IsoDeadBody,save,(Ljava/nio/ByteBuffer;Z)V,SORTED_MULTISET,204,187,187,0,opcode:123; var_slot:49; goto_swap:20; recomp_extra:6; const_ref:5; branch_inv:1,1,,5,20,123,,6,,49
zombie/ui/MoodlesUI,update,()V,SORTED_MULTISET,207,253,255,2,opcode:113; var_slot:69; goto_swap:11; const_ref:8; recomp_extra:4; branch_target:1; return_swap:1,,1,8,11,113,,4,1,69
zombie/core/Collections/NonBlockingIdentityHashMap,putIfMatch,(Lzombie/core/Collections/NonBlockingIdentityHashMap;[Ljava/lang/Object;Ljava/lang/Object;Ljava/lang/Object;Ljava/lang/Object;)Ljava/lang/Object;,SORTED_MULTISET,212,256,258,2,opcode:87; var_slot:85; const_ref:13; return_swap:13; goto_swap:8; branch_target:3; recomp_extra:2; branch_inv:1,1,3,13,8,87,,2,13,85
zombie/iso/LosUtil,lineClearCollide,(IIIIIIZ)Z,STRUCTURAL,217,325,319,-6,var_slot:90; opcode:71; const_ref:28; goto_swap:13; orig_extra:6; return_swap:5; branch_target:4,,4,28,13,71,6,,5,90
zombie/characters/IsoGameCharacter,Hit,(Lzombie/inventory/types/HandWeapon;Lzombie/characters/IsoGameCharacter;FZFZ)F,STRUCTURAL,218,311,309,-2,opcode:89; var_slot:68; const_ref:54; goto_swap:2; recomp_extra:2; branch_inv:1; branch_target:1; return_swap:1,1,1,54,2,89,,2,1,68
zombie/iso/IsoChunk,AddCorpses,(II)V,SORTED_MULTISET,218,241,243,2,opcode:111; var_slot:49; const_ref:28; goto_swap:11; branch_target:8; recomp_extra:6; return_swap:5,,8,28,11,111,,6,5,49
zombie/core/Collections/NonBlockingHashMap,putIfMatch,(Lzombie/core/Collections/NonBlockingHashMap;[Ljava/lang/Object;Ljava/lang/Object;Ljava/lang/Object;Ljava/lang/Object;)Ljava/lang/Object;,SORTED_MULTISET,220,267,269,2,var_slot:90; opcode:89; const_ref:14; return_swap:13; goto_swap:8; branch_target:3; recomp_extra:2; branch_inv:1,1,3,14,8,89,,2,13,90
zombie/core/Collections/NonBlockingHashtable,putIfMatch,(Lzombie/core/Collections/NonBlockingHashtable;[Ljava/lang/Object;Ljava/lang/Object;Ljava/lang/Object;Ljava/lang/Object;)Ljava/lang/Object;,SORTED_MULTISET,220,267,269,2,var_slot:90; opcode:89; const_ref:14; return_swap:13; goto_swap:8; branch_target:3; recomp_extra:2; branch_inv:1,1,3,14,8,89,,2,13,90
zombie/iso/LightingJNI,checkLights,()V,SORTED_MULTISET,224,640,642,2,opcode:108; var_slot:54; const_ref:35; goto_swap:19; branch_target:5; recomp_extra:2; return_swap:1,,5,35,19,108,,2,1,54
zombie/characters/IsoPlayer,canClimbOverWall,(Lzombie/iso/IsoDirections;)Z,STRUCTURAL,228,244,244,0,opcode:110; return_swap:45; var_slot:44; const_ref:18; branch_inv:8; goto_swap:2; branch_target:1,8,1,18,2,110,,,45,44
zombie/network/MPStatisticClient,send,(Lzombie/core/network/ByteBufferWriter;)V,SORTED_MULTISET,228,260,262,2,opcode:120; var_slot:92; goto_swap:8; const_ref:5; recomp_extra:2; return_swap:1,,,5,8,120,,2,1,92
zombie/network/GameServer,receiveItemStats,(Ljava/nio/ByteBuffer;Lzombie/core/raknet/UdpConnection;S)V,STRUCTURAL,229,205,202,-3,var_slot:88; opcode:79; goto_swap:36; const_ref:18; branch_target:3; orig_extra:3; branch_inv:1; return_swap:1,1,3,18,36,79,3,,1,88
zombie/inventory/ItemPickerJava,fillContainer,(Lzombie/inventory/ItemContainer;Lzombie/characters/IsoPlayer;)V,SORTED_MULTISET,232,227,224,-3,opcode:126; var_slot:70; const_ref:18; goto_swap:9; return_swap:5; orig_extra:3; branch_target:1,,1,18,9,126,3,,5,70
zombie/iso/IsoCell,recalculateAnyGridStacks,(Lzombie/iso/IsoCell$PerPlayerRender;IIJ)V,SORTED_MULTISET,233,440,444,4,opcode:77; var_slot:70; const_ref:66; goto_swap:8; branch_target:7; recomp_extra:4; return_swap:1,,7,66,8,77,,4,1,70
zombie/savefile/PlayerDBHelper,setPlayer1,(Ljava/lang/String;I)V,SORTED_MULTISET,241,246,246,0,opcode:102; var_slot:91; goto_swap:26; const_ref:10; return_swap:9; branch_target:1; branch_inv:1; orig_extra:1,1,1,10,26,102,1,,9,91
zombie/iso/LosUtil,lineClearCollideCount,(Lzombie/characters/IsoGameCharacter;Lzombie/iso/IsoCell;IIIIII)I,STRUCTURAL,243,353,347,-6,var_slot:99; opcode:80; const_ref:30; goto_swap:13; orig_extra:9; return_swap:7; branch_target:5,,5,30,13,80,9,,7,99
zombie/radio/ZomboidRadio,Init,(I)V,STRUCTURAL,243,239,239,0,opcode:104; var_slot:59; const_ref:58; goto_swap:13; return_swap:3; orig_extra:3; branch_target:2; branch_inv:1,1,2,58,13,104,3,,3,59
zombie/network/GameClient,sendItemStats,(Lzombie/inventory/InventoryItem;)V,STRUCTURAL,246,276,275,-1,opcode:115; var_slot:73; const_ref:21; recomp_extra:14; return_swap:10; goto_swap:9; branch_target:4,,4,21,9,115,,14,10,73
zombie/core/textures/Pcx,loadPCXminusPal,(Ljava/lang/String;)I,STRUCTURAL,247,363,362,-1,opcode:131; var_slot:84; const_ref:10; return_swap:9; goto_swap:9; branch_target:3; orig_extra:1,,3,10,9,131,1,,9,84
zombie/vehicles/PolygonalMap2$LineClearCollideMain,isNotClearOld,(Lzombie/vehicles/PolygonalMap2;FFFFILzombie/vehicles/BaseVehicle;I)Z,STRUCTURAL,254,1094,1094,0,const_ref:252; branch_inv:1; branch_target:1,1,1,252,,,,,,
zombie/iso/objects/IsoDoor,isAdjacentToSquare,(Lzombie/iso/IsoGridSquare;)Z,STRUCTURAL,256,689,689,0,opcode:118; branch_target:48; return_swap:40; var_slot:34; branch_inv:16,16,48,,,118,,,40,34
zombie/characters/IsoGameCharacter,updateUserName,()V,SORTED_MULTISET,258,283,284,1,opcode:124; const_ref:66; var_slot:56; goto_swap:6; branch_target:4; return_swap:1; recomp_extra:1,,4,66,6,124,,1,1,56
zombie/iso/IsoRoofFixer,getRoofFloorForColumn,(Lzombie/iso/IsoGridSquare;)Lzombie/iso/IsoGridSquare;,SORTED_MULTISET,260,295,296,1,opcode:105; var_slot:88; goto_swap:26; const_ref:15; return_swap:12; branch_target:9; recomp_extra:5,,9,15,26,105,,5,12,88
zombie/input/JoypadManager,doControllerFile,(Lzombie/input/JoypadManager$Joypad;)V,STRUCTURAL,262,573,573,0,const_ref:184; branch_target:55; opcode:10; goto_swap:5; var_slot:5; branch_inv:1; return_swap:1; recomp_extra:1,1,55,184,5,10,,1,1,5
zombie/core/raknet/UdpEngine,decode,(Ljava/nio/ByteBuffer;)V,SORTED_MULTISET,266,339,338,-1,opcode:134; var_slot:72; goto_swap:25; const_ref:16; branch_target:13; return_swap:3; orig_extra:3,,13,16,25,134,3,,3,72
zombie/network/GameServer,receivePlayerUpdate,(Ljava/nio/ByteBuffer;Lzombie/core/raknet/UdpConnection;S)V,STRUCTURAL,275,336,336,0,opcode:103; const_ref:102; var_slot:39; branch_target:21; goto_swap:4; return_swap:3; recomp_extra:2; branch_inv:1,1,21,102,4,103,,2,3,39
zombie/core/textures/Pcx,loadPCX,(Ljava/net/URL;)I,STRUCTURAL,276,294,293,-1,opcode:149; var_slot:92; const_ref:12; goto_swap:11; return_swap:9; branch_target:2; orig_extra:1,,2,12,11,149,1,,9,92
zombie/core/SpriteRenderer$RingBuffer$StateRun,render,()V,SORTED_MULTISET,280,390,394,4,const_ref:221; branch_target:49; opcode:8; goto_swap:2,,49,221,2,8,,,,
zombie/randomizedWorld/randomizedBuilding/RBBasic,generateSinkClutter,(Lzombie/iso/IsoDirections;Lzombie/iso/IsoObject;Lzombie/iso/IsoGridSquare;Ljava/util/HashMap;)V,STRUCTURAL,282,310,310,0,opcode:141; var_slot:90; goto_swap:31; const_ref:17; branch_target:2; orig_extra:1,,2,17,31,141,1,,,90
zombie/network/NetChecksum$Comparer,serverPacket,(Ljava/nio/ByteBuffer;Lzombie/core/raknet/UdpConnection;)V,SORTED_MULTISET,287,375,374,-1,opcode:100; var_slot:100; const_ref:49; return_swap:21; goto_swap:11; branch_target:5; orig_extra:1,,5,49,11,100,1,,21,100
zombie/vehicles/CircleLineIntersect,TEST,(Lorg/joml/Vector3f;FFFFLzombie/core/physics/CarController;)Z,STRUCTURAL,295,574,572,-2,opcode:194; var_slot:72; const_ref:21; return_swap:3; goto_swap:2; orig_extra:2; branch_target:1,,1,21,2,194,2,,3,72
zombie/characters/IsoPlayer,hopFence,(Lzombie/iso/IsoDirections;Z)Z,STRUCTURAL,299,296,294,-2,opcode:160; var_slot:81; return_swap:51; const_ref:5; orig_extra:2,,,5,,160,2,,51,81
zombie/network/ServerGUI,RenderTiles,()V,STRUCTURAL,300,298,292,-6,opcode:172; var_slot:83; goto_swap:19; const_ref:13; orig_extra:8; branch_target:3; branch_inv:1; return_swap:1,1,3,13,19,172,8,,1,83
zombie/randomizedWorld/randomizedVehicleStory/RVSPoliceBlockadeShooting,spawnElement,(Lzombie/randomizedWorld/randomizedVehicleStory/VehicleStorySpawner;Lzombie/randomizedWorld/randomizedVehicleStory/VehicleStorySpawner$Element;)V,STRUCTURAL,300,298,297,-1,opcode:155; var_slot:89; goto_swap:33; const_ref:20; branch_target:1; return_swap:1; recomp_extra:1,,1,20,33,155,,1,1,89
zombie/iso/weather/dbg/ClimMngrDebug,calculateTotal,()Lzombie/iso/weather/dbg/ClimMngrDebug$RunInfo;,SORTED_MULTISET,302,440,444,4,opcode:128; const_ref:95; var_slot:52; goto_swap:16; recomp_extra:8; branch_target:2; return_swap:1,,2,95,16,128,,8,1,52
zombie/randomizedWorld/randomizedBuilding/RBBasic,generateCounterClutter,(Lzombie/iso/IsoDirections;Lzombie/iso/IsoObject;Lzombie/iso/IsoGridSquare;Ljava/util/HashMap;)V,STRUCTURAL,303,330,330,0,opcode:165; var_slot:78; goto_swap:31; const_ref:26; branch_target:2; orig_extra:1,,2,26,31,165,1,,,78
zombie/vehicles/PolygonalMap2$LineClearCollideMain,getCollidepoint,(Lzombie/vehicles/PolygonalMap2;FFFFILzombie/vehicles/BaseVehicle;I)Lzombie/iso/Vector2;,STRUCTURAL,306,805,805,0,const_ref:304; branch_inv:1; branch_target:1,1,1,304,,,,,,
zombie/iso/weather/ThunderStorm,update,(D)V,SORTED_MULTISET,307,449,450,1,opcode:109; const_ref:104; var_slot:60; goto_swap:18; branch_target:7; branch_inv:5; recomp_extra:3; return_swap:1,5,7,104,18,109,,3,1,60
zombie/util/PZXmlUtil,resolve,(Lorg/w3c/dom/Element;Lorg/w3c/dom/Element;Lorg/w3c/dom/Document;)Lorg/w3c/dom/Element;,SORTED_MULTISET,308,282,281,-1,var_slot:127; opcode:127; goto_swap:30; const_ref:13; branch_inv:4; branch_target:3; return_swap:2; orig_extra:2,4,3,13,30,127,2,,2,127
zombie/gameStates/DebugChunkState,lineClearCached,(Lzombie/iso/IsoCell;IIIIIIZ)Lzombie/iso/LosUtil$TestResults;,STRUCTURAL,310,489,483,-6,var_slot:113; opcode:111; const_ref:54; goto_swap:14; return_swap:8; orig_extra:6; branch_target:4,,4,54,14,111,6,,8,113
zombie/vehicles/BaseVehicle,updateTransform,()V,STRUCTURAL,313,445,443,-2,const_ref:191; opcode:74; var_slot:39; goto_swap:4; branch_target:2; orig_extra:2; return_swap:1,,2,191,4,74,2,,1,39
zombie/characters/IsoPlayer,updateRemotePlayer,()Z,STRUCTURAL,314,755,756,1,const_ref:214; opcode:66; var_slot:29; goto_swap:2; branch_target:1; return_swap:1; recomp_extra:1,,1,214,2,66,,1,1,29
zombie/iso/weather/WeatherPeriod,updateCurrentStage,()V,SORTED_MULTISET,316,645,643,-2,opcode:143; var_slot:72; const_ref:54; goto_swap:22; branch_target:20; return_swap:3; recomp_extra:2,,20,54,22,143,,2,3,72
zombie/iso/IsoMovingObject,postupdate,()V,STRUCTURAL,323,732,732,0,const_ref:233; branch_target:81; opcode:4; goto_swap:3; branch_inv:1; var_slot:1,1,81,233,3,4,,,,1
zombie/iso/weather/ClimateValues,updateValues,(DFLzombie/iso/weather/ClimateManager$DayInfo;Lzombie/iso/weather/ClimateManager$DayInfo;)V,SORTED_MULTISET,329,697,694,-3,opcode:153; const_ref:90; var_slot:79; orig_extra:3; goto_swap:2; branch_target:1; return_swap:1,,1,90,2,153,3,,1,79
zombie/network/MPStatistic,printCSVStatistic,()V,STRUCTURAL,332,573,574,1,opcode:191; var_slot:93; goto_swap:19; const_ref:18; branch_target:4; return_swap:4; recomp_extra:2; branch_inv:1,1,4,18,19,191,,2,4,93
zombie/ai/states/SwipeStatePlayer,CalcHitChance,(Lzombie/characters/IsoGameCharacter;Lzombie/inventory/types/HandWeapon;Lzombie/network/packets/hit/HitInfo;)I,STRUCTURAL,335,340,328,-12,opcode:198; var_slot:98; const_ref:18; orig_extra:12; goto_swap:4; return_swap:3; branch_target:2,,2,18,4,198,12,,3,98
zombie/iso/IsoGridSquare,testVisionAdjacent,(IIIZZ)Lzombie/iso/LosUtil$TestResults;,STRUCTURAL,335,424,420,-4,opcode:174; var_slot:77; return_swap:30; const_ref:27; goto_swap:23; orig_extra:3; branch_target:1,,1,27,23,174,3,,30,77
zombie/gameStates/IngameState,exit,()V,STRUCTURAL,344,439,439,0,opcode:229; const_ref:53; var_slot:36; goto_swap:23; branch_target:1; return_swap:1; orig_extra:1,,1,53,23,229,1,,1,36
zombie/core/physics/CarController,control_ForwardNew,(F)V,SORTED_MULTISET,350,468,478,10,opcode:195; var_slot:56; const_ref:49; branch_target:24; goto_swap:14; recomp_extra:11; return_swap:1,,24,49,14,195,,11,1,56
zombie/iso/LosUtil,lineClear,(Lzombie/iso/IsoCell;IIIIIIZI)Lzombie/iso/LosUtil$TestResults;,STRUCTURAL,351,490,484,-6,var_slot:131; opcode:116; const_ref:68; goto_swap:17; return_swap:9; orig_extra:6; branch_target:4,,4,68,17,116,6,,9,131
zombie/iso/IsoGridSquare,DoCutawayShader,(Lzombie/iso/IsoObject;Lzombie/iso/IsoDirections;ZZZZZZZLzombie/iso/sprite/shapers/WallShaperWhole;)V,SORTED_MULTISET,352,721,733,12,const_ref:227; branch_target:106; opcode:18; goto_swap:1,,106,227,1,18,,,,
zombie/iso/IsoGridSquare,CalculateCollide,(Lzombie/iso/IsoGridSquare;ZZZZLzombie/iso/IsoGridSquare$GetSquare;)Z,SORTED_MULTISET,362,1094,1094,0,const_ref:354; branch_inv:4; branch_target:4,4,4,354,,,,,,
zombie/iso/weather/WorldFlares$Flare,applyFlare,(Lzombie/core/opengl/RenderSettings$PlayerRenderSettings;ILzombie/characters/IsoPlayer;)V,SORTED_MULTISET,370,399,413,14,opcode:211; var_slot:92; const_ref:30; goto_swap:21; recomp_extra:14; branch_target:1; return_swap:1,,1,30,21,211,,14,1,92
zombie/util/AddCoopPlayer,update,()V,STRUCTURAL,373,419,416,-3,opcode:203; var_slot:107; const_ref:33; goto_swap:20; branch_target:4; orig_extra:4; return_swap:2,,4,33,20,203,4,,2,107
zombie/iso/IsoMetaGrid,loadZone,(Ljava/nio/ByteBuffer;I)V,SORTED_MULTISET,377,435,435,0,opcode:162; var_slot:144; const_ref:26; goto_swap:25; branch_target:14; return_swap:5; branch_inv:1,1,14,26,25,162,,,5,144
zombie/core/skinnedmodel/model/ModelInstance$PlayerData,completeFrameLightsForFrame,()V,STRUCTURAL,383,463,463,0,opcode:215; var_slot:128; goto_swap:15; const_ref:15; branch_target:7; branch_inv:2; orig_extra:1,2,7,15,15,215,1,,,128
zombie/iso/IsoObjectPicker,ContextPick,(II)Lzombie/iso/IsoObjectPicker$ClickObject;,STRUCTURAL,390,450,450,0,opcode:211; var_slot:119; const_ref:25; goto_swap:20; branch_target:5; return_swap:5; orig_extra:4; branch_inv:1,1,5,25,20,211,4,,5,119
zombie/vehicles/CollideWithObstacles,resolveCollision,(Lzombie/characters/IsoGameCharacter;FFLorg/joml/Vector2f;)Lorg/joml/Vector2f;,STRUCTURAL,404,927,926,-1,const_ref:209; opcode:104; var_slot:72; goto_swap:13; branch_target:3; branch_inv:1; return_swap:1; orig_extra:1,1,3,209,13,104,1,,1,72
zombie/vehicles/VehicleManager,serverPacket,(Ljava/nio/ByteBuffer;Lzombie/core/raknet/UdpConnection;S)V,FUZZY_COMPUTATION,412,537,541,4,const_ref:326; opcode:39; branch_target:21; var_slot:15; goto_swap:6; recomp_extra:4; return_swap:1,,21,326,6,39,,4,1,15
zombie/inventory/types/Clothing,DoTooltip,(Lzombie/ui/ObjectTooltip;Lzombie/ui/ObjectTooltip$Layout;)V,SORTED_MULTISET,446,838,839,1,opcode:165; var_slot:116; const_ref:95; branch_target:56; goto_swap:8; recomp_extra:3; return_swap:2; branch_inv:1,1,56,95,8,165,,3,2,116
zombie/iso/Helicopter,update,()V,STRUCTURAL,466,488,488,0,opcode:307; var_slot:111; goto_swap:37; const_ref:6; return_swap:3; branch_inv:1; branch_target:1,1,1,6,37,307,,,3,111
zombie/vehicles/VehicleManager,clientPacket,(Ljava/nio/ByteBuffer;)V,STRUCTURAL,467,577,577,0,const_ref:355; branch_target:53; var_slot:41; opcode:17; goto_swap:1,,53,355,1,17,,,,41
zombie/erosion/ErosionConfig,readFile,(Ljava/lang/String;)Z,SORTED_MULTISET,479,495,493,-2,opcode:234; var_slot:141; goto_swap:94; const_ref:5; branch_target:2; orig_extra:2; return_swap:1,,2,5,94,234,2,,1,141
zombie/characters/IsoGameCharacter,<init>,(Lzombie/iso/IsoCell;FFF)V,STRUCTURAL,484,1114,1114,0,const_ref:482; branch_target:1; branch_inv:1,1,1,482,,,,,,
zombie/characters/ClothingWetness,updateWetness,(FF)V,SORTED_MULTISET,491,694,698,4,opcode:252; var_slot:160; goto_swap:36; const_ref:28; branch_target:8; recomp_extra:5; branch_inv:1; return_swap:1,1,8,28,36,252,,5,1,160
zombie/gameStates/ChooseGameInfo,readModInfoAux,(Ljava/lang/String;)Lzombie/gameStates/ChooseGameInfo$Mod;,SORTED_MULTISET,492,509,514,5,opcode:241; var_slot:145; goto_swap:41; const_ref:38; return_swap:15; branch_target:9; recomp_extra:3,,9,38,41,241,,3,15,145
zombie/scripting/objects/VehicleScript,Load,(Ljava/lang/String;Ljava/lang/String;)V,SORTED_MULTISET,528,1035,1033,-2,opcode:248; var_slot:162; branch_target:57; goto_swap:55; const_ref:5; orig_extra:1,,57,5,55,248,1,,,162
zombie/inventory/RecipeManager,PerformMakeItem,(Lzombie/scripting/objects/Recipe;Lzombie/inventory/InventoryItem;Lzombie/characters/IsoGameCharacter;Ljava/util/ArrayList;)Lzombie/inventory/InventoryItem;,STRUCTURAL,529,524,524,0,opcode:283; var_slot:172; goto_swap:40; const_ref:29; return_swap:4; branch_inv:1,1,,29,40,283,,,4,172
zombie/core/skinnedmodel/advancedanimation/AnimatedModel,DrawChar,(Lzombie/core/skinnedmodel/advancedanimation/AnimatedModel$AnimatedModelInstanceRenderData;)V,SORTED_MULTISET,568,600,591,-9,opcode:348; var_slot:156; const_ref:36; orig_extra:12; goto_swap:10; return_swap:5; branch_inv:1,1,,36,10,348,12,,5,156
zombie/scripting/objects/EvolvedRecipe,addItem,(Lzombie/inventory/InventoryItem;Lzombie/inventory/InventoryItem;Lzombie/characters/IsoGameCharacter;)Lzombie/inventory/InventoryItem;,STRUCTURAL,584,716,718,2,opcode:316; var_slot:211; const_ref:29; branch_target:12; goto_swap:11; return_swap:3; recomp_extra:2,,12,29,11,316,,2,3,211
zombie/iso/IsoCell,renderInternal,()V,SORTED_MULTISET,591,1321,1323,2,opcode:276; var_slot:186; const_ref:78; goto_swap:34; branch_target:12; recomp_extra:4; return_swap:1,,12,78,34,276,,4,1,186
zombie/iso/LosUtil,lineClearCached,(Lzombie/iso/IsoCell;IIIIIIZI)Lzombie/iso/LosUtil$TestResults;,STRUCTURAL,593,882,876,-6,opcode:249; var_slot:214; const_ref:78; goto_swap:20; orig_extra:17; return_swap:8; branch_target:7,,7,78,20,249,17,,8,214
zombie/vehicles/UI3DScene,fromLua1,(Ljava/lang/String;Ljava/lang/Object;)Ljava/lang/Object;,STRUCTURAL,601,789,789,0,const_ref:236; opcode:198; var_slot:121; return_swap:30; goto_swap:10; branch_target:2; branch_inv:2; orig_extra:2,2,2,236,10,198,2,,30,121
zombie/iso/IsoWorld,LoadTileDefinitions,(Lzombie/iso/sprite/IsoSpriteManager;Ljava/lang/String;I)V,STRUCTURAL,621,2145,2142,-3,opcode:275; var_slot:222; goto_swap:73; const_ref:40; branch_target:9; return_swap:1; orig_extra:1,,9,40,73,275,1,,1,222
zombie/iso/IsoChunk,AddVehicles_OnZone,(Lzombie/iso/IsoMetaGrid$VehicleZone;Ljava/lang/String;)V,SORTED_MULTISET,634,740,739,-1,opcode:366; var_slot:168; const_ref:52; goto_swap:39; branch_target:6; return_swap:2; orig_extra:1,,6,52,39,366,1,,2,168
zombie/iso/objects/IsoThumpable,isAdjacentToSquare,(Lzombie/iso/IsoGridSquare;)Z,STRUCTURAL,669,689,689,0,opcode:351; var_slot:195; return_swap:92; branch_target:23; const_ref:5; goto_swap:2; branch_inv:1,1,23,5,2,351,,,92,195
zombie/iso/IsoCell$SnowGrid,init,(I)Lzombie/iso/IsoCell$SnowGrid;,SORTED_MULTISET,702,708,713,5,opcode:372; var_slot:234; goto_swap:62; const_ref:15; recomp_extra:15; branch_target:3; return_swap:1,,3,15,62,372,,15,1,234
zombie/vehicles/UI3DScene,fromLua2,(Ljava/lang/String;Ljava/lang/Object;Ljava/lang/Object;)Ljava/lang/Object;,STRUCTURAL,776,998,998,0,const_ref:516; opcode:132; var_slot:85; return_swap:27; branch_target:7; branch_inv:3; goto_swap:3; orig_extra:3,3,7,516,3,132,3,,27,85
zombie/core/skinnedmodel/model/ModelLoader,loadTxt,(Ljava/lang/String;ZZLzombie/core/skinnedmodel/model/SkinningData;)Lzombie/core/skinnedmodel/model/ModelTxt;,SORTED_MULTISET,929,951,952,1,opcode:415; var_slot:368; const_ref:76; goto_swap:63; branch_target:3; recomp_extra:3; return_swap:1,,3,76,63,415,,3,1,368
zombie/creative/creativerects/OpenSimplexNoise,eval,(DDD)D,STRUCTURAL,952,1951,1943,-8,opcode:365; var_slot:311; const_ref:234; goto_swap:28; orig_extra:8; branch_target:5; return_swap:1,,5,234,28,365,8,,1,311
zombie/vehicles/VehicleManager,clientReceiveUpdate,(Ljava/nio/ByteBuffer;)V,STRUCTURAL,962,977,976,-1,opcode:450; var_slot:338; goto_swap:85; const_ref:80; return_swap:6; branch_target:1; branch_inv:1; orig_extra:1,1,1,80,85,450,1,,6,338
zombie/ui/UIManager,update,()V,SORTED_MULTISET,965,1092,1090,-2,opcode:555; var_slot:186; const_ref:145; goto_swap:64; branch_target:7; orig_extra:4; branch_inv:3; return_swap:1,3,7,145,64,555,4,,1,186
zombie/vehicles/PolygonalMap2,findPath,(Lzombie/vehicles/PolygonalMap2$PathFindRequest;Z)Z,FUZZY_COMPUTATION,1041,1620,1616,-4,const_ref:509; opcode:296; var_slot:187; goto_swap:35; branch_target:6; return_swap:5; orig_extra:3,,6,509,35,296,3,,5,187
zombie/inventory/InventoryItem,DoTooltip,(Lzombie/ui/ObjectTooltip;)V,SORTED_MULTISET,1060,1172,1172,0,opcode:593; var_slot:291; const_ref:145; goto_swap:20; orig_extra:6; branch_target:4; return_swap:1,,4,145,20,593,6,,1,291
zombie/network/GameServer,main,([Ljava/lang/String;)V,SORTED_MULTISET,1268,1823,1824,1,const_ref:580; opcode:417; var_slot:108; branch_target:101; goto_swap:52; return_swap:8; branch_inv:1; recomp_extra:1,1,101,580,52,417,,1,8,108
zombie/characters/IsoGameCharacter,renderlast,()V,SORTED_MULTISET,2846,2923,2932,9,opcode:1767; var_slot:660; const_ref:347; goto_swap:46; branch_target:13; recomp_extra:8; return_swap:3; branch_inv:2,2,13,347,46,1767,,8,3,660
zombie/creative/creativerects/OpenSimplexNoise,eval,(DDDD)D,STRUCTURAL,3298,4887,4907,20,opcode:1332; var_slot:1049; const_ref:673; goto_swap:120; branch_target:115; orig_extra:8; return_swap:1,,115,673,120,1332,8,,1,1049
