full_class,package,class_name,is_inner_class,method_name,descriptor,match_tier,raw_similarity_pct,orig_insns,recomp_insns,insn_diff
zombie.util.list.PZConvertList,zombie.util.list,PZConvertList,False,replaceAll,(Ljava/util/function/UnaryOperator;)V,SORTED_MULTISET,50,28,27,-1
zombie.core.skinnedmodel.HelperFunctions,zombie.core.skinnedmodel,HelperFunctions,False,CreateFromQuaternionPositionScale,(Lorg/lwjgl/util/vector/Vector3f;Lorg/lwjgl/util/vector/Quaternion;Lorg/lwjgl/util/vector/Vector3f;Lorg/lwjgl/util/vector/Matrix4f;Lorg/lwjgl/util/vector/Matrix4f;Lorg/lwjgl/util/vector/Matrix4f;Lorg/lwjgl/util/vector/Matrix4f;)V,STRUCTURAL,50,38,32,-6
zombie.vehicles.UI3DScene,zombie.vehicles,UI3DScene,False,fromLua9,(Ljava/lang/String;Ljava/lang/Object;Ljava/lang/Object;Ljava/lang/Object;Ljava/lang/Object;Ljava/lang/Object;Ljava/lang/Object;Ljava/lang/Object;Ljava/lang/Object;Ljava/lang/Object;)Ljava/lang/Object;,STRUCTURAL,54.64,97,95,-2
zombie.core.raknet.VoiceManager$3,zombie.core.raknet,VoiceManager$3,True,call,(Lse/krka/kahlua/vm/LuaCallFrame;I)I,STRUCTURAL,57.14,49,49,0
zombie.erosion.categories.ErosionCategory,zombie.erosion.categories,ErosionCategory,False,updateObj,(Lzombie/erosion/ErosionData$Square;Lzombie/erosion/categories/ErosionCategory$Data;Lzombie/iso/IsoGridSquare;Lzombie/erosion/obj/ErosionObj;ZIIZ)V,SORTED_MULTISET,58.62,58,57,-1
zombie.iso.IsoMetaGrid,zombie.iso,IsoMetaGrid,False,getChunkData,(II)Lzombie/iso/IsoMetaChunk;,STRUCTURAL,62.5,64,60,-4
zombie.ui.UIManager,zombie.ui,UIManager,False,DrawTexture,(Lzombie/core/textures/Texture;DD)V,STRUCTURAL,63.64,33,29,-4
zombie.ai.states.SwipeStatePlayer,zombie.ai.states,SwipeStatePlayer,False,los,(IIIIILzombie/ai/states/SwipeStatePlayer$LOSVisitor;)Lzombie/iso/LosUtil$TestResults;,STRUCTURAL,65.75,181,177,-4
zombie.network.ServerGUI,zombie.network,ServerGUI,False,updateCamera,(Lzombie/characters/IsoPlayer;)V,STRUCTURAL,66.4,125,123,-2
zombie.WorldSoundManager,zombie,WorldSoundManager,False,getBiggestSoundZomb,(IIIZLzombie/characters/IsoZombie;)Lzombie/WorldSoundManager$ResultBiggestSound;,STRUCTURAL,66.47,170,168,-2
zombie.gameStates.AnimationViewerState,zombie.gameStates,AnimationViewerState,False,fromLua1,(Ljava/lang/String;Ljava/lang/Object;)Ljava/lang/Object;,STRUCTURAL,66.67,24,22,-2
zombie.vehicles.VehicleManager,zombie.vehicles,VehicleManager,False,serverPacket,(Ljava/nio/ByteBuffer;Lzombie/core/raknet/UdpConnection;S)V,FUZZY_COMPUTATION,67.41,537,541,4
zombie.iso.IsoGridSquare,zombie.iso,IsoGridSquare,False,EnsureSurroundNotNull,()V,SORTED_MULTISET,67.74,93,91,-2
zombie.vehicles.VehicleManager,zombie.vehicles,VehicleManager,False,clientPacket,(Ljava/nio/ByteBuffer;)V,STRUCTURAL,68.11,577,577,0
zombie.core.WinReqistry$StreamReader,zombie.core,WinReqistry$StreamReader,True,run,()V,SORTED_MULTISET,69.23,13,15,2
zombie.Lua.LuaEventManager,zombie.Lua,LuaEventManager,False,triggerEvent,(Ljava/lang/String;)V,STRUCTURAL,69.57,23,20,-3
zombie.characters.IsoPlayer,zombie.characters,IsoPlayer,False,hopFence,(Lzombie/iso/IsoDirections;Z)Z,STRUCTURAL,69.59,296,294,-2
zombie.core.skinnedmodel.HelperFunctions,zombie.core.skinnedmodel,HelperFunctions,False,getMatrix,()Lorg/lwjgl/util/vector/Matrix4f;,STRUCTURAL,70.37,27,25,-2
zombie.ui.UIManager,zombie.ui,UIManager,False,DrawTexture,(Lzombie/core/textures/Texture;DDDDD)V,STRUCTURAL,70.59,34,30,-4
zombie.inventory.RecipeManager,zombie.inventory,RecipeManager,False,PerformMakeItem,(Lzombie/scripting/objects/Recipe;Lzombie/inventory/InventoryItem;Lzombie/characters/IsoGameCharacter;Ljava/util/ArrayList;)Lzombie/inventory/InventoryItem;,STRUCTURAL,70.8,524,524,0
zombie.network.NetChecksum$Comparer,zombie.network,NetChecksum$Comparer,True,serverPacket,(Ljava/nio/ByteBuffer;Lzombie/core/raknet/UdpConnection;)V,SORTED_MULTISET,71.2,375,374,-1
zombie.characters.IsoZombie,zombie.characters,IsoZombie,False,addAggro,(Lzombie/iso/IsoMovingObject;F)V,SORTED_MULTISET,71.23,73,72,-1
zombie.util.list.PrimitiveFloatList,zombie.util.list,PrimitiveFloatList,False,forEach,(Ljava/util/function/Consumer;)V,SORTED_MULTISET,71.43,7,6,-1
zombie.core.IndieFileLoader,zombie.core,IndieFileLoader,False,getStreamReader,(Ljava/lang/String;Z)Ljava/io/InputStreamReader;,SORTED_MULTISET,71.79,39,43,4
zombie.iso.IsoObject,zombie.iso,IsoObject,False,getNew,(Lzombie/iso/IsoGridSquare;Ljava/lang/String;Ljava/lang/String;Z)Lzombie/iso/IsoObject;,SORTED_MULTISET,71.93,57,59,2
zombie.iso.IsoCell,zombie.iso,IsoCell,False,getHeatSourceHighestTemperature,(FIII)F,STRUCTURAL,72.39,134,136,2
zombie.vehicles.BaseVehicle,zombie.vehicles,BaseVehicle,False,canAttachTrailer,(Lzombie/vehicles/BaseVehicle;Ljava/lang/String;Ljava/lang/String;Z)Z,STRUCTURAL,72.59,135,135,0
zombie.SandboxOptions$BooleanSandboxOption,zombie,SandboxOptions$BooleanSandboxOption,True,fromTable,(Lse/krka/kahlua/vm/KahluaTable;)V,SORTED_MULTISET,72.73,22,18,-4
zombie.SandboxOptions$DoubleSandboxOption,zombie,SandboxOptions$DoubleSandboxOption,True,fromTable,(Lse/krka/kahlua/vm/KahluaTable;)V,SORTED_MULTISET,72.73,22,18,-4
zombie.SandboxOptions$EnumSandboxOption,zombie,SandboxOptions$EnumSandboxOption,True,fromTable,(Lse/krka/kahlua/vm/KahluaTable;)V,SORTED_MULTISET,72.73,22,18,-4
zombie.SandboxOptions$IntegerSandboxOption,zombie,SandboxOptions$IntegerSandboxOption,True,fromTable,(Lse/krka/kahlua/vm/KahluaTable;)V,SORTED_MULTISET,72.73,22,18,-4
zombie.SandboxOptions$StringSandboxOption,zombie,SandboxOptions$StringSandboxOption,True,fromTable,(Lse/krka/kahlua/vm/KahluaTable;)V,SORTED_MULTISET,72.73,22,18,-4
zombie.Lua.LuaManager$GlobalObject,zombie.Lua,LuaManager$GlobalObject,True,createTile,(Ljava/lang/String;Lzombie/iso/IsoGridSquare;)V,STRUCTURAL,72.92,48,45,-3
zombie.iso.IsoChunk,zombie.iso,IsoChunk,False,AddCorpses,(II)V,SORTED_MULTISET,73.44,241,243,2
zombie.core.skinnedmodel.model.HeightTerrain,zombie.core.skinnedmodel.model,HeightTerrain,False,<init>,(II)V,STRUCTURAL,73.54,567,563,-4
zombie.gameStates.DebugChunkState,zombie.gameStates,DebugChunkState,False,fromLua2,(Ljava/lang/String;Ljava/lang/Object;Ljava/lang/Object;)Ljava/lang/Object;,STRUCTURAL,73.58,53,51,-2
zombie.gameStates.DebugGlobalObjectState,zombie.gameStates,DebugGlobalObjectState,False,fromLua2,(Ljava/lang/String;Ljava/lang/Object;Ljava/lang/Object;)Ljava/lang/Object;,STRUCTURAL,73.58,53,51,-2
zombie.iso.objects.IsoDoor,zombie.iso.objects,IsoDoor,False,toggleDoubleDoor,(Lzombie/iso/IsoObject;Z)V,SORTED_MULTISET,73.86,88,82,-6
zombie.radio.media.RecordedMedia,zombie.radio.media,RecordedMedia,False,save,()V,STRUCTURAL,74.17,120,116,-4
zombie.core.textures.ImageData,zombie.core.textures,ImageData,False,generateMipMaps,()V,STRUCTURAL,74.39,82,78,-4
zombie.iso.IsoGridSquare,zombie.iso,IsoGridSquare,False,renderCharacters,(IZZ)V,SORTED_MULTISET,74.45,137,131,-6
zombie.characters.IsoPlayer,zombie.characters,IsoPlayer,False,isSafeToClimbOver,(Lzombie/iso/IsoDirections;)Z,SORTED_MULTISET,74.73,91,93,2
zombie.core.math.PZMath,zombie.core.math,PZMath,False,clamp,(III)I,STRUCTURAL,75,8,10,2
zombie.iso.objects.IsoWindow,zombie.iso.objects,IsoWindow,False,removeSheetRope,(Lzombie/characters/IsoPlayer;Lzombie/iso/IsoGridSquare;Z)Z,STRUCTURAL,75.22,230,229,-1
zombie.network.ServerWorldDatabase,zombie.network,ServerWorldDatabase,False,changePwd,(Ljava/lang/String;Ljava/lang/String;Ljava/lang/String;)Ljava/lang/String;,STRUCTURAL,75.47,53,49,-4
zombie.ai.states.SwipeStatePlayer,zombie.ai.states,SwipeStatePlayer,False,DoSwingCollisionBoneCheck,(Lzombie/characters/IsoGameCharacter;Lzombie/inventory/types/HandWeapon;Lzombie/characters/IsoGameCharacter;IF)I,STRUCTURAL,75.49,102,98,-4
zombie.ai.ZombieGroupManager,zombie.ai,ZombieGroupManager,False,lineClearCollideCount,(Lzombie/iso/IsoMovingObject;Lzombie/iso/IsoCell;IIIIIIILzombie/iso/Vector3;)I,STRUCTURAL,75.99,404,392,-12
zombie.input.ControllerStateCache,zombie.input,ControllerStateCache,False,poll,()V,STRUCTURAL,76.19,21,18,-3
zombie.input.KeyboardStateCache,zombie.input,KeyboardStateCache,False,poll,()V,STRUCTURAL,76.19,21,18,-3
zombie.input.MouseStateCache,zombie.input,MouseStateCache,False,poll,()V,STRUCTURAL,76.19,21,18,-3
zombie.iso.weather.fx.IsoWeatherFX,zombie.iso.weather.fx,IsoWeatherFX,False,render,()V,SORTED_MULTISET,76.19,42,41,-1
zombie.iso.objects.IsoDoor,zombie.iso.objects,IsoDoor,False,addSheet,(Lzombie/characters/IsoGameCharacter;)V,SORTED_MULTISET,76.25,80,82,2
zombie.debug.DebugOptions,zombie.debug,DebugOptions,False,testThreadCrashInternal,(I)V,SORTED_MULTISET,76.32,38,37,-1
zombie.worldMap.WorldMapRenderer$Drawer,zombie.worldMap,WorldMapRenderer$Drawer,True,renderZones,(Ljava/util/ArrayList;Ljava/lang/String;FFFF)V,SORTED_MULTISET,76.7,528,533,5
zombie.core.skinnedmodel.model.ModelLoader,zombie.core.skinnedmodel.model,ModelLoader,False,loadTxt,(Ljava/lang/String;ZZLzombie/core/skinnedmodel/model/SkinningData;)Lzombie/core/skinnedmodel/model/ModelTxt;,SORTED_MULTISET,76.97,951,952,1
zombie.ai.states.ZombieOnGroundState,zombie.ai.states,ZombieOnGroundState,False,DoCollisionBoneCheck,(Lzombie/characters/IsoGameCharacter;Lzombie/characters/IsoGameCharacter;IF)I,STRUCTURAL,77.01,87,85,-2
zombie.Lua.LuaManager$GlobalObject,zombie.Lua,LuaManager$GlobalObject,True,getLatestSave,()Lse/krka/kahlua/vm/KahluaTable;,STRUCTURAL,77.08,48,46,-2
zombie.iso.ChunkSaveWorker,zombie.iso,ChunkSaveWorker,False,Update,(Lzombie/iso/IsoChunk;)V,STRUCTURAL,77.78,54,56,2
zombie.ai.states.ClimbOverFenceState,zombie.ai.states,ClimbOverFenceState,False,setParams,(Lzombie/characters/IsoGameCharacter;Lzombie/iso/IsoDirections;)V,SORTED_MULTISET,78.19,188,184,-4
zombie.iso.LosUtil,zombie.iso,LosUtil,False,lineClearCollideCount,(Lzombie/characters/IsoGameCharacter;Lzombie/iso/IsoCell;IIIIII)I,STRUCTURAL,78.19,353,341,-12
zombie.Lua.MapObjects,zombie.Lua,MapObjects,False,newGridSquare,(Lzombie/iso/IsoGridSquare;)V,STRUCTURAL,78.23,124,122,-2
zombie.Lua.MapObjects,zombie.Lua,MapObjects,False,loadGridSquare,(Lzombie/iso/IsoGridSquare;)V,STRUCTURAL,78.23,124,122,-2
zombie.network.ServerLOS,zombie.network,ServerLOS,False,addPlayer,(Lzombie/characters/IsoPlayer;)V,STRUCTURAL,78.26,46,43,-3
zombie.vehicles.BaseVehicle,zombie.vehicles,BaseVehicle,False,addPointConstraint,(Lzombie/characters/IsoPlayer;Lzombie/vehicles/BaseVehicle;Ljava/lang/String;Ljava/lang/String;Ljava/lang/Boolean;)V,STRUCTURAL,78.31,189,189,0
zombie.characters.BodyDamage.Fitness,zombie.characters.BodyDamage,Fitness,False,update,()V,FUZZY_COMPUTATION,78.32,143,131,-12
zombie.inventory.ItemPickerJava,zombie.inventory,ItemPickerJava,False,fillContainer,(Lzombie/inventory/ItemContainer;Lzombie/characters/IsoPlayer;)V,SORTED_MULTISET,78.41,227,224,-3
zombie.worldMap.WorldMapRenderer$Drawer,zombie.worldMap,WorldMapRenderer$Drawer,True,outlinePolygon,(Lzombie/worldMap/WorldMapGeometry;FFF)V,SORTED_MULTISET,78.43,102,106,4
zombie.iso.IsoWaterGeometry,zombie.iso,IsoWaterGeometry,False,hideWaterObjects,(Lzombie/iso/IsoGridSquare;)V,STRUCTURAL,78.57,84,83,-1
zombie.core.textures.Pcx,zombie.core.textures,Pcx,False,loadPCX,(Ljava/net/URL;)I,STRUCTURAL,78.57,294,293,-1
zombie.core.skinnedmodel.population.ClothingItemAssetManager,zombie.core.skinnedmodel.population,ClothingItemAssetManager,False,onFileTaskFinished,(Lzombie/core/skinnedmodel/population/ClothingItem;Ljava/lang/Object;)V,STRUCTURAL,78.65,89,87,-2
zombie.VirtualZombieManager,zombie,VirtualZombieManager,False,AddBloodToMap,(ILzombie/iso/IsoChunk;)V,SORTED_MULTISET,78.79,99,101,2
zombie.erosion.ErosionConfig,zombie.erosion,ErosionConfig,False,readFile,(Ljava/lang/String;)Z,SORTED_MULTISET,78.79,495,493,-2
zombie.core.Collections.NonBlockingHashMap$SnapshotV,zombie.core.Collections,NonBlockingHashMap$SnapshotV,True,<init>,(Lzombie/core/Collections/NonBlockingHashMap;)V,STRUCTURAL,79.17,24,23,-1
zombie.core.Collections.NonBlockingHashtable$SnapshotV,zombie.core.Collections,NonBlockingHashtable$SnapshotV,True,<init>,(Lzombie/core/Collections/NonBlockingHashtable;)V,STRUCTURAL,79.17,24,23,-1
zombie.core.Collections.NonBlockingIdentityHashMap$SnapshotV,zombie.core.Collections,NonBlockingIdentityHashMap$SnapshotV,True,<init>,(Lzombie/core/Collections/NonBlockingIdentityHashMap;)V,STRUCTURAL,79.17,24,23,-1
zombie.gameStates.AttachmentEditorState,zombie.gameStates,AttachmentEditorState,False,fromLua0,(Ljava/lang/String;)Ljava/lang/Object;,STRUCTURAL,79.17,24,22,-2
zombie.worldMap.editor.WorldMapEditorState,zombie.worldMap.editor,WorldMapEditorState,False,fromLua0,(Ljava/lang/String;)Ljava/lang/Object;,STRUCTURAL,79.17,24,22,-2
zombie.scripting.objects.Fixing,zombie.scripting.objects,Fixing,False,usedInFixer,(Lzombie/inventory/InventoryItem;Lzombie/characters/IsoGameCharacter;)Lzombie/scripting/objects/Fixing$Fixer;,STRUCTURAL,79.25,53,53,0
zombie.core.textures.Pcx,zombie.core.textures,Pcx,False,loadPCXpal,(Ljava/lang/String;)I,STRUCTURAL,79.49,156,152,-4
zombie.core.znet.SteamWorkshopItem,zombie.core.znet,SteamWorkshopItem,False,validateContents,()Ljava/lang/String;,SORTED_MULTISET,79.49,156,155,-1
zombie.creative.creativerects.OpenSimplexNoise,zombie.creative.creativerects,OpenSimplexNoise,False,eval,(DDDD)D,FUZZY_COMPUTATION,79.64,4887,4843,-44
zombie.iso.IsoGridSquare,zombie.iso,IsoGridSquare,False,removeSheetRopeFromBottom,(Lzombie/characters/IsoPlayer;Z)Z,SORTED_MULTISET,79.84,258,257,-1
zombie.core.math.PZMath,zombie.core.math,PZMath,False,clamp,(FFF)F,STRUCTURAL,80,10,12,2
zombie.core.math.PZMath,zombie.core.math,PZMath,False,clamp,(JJJ)J,STRUCTURAL,80,10,12,2
zombie.text.templating.TemplateText,zombie.text.templating,TemplateText,False,RandNext,(II)I,STRUCTURAL,80,20,20,0
zombie.savefile.PlayerDB$SQLPlayerStore,zombie.savefile,PlayerDB$SQLPlayerStore,True,isInDB,(I)Z,SORTED_MULTISET,80,35,31,-4
zombie.vehicles.VehiclesDB2$SQLStore,zombie.vehicles,VehiclesDB2$SQLStore,True,isInDB,(I)Z,SORTED_MULTISET,80,35,31,-4
zombie.Lua.LuaManager$GlobalObject,zombie.Lua,LuaManager$GlobalObject,True,proceedPM,(Ljava/lang/String;)Ljava/lang/String;,SORTED_MULTISET,80,40,39,-1
zombie.iso.sprite.IsoAnim,zombie.iso.sprite,IsoAnim,False,LoadFramesBitRepeatFrame,(Ljava/lang/String;Ljava/lang/String;I)V,STRUCTURAL,80,75,71,-4
zombie.vehicles.AttackVehicleState,zombie.vehicles,AttackVehicleState,False,isPassengerExposed,(Lzombie/characters/IsoGameCharacter;)Z,FUZZY_COMPUTATION,80,80,82,2
zombie.core.Collections.NonBlockingIdentityHashMap,zombie.core.Collections,NonBlockingIdentityHashMap,False,putIfMatch,(Lzombie/core/Collections/NonBlockingIdentityHashMap;[Ljava/lang/Object;Ljava/lang/Object;Ljava/lang/Object;Ljava/lang/Object;)Ljava/lang/Object;,SORTED_MULTISET,80.08,256,258,2
zombie.iso.IsoRoofFixer,zombie.iso,IsoRoofFixer,False,getRoofFloorForColumn,(Lzombie/iso/IsoGridSquare;)Lzombie/iso/IsoGridSquare;,SORTED_MULTISET,80.34,295,295,0
zombie.core.Collections.NonBlockingHashMap,zombie.core.Collections,NonBlockingHashMap,False,putIfMatch,(Lzombie/core/Collections/NonBlockingHashMap;[Ljava/lang/Object;Ljava/lang/Object;Ljava/lang/Object;Ljava/lang/Object;)Ljava/lang/Object;,SORTED_MULTISET,80.52,267,269,2
zombie.core.Collections.NonBlockingHashtable,zombie.core.Collections,NonBlockingHashtable,False,putIfMatch,(Lzombie/core/Collections/NonBlockingHashtable;[Ljava/lang/Object;Ljava/lang/Object;Ljava/lang/Object;Ljava/lang/Object;)Ljava/lang/Object;,SORTED_MULTISET,80.52,267,269,2
zombie.fileSystem.FileSystemImpl,zombie.fileSystem,FileSystemImpl,False,hasWork,()Z,SORTED_MULTISET,80.56,36,32,-4
zombie.SandboxOptions,zombie,SandboxOptions,False,upgradeLuaTable,(Ljava/lang/String;Lse/krka/kahlua/vm/KahluaTable;I)Lse/krka/kahlua/vm/KahluaTable;,STRUCTURAL,80.65,62,62,0
zombie.Lua.LuaManager,zombie.Lua,LuaManager,False,finishChecksum,()V,SORTED_MULTISET,80.95,21,19,-2
zombie.iso.weather.WeatherPeriod,zombie.iso.weather,WeatherPeriod,False,RandNext,(II)I,STRUCTURAL,80.95,21,21,0
zombie.iso.IsoChunk,zombie.iso,IsoChunk,False,checkAdjacentChunks,()V,SORTED_MULTISET,80.95,42,41,-1
zombie.core.raknet.UdpEngine,zombie.core.raknet,UdpEngine,False,decode,(Ljava/nio/ByteBuffer;)V,SORTED_MULTISET,81.12,339,338,-1
zombie.network.GameServer,zombie.network,GameServer,False,receiveSyncDoorKey,(Ljava/nio/ByteBuffer;Lzombie/core/raknet/UdpConnection;S)V,SORTED_MULTISET,81.13,106,104,-2
zombie.iso.BrokenFences,zombie.iso,BrokenFences,False,addDebrisObject,(Lzombie/iso/IsoObject;Lzombie/iso/IsoDirections;)V,SORTED_MULTISET,81.18,85,87,2
zombie.network.GameServer,zombie.network,GameServer,False,receiveSyncThumpable,(Ljava/nio/ByteBuffer;Lzombie/core/raknet/UdpConnection;S)V,SORTED_MULTISET,81.25,128,126,-2
zombie.iso.sprite.shapers.SpritePadding,zombie.iso.sprite.shapers,SpritePadding,False,applyPaddingBorder,(Lzombie/core/textures/TextureDraw;FF)V,STRUCTURAL,81.36,59,55,-4
zombie.iso.areas.IsoBuilding,zombie.iso.areas,IsoBuilding,False,hasWater,()Z,SORTED_MULTISET,81.4,43,40,-3
zombie.network.GameClient,zombie.network,GameClient,False,receiveItemStats,(Ljava/nio/ByteBuffer;S)V,STRUCTURAL,81.6,163,164,1
zombie.worldMap.WorldMapRenderer$Drawer,zombie.worldMap,WorldMapRenderer$Drawer,True,outlineTriangles,(Lzombie/worldMap/WorldMapGeometry;FFF)V,SORTED_MULTISET,81.65,158,160,2
zombie.vehicles.VehicleManager,zombie.vehicles,VehicleManager,False,clientReceiveUpdate,(Ljava/nio/ByteBuffer;)V,STRUCTURAL,81.68,977,976,-1
zombie.iso.IsoGridSquare,zombie.iso,IsoGridSquare,False,toBoolean,([B)Z,STRUCTURAL,81.82,11,11,0
zombie.iso.LosUtil,zombie.iso,LosUtil,False,lineClear,(Lzombie/iso/IsoCell;IIIIIIZI)Lzombie/iso/LosUtil$TestResults;,STRUCTURAL,81.84,490,478,-12
zombie.iso.objects.IsoFireManager,zombie.iso.objects,IsoFireManager,False,Fire_LightCalc,(Lzombie/iso/IsoGridSquare;Lzombie/iso/IsoGridSquare;I)V,SORTED_MULTISET,82.01,139,137,-2
zombie.Lua.LuaEventManager,zombie.Lua,LuaEventManager,False,triggerEvent,(Ljava/lang/String;Ljava/lang/Object;)V,STRUCTURAL,82.05,78,75,-3
zombie.core.znet.SteamWorkshopItem,zombie.core.znet,SteamWorkshopItem,False,validateModsFolder,(Ljava/nio/file/Path;)Ljava/lang/String;,SORTED_MULTISET,82.09,67,66,-1
zombie.iso.LosUtil,zombie.iso,LosUtil,False,lineClearCollide,(IIIIIIZ)Z,STRUCTURAL,82.15,325,313,-12
zombie.iso.LosUtil,zombie.iso,LosUtil,False,lineClearCached,(Lzombie/iso/IsoCell;IIIIIIZI)Lzombie/iso/LosUtil$TestResults;,STRUCTURAL,82.2,882,864,-18
zombie.network.GameClient,zombie.network,GameClient,False,sendItemStats,(Lzombie/inventory/InventoryItem;)V,STRUCTURAL,82.25,276,275,-1
zombie.ai.states.ClimbOverWallState,zombie.ai.states,ClimbOverWallState,False,setParams,(Lzombie/characters/IsoGameCharacter;Lzombie/iso/IsoDirections;)V,SORTED_MULTISET,82.41,216,212,-4
zombie.network.GameServer,zombie.network,GameServer,False,receiveItemStats,(Ljava/nio/ByteBuffer;Lzombie/core/raknet/UdpConnection;S)V,STRUCTURAL,82.44,205,202,-3
zombie.text.templating.TemplateText,zombie.text.templating,TemplateText,False,RandNext,(FF)F,STRUCTURAL,82.61,23,23,0
zombie.gameStates.DebugChunkState,zombie.gameStates,DebugChunkState,False,lineClearCached,(Lzombie/iso/IsoCell;IIIIIIZ)Lzombie/iso/LosUtil$TestResults;,SORTED_MULTISET,82.82,489,471,-18
zombie.gameStates.DebugChunkState,zombie.gameStates,DebugChunkState,False,IsBehindStuff,(Lzombie/iso/IsoGridSquare;)Z,STRUCTURAL,82.86,70,68,-2
zombie.network.ServerGUI,zombie.network,ServerGUI,False,RenderTiles,()V,STRUCTURAL,82.89,298,292,-6
zombie.gameStates.ChooseGameInfo,zombie.gameStates,ChooseGameInfo,False,readModInfoAux,(Ljava/lang/String;)Lzombie/gameStates/ChooseGameInfo$Mod;,SORTED_MULTISET,82.91,509,514,5
zombie.worldMap.ImagePyramid,zombie.worldMap,ImagePyramid,False,readInfoFile,()V,SORTED_MULTISET,82.98,141,145,4
zombie.iso.IsoGridSquare,zombie.iso,IsoGridSquare,False,getSpecialWall,(Z)Lzombie/iso/IsoObject;,STRUCTURAL,83.16,95,94,-1
zombie.vehicles.BaseVehicle,zombie.vehicles,BaseVehicle,False,setActiveInBullet,(Z)V,STRUCTURAL,83.33,6,6,0
zombie.GameSounds,zombie,GameSounds,False,loadNonBankSounds,()V,STRUCTURAL,83.33,24,24,0
zombie.iso.weather.WeatherPeriod,zombie.iso.weather,WeatherPeriod,False,RandNext,(FF)F,STRUCTURAL,83.33,24,24,0
zombie.core.VBO.GLVertexBufferObject,zombie.core.VBO,GLVertexBufferObject,False,init,()V,SORTED_MULTISET,83.33,30,27,-3
zombie.vehicles.UI3DScene$GridPlaneDrawer,zombie.vehicles,UI3DScene$GridPlaneDrawer,True,render,()V,SORTED_MULTISET,83.33,96,94,-2
zombie.characters.action.ActionContext,zombie.characters.action,ActionContext,False,getNextState,()Lzombie/characters/action/ActionState;,STRUCTURAL,83.59,128,127,-1
zombie.network.FakeClientManager,zombie.network,FakeClientManager,False,load,(Ljava/lang/String;)Ljava/util/HashMap;,SORTED_MULTISET,83.61,598,596,-2
zombie.iso.IsoMetaGrid,zombie.iso,IsoMetaGrid,False,getRandomRoomNotInRange,(FFI)Lzombie/iso/RoomDef;,SORTED_MULTISET,83.78,37,41,4
zombie.ai.states.ClimbThroughWindowState,zombie.ai.states,ClimbThroughWindowState,False,setParams,(Lzombie/characters/IsoGameCharacter;Lzombie/iso/IsoObject;)V,SORTED_MULTISET,83.78,296,295,-1
zombie.characters.action.conditions.CharacterVariableCondition,zombie.characters.action.conditions,CharacterVariableCondition,False,parseValue,(Ljava/lang/String;Z)Ljava/lang/Object;,SORTED_MULTISET,83.82,204,204,0
zombie.Lua.LuaEventManager,zombie.Lua,LuaEventManager,False,triggerEvent,(Ljava/lang/String;Ljava/lang/Object;Ljava/lang/Object;)V,STRUCTURAL,83.91,87,84,-3
zombie.ai.states.ClimbOverWallState,zombie.ai.states,ClimbOverWallState,False,getClimbableWallN,(Lzombie/iso/IsoGridSquare;)Lzombie/iso/IsoObject;,STRUCTURAL,84.09,44,43,-1
zombie.ai.states.ClimbOverWallState,zombie.ai.states,ClimbOverWallState,False,getClimbableWallW,(Lzombie/iso/IsoGridSquare;)Lzombie/iso/IsoObject;,STRUCTURAL,84.09,44,43,-1
zombie.input.GameKeyboard,zombie.input,GameKeyboard,False,update,()V,STRUCTURAL,84.27,178,177,-1
zombie.vehicles.CircleLineIntersect,zombie.vehicles,CircleLineIntersect,False,checkforcecirclescollidetime,(Ljava/util/List;Ljava/util/ArrayList;[D[ZZ)Lzombie/vehicles/CircleLineIntersect$Collideresult;,SORTED_MULTISET,84.28,2386,2377,-9
zombie.gameStates.AttachmentEditorState,zombie.gameStates,AttachmentEditorState,False,fromLua1,(Ljava/lang/String;Ljava/lang/Object;)Ljava/lang/Object;,STRUCTURAL,84.31,51,49,-2
zombie.vehicles.EditVehicleState,zombie.vehicles,EditVehicleState,False,fromLua1,(Ljava/lang/String;Ljava/lang/Object;)Ljava/lang/Object;,STRUCTURAL,84.31,51,49,-2
zombie.iso.IsoChunkMap,zombie.iso,IsoChunkMap,False,renderBloodForChunks,(I)V,SORTED_MULTISET,84.52,620,618,-2
zombie.iso.IsoCell,zombie.iso,IsoCell,False,recalculateAnyGridStacks,(Lzombie/iso/IsoCell$PerPlayerRender;IIJ)V,SORTED_MULTISET,84.55,440,436,-4
zombie.iso.areas.IsoBuilding,zombie.iso.areas,IsoBuilding,False,getFreeTile,()Lzombie/iso/IsoGridSquare;,SORTED_MULTISET,84.62,13,15,2
zombie.core.opengl.RenderThread,zombie.core.opengl,RenderThread,False,init,()V,STRUCTURAL,84.62,26,23,-3
zombie.input.ControllerStateCache,zombie.input,ControllerStateCache,False,swap,()V,STRUCTURAL,84.62,39,36,-3
zombie.input.KeyboardStateCache,zombie.input,KeyboardStateCache,False,swap,()V,STRUCTURAL,84.62,39,36,-3
zombie.input.MouseStateCache,zombie.input,MouseStateCache,False,swap,()V,STRUCTURAL,84.62,39,36,-3
zombie.core.Clipboard,zombie.core,Clipboard,False,getClipboard,()Ljava/lang/String;,SORTED_MULTISET,84.85,33,39,6
zombie.erosion.categories.WallCracks,zombie.erosion.categories,WallCracks,False,validateSpawn,(Lzombie/iso/IsoGridSquare;Lzombie/erosion/ErosionData$Square;Lzombie/erosion/ErosionData$Chunk;ZZZ)Z,STRUCTURAL,84.86,185,184,-1
zombie.network.ServerGUI,zombie.network,ServerGUI,False,renderCharacters,(Lzombie/iso/IsoGridSquare;Z)V,SORTED_MULTISET,85,140,133,-7
zombie.savefile.PlayerDBHelper,zombie.savefile,PlayerDBHelper,False,isPlayerAlive,(Ljava/lang/String;I)Z,SORTED_MULTISET,85.09,114,114,0
zombie.network.chat.ChatServer,zombie.network.chat,ChatServer,False,sendMessage,(Lzombie/chat/ChatMessage;)V,STRUCTURAL,85.19,27,24,-3
zombie.iso.objects.IsoWorldInventoryObject,zombie.iso.objects,IsoWorldInventoryObject,False,getWaterMax,()I,STRUCTURAL,85.19,54,51,-3
zombie.core.skinnedmodel.population.OutfitManager,zombie.core.skinnedmodel.population,OutfitManager,False,debugOutfit,(Lzombie/core/skinnedmodel/population/Outfit;)V,STRUCTURAL,85.25,61,62,1
zombie.ai.states.SwipeStatePlayer,zombie.ai.states,SwipeStatePlayer,False,CalcHitChance,(Lzombie/characters/IsoGameCharacter;Lzombie/inventory/types/HandWeapon;Lzombie/network/packets/hit/HitInfo;)I,STRUCTURAL,85.29,340,328,-12
zombie.core.textures.Pcx,zombie.core.textures,Pcx,False,loadPCXminusPal,(Ljava/lang/String;)I,STRUCTURAL,85.4,363,362,-1
zombie.Lua.LuaEventManager,zombie.Lua,LuaEventManager,False,triggerEvent,(Ljava/lang/String;Ljava/lang/Object;Ljava/lang/Object;Ljava/lang/Object;)V,STRUCTURAL,85.42,96,93,-3
zombie.iso.IsoGridSquare,zombie.iso,IsoGridSquare,False,FixStackableObjects,()V,STRUCTURAL,85.5,200,199,-1
zombie.iso.IsoCell,zombie.iso,IsoCell,False,getRandomOutdoorFreeTile,()Lzombie/iso/IsoGridSquare;,SORTED_MULTISET,85.54,83,85,2
zombie.iso.IsoGridSquare,zombie.iso,IsoGridSquare,False,isSameStaircase,(III)Z,SORTED_MULTISET,85.58,104,103,-1
zombie.vehicles.VehicleDBHelper,zombie.vehicles,VehicleDBHelper,False,isPlayerAlive,(Ljava/lang/String;I)Z,SORTED_MULTISET,85.59,118,120,2
zombie.iso.objects.IsoDoor,zombie.iso.objects,IsoDoor,False,isAdjacentToSquare,(Lzombie/iso/IsoGridSquare;)Z,STRUCTURAL,85.63,689,689,0
zombie.network.NetChecksum$Comparer,zombie.network,NetChecksum$Comparer,True,update,()V,SORTED_MULTISET,85.71,28,25,-3
zombie.iso.IsoCell,zombie.iso,IsoCell,False,getRandomFreeTile,()Lzombie/iso/IsoGridSquare;,SORTED_MULTISET,85.71,77,79,2
zombie.network.GameServerWorkshopItems,zombie.network,GameServerWorkshopItems,False,Install,(Ljava/util/ArrayList;)Z,STRUCTURAL,85.71,119,119,0
zombie.core.sprite.GenericSpriteRenderState,zombie.core.sprite,GenericSpriteRenderState,False,render,(Lzombie/core/textures/Texture;FFFFFFFFLjava/util/function/Consumer;)V,STRUCTURAL,85.83,240,236,-4
zombie.vehicles.UI3DScene,zombie.vehicles,UI3DScene,False,fromLua2,(Ljava/lang/String;Ljava/lang/Object;Ljava/lang/Object;)Ljava/lang/Object;,STRUCTURAL,85.87,998,998,0
zombie.worldMap.WorldMapVBOs,zombie.worldMap,WorldMapVBOs,False,drawElements,(IIII)V,STRUCTURAL,85.92,71,69,-2
zombie.ui.UIManager,zombie.ui,UIManager,False,update,()V,SORTED_MULTISET,85.99,1092,1085,-7
zombie.characters.IsoPlayer,zombie.characters,IsoPlayer,False,canClimbOverWall,(Lzombie/iso/IsoDirections;)Z,STRUCTURAL,86.07,244,244,0
zombie.iso.NearestWalls,zombie.iso,NearestWalls,False,getNearestWallSouth,(Lzombie/iso/IsoChunk;III)I,STRUCTURAL,86.11,72,70,-2
zombie.audio.ObjectAmbientEmitters,zombie.audio,ObjectAmbientEmitters,False,addObject,(Lzombie/iso/IsoObject;Lzombie/audio/ObjectAmbientEmitters$PerObjectLogic;)V,STRUCTURAL,86.17,94,93,-1
zombie.iso.objects.ObjectRenderEffects,zombie.iso.objects,ObjectRenderEffects,False,getNew,(Lzombie/iso/IsoObject;Lzombie/iso/objects/RenderEffectType;ZZ)Lzombie/iso/objects/ObjectRenderEffects;,STRUCTURAL,86.18,123,123,0
zombie.LootRespawn,zombie,LootRespawn,False,respawnInChunk,(Lzombie/iso/IsoChunk;)V,SORTED_MULTISET,86.25,160,158,-2
zombie.radio.ZomboidRadio,zombie.radio,ZomboidRadio,False,Load,()Z,SORTED_MULTISET,86.27,153,161,8
zombie.ZomboidFileSystem,zombie,ZomboidFileSystem,False,loadModPackFiles,()V,SORTED_MULTISET,86.36,66,65,-1
zombie.radio.RadioDebugConsole,zombie.radio,RadioDebugConsole,False,update,()V,STRUCTURAL,86.36,66,65,-1
zombie.iso.objects.IsoThumpable,zombie.iso.objects,IsoThumpable,False,isAdjacentToSquare,(Lzombie/iso/IsoGridSquare;)Z,STRUCTURAL,86.36,689,689,0
zombie.world.logger.WorldDictionaryLogger,zombie.world.logger,WorldDictionaryLogger,False,saveLog,(Ljava/lang/String;)V,SORTED_MULTISET,86.46,96,94,-2
zombie.iso.CellLoader,zombie.iso,CellLoader,False,LoadCellBinaryChunk,(Lzombie/iso/sprite/IsoSpriteManager;II)Lzombie/iso/IsoCell;,SORTED_MULTISET,86.49,148,148,0
zombie.savefile.PlayerDBHelper,zombie.savefile,PlayerDBHelper,False,setPlayer1,(Ljava/lang/String;I)V,SORTED_MULTISET,86.59,246,246,0
zombie.inventory.ItemContainer,zombie.inventory,ItemContainer,False,FindWaterSource,()Lzombie/inventory/InventoryItem;,STRUCTURAL,86.67,30,30,0
zombie.characters.IsoGameCharacter,zombie.characters,IsoGameCharacter,False,shouldBecomeZombieAfterDeath,()Z,SORTED_MULTISET,86.67,45,39,-6
zombie.network.GameServer,zombie.network,GameServer,False,receivePlaySound,(Ljava/nio/ByteBuffer;Lzombie/core/raknet/UdpConnection;S)V,STRUCTURAL,86.67,90,89,-1
zombie.ui.TextBox,zombie.ui,TextBox,False,Paginate,()V,SORTED_MULTISET,86.67,90,92,2
zombie.Lua.LuaEventManager,zombie.Lua,LuaEventManager,False,triggerEvent,(Ljava/lang/String;Ljava/lang/Object;Ljava/lang/Object;Ljava/lang/Object;Ljava/lang/Object;)V,STRUCTURAL,86.67,105,102,-3
zombie.iso.objects.IsoTelevision,zombie.iso.objects,IsoTelevision,False,isFacing,(Lzombie/characters/IsoPlayer;)Z,STRUCTURAL,86.71,143,143,0
zombie.ui.UIManager,zombie.ui,UIManager,False,updateTooltip,(DD)V,SORTED_MULTISET,86.76,136,135,-1
zombie.radio.StorySounds.SLSoundManager,zombie.radio.StorySounds,SLSoundManager,False,updateKeys,()V,STRUCTURAL,86.84,38,37,-1
zombie.characters.ClothingWetness,zombie.characters,ClothingWetness,False,updateWetness,(FF)V,SORTED_MULTISET,86.89,694,698,4
zombie.iso.IsoChunk,zombie.iso,IsoChunk,False,ensureSurroundNotNull,(III)V,SORTED_MULTISET,86.9,84,83,-1
zombie.ai.states.SwipeStatePlayer,zombie.ai.states,SwipeStatePlayer,False,CalcHitListShove,(Lzombie/characters/IsoGameCharacter;ZLzombie/network/packets/hit/AttackVars;Ljava/util/ArrayList;)V,STRUCTURAL,86.98,192,190,-2
zombie.network.chat.ChatServer,zombie.network.chat,ChatServer,False,removeFactionChat,(Ljava/lang/String;)V,SORTED_MULTISET,87.04,54,56,2
zombie.network.chat.ChatServer,zombie.network.chat,ChatServer,False,removeSafehouseChat,(Ljava/lang/String;)V,SORTED_MULTISET,87.04,54,56,2
zombie.gameStates.IngameState,zombie.gameStates,IngameState,False,renderFrameTextInternal,(I)V,STRUCTURAL,87.1,62,61,-1
zombie.iso.IsoGridSquare,zombie.iso,IsoGridSquare,False,BurnWalls,(Z)V,SORTED_MULTISET,87.11,908,907,-1
zombie.util.PZXmlUtil,zombie.util,PZXmlUtil,False,resolve,(Lorg/w3c/dom/Element;Lorg/w3c/dom/Element;Lorg/w3c/dom/Document;)Lorg/w3c/dom/Element;,SORTED_MULTISET,87.23,282,281,-1
zombie.iso.objects.IsoWindowFrame,zombie.iso.objects,IsoWindowFrame,False,addSheet,(Lzombie/iso/IsoObject;Lzombie/characters/IsoGameCharacter;)V,SORTED_MULTISET,87.27,110,110,0
zombie.iso.IsoCell,zombie.iso,IsoCell,False,IsBehindStuff,(Lzombie/iso/IsoGridSquare;)Z,STRUCTURAL,87.38,103,102,-1
zombie.characters.IsoZombie,zombie.characters,IsoZombie,False,clearAggroList,()V,STRUCTURAL,87.5,8,7,-1
zombie.iso.IsoCell,zombie.iso,IsoCell,False,getRelativeGridSquare,(III)Lzombie/iso/IsoGridSquare;,SORTED_MULTISET,87.5,40,44,4
zombie.core.raknet.UdpConnection,zombie.core.raknet,UdpConnection,False,calcCountPlayersInRelevantPosition,()V,STRUCTURAL,87.5,56,55,-1
zombie.iso.IsoGridSquare,zombie.iso,IsoGridSquare,False,damageSpriteSheetRopeFromBottom,(Lzombie/characters/IsoPlayer;Z)Z,SORTED_MULTISET,87.5,120,119,-1
zombie.vehicles.UI3DScene,zombie.vehicles,UI3DScene,False,fromLua1,(Ljava/lang/String;Ljava/lang/Object;)Ljava/lang/Object;,STRUCTURAL,87.58,789,789,0
zombie.network.ServerMap,zombie.network,ServerMap,False,characterIn,(III)V,SORTED_MULTISET,87.6,121,117,-4
zombie.network.GameServer,zombie.network,GameServer,False,isWorldVersionUnsupported,()Ljava/lang/String;,SORTED_MULTISET,87.61,113,112,-1
zombie.gameStates.GameStateMachine,zombie.gameStates,GameStateMachine,False,update,()V,SORTED_MULTISET,87.61,218,213,-5
zombie.iso.IsoWorld,zombie.iso,IsoWorld,False,sceneCullZombies,()V,STRUCTURAL,87.63,283,281,-2
zombie.Lua.LuaEventManager,zombie.Lua,LuaEventManager,False,triggerEvent,(Ljava/lang/String;Ljava/lang/Object;Ljava/lang/Object;Ljava/lang/Object;Ljava/lang/Object;Ljava/lang/Object;)V,STRUCTURAL,87.72,114,111,-3
zombie.ui.UIManager,zombie.ui,UIManager,False,render,()V,SORTED_MULTISET,87.74,318,317,-1
zombie.gameStates.TISLogoState,zombie.gameStates,TISLogoState,False,renderAttribution,()V,SORTED_MULTISET,87.77,229,227,-2
zombie.iso.IsoCell,zombie.iso,IsoCell,False,getChunkForGridSquare,(III)Lzombie/iso/IsoChunk;,SORTED_MULTISET,87.84,74,70,-4
zombie.iso.IsoChunk,zombie.iso,IsoChunk,False,SafeRead,(Ljava/lang/String;IILjava/nio/ByteBuffer;)Ljava/nio/ByteBuffer;,SORTED_MULTISET,87.95,83,85,2
zombie.iso.objects.IsoBarricade,zombie.iso.objects,IsoBarricade,False,Damage,(I)V,SORTED_MULTISET,88,75,76,1
zombie.characters.action.ActionGroup,zombie.characters.action,ActionGroup,False,loadGroupData,(Ljava/io/File;)V,STRUCTURAL,88,100,99,-1
zombie.iso.sprite.shapers.FloorShaperAttachedSprites,zombie.iso.sprite.shapers,FloorShaperAttachedSprites,False,applyAttachedSpritesPadding,(Lzombie/core/textures/TextureDraw;)V,STRUCTURAL,88.04,92,86,-6
zombie.iso.sprite.shapers.FloorShaperDeDiamond,zombie.iso.sprite.shapers,FloorShaperDeDiamond,False,applyDeDiamondPadding,(Lzombie/core/textures/TextureDraw;)V,STRUCTURAL,88.04,92,86,-6
zombie.core.skinnedmodel.advancedanimation.AnimLayer,zombie.core.skinnedmodel.advancedanimation,AnimLayer,False,invokeAnimEvent,(Lzombie/core/skinnedmodel/animation/AnimationTrack;Lzombie/core/skinnedmodel/advancedanimation/AnimEvent;Z)V,STRUCTURAL,88.1,42,41,-1
zombie.iso.IsoCell,zombie.iso,IsoCell,False,getRandomOutdoorTile,()Lzombie/iso/IsoGridSquare;,SORTED_MULTISET,88.1,42,44,2
zombie.network.FakeClientManager$ZombieSimulator,zombie.network,FakeClientManager$ZombieSimulator,True,process,()V,STRUCTURAL,88.16,76,76,0
zombie.core.Core,zombie.core,Core,False,getMaxTextureSizeFromOption,(I)I,SORTED_MULTISET,88.24,17,20,3
zombie.iso.sprite.IsoSpriteInstance,zombie.iso.sprite,IsoSpriteInstance,False,add,(Lzombie/iso/sprite/IsoSpriteInstance;)V,STRUCTURAL,88.24,17,16,-1
zombie.iso.IsoObjectPicker,zombie.iso,IsoObjectPicker,False,PickWindowFrame,(II)Lzombie/iso/IsoObject;,STRUCTURAL,88.28,145,144,-1
zombie.iso.objects.IsoBarricade,zombie.iso.objects,IsoBarricade,False,WeaponHit,(Lzombie/characters/IsoGameCharacter;Lzombie/inventory/types/HandWeapon;)V,STRUCTURAL,88.28,145,145,0
zombie.gameStates.ChooseGameInfo,zombie.gameStates,ChooseGameInfo,False,getMapDetails,(Ljava/lang/String;)Lzombie/gameStates/ChooseGameInfo$Map;,SORTED_MULTISET,88.37,172,174,2
zombie.network.GameServer,zombie.network,GameServer,False,receiveRequestItemsForContainer,(Ljava/nio/ByteBuffer;Lzombie/core/raknet/UdpConnection;S)V,SORTED_MULTISET,88.39,267,268,1
zombie.iso.IsoChunkMap,zombie.iso,IsoChunkMap,False,processAllLoadGridSquare,()V,FUZZY_COMPUTATION,88.46,52,50,-2
zombie.iso.objects.IsoDeadBody,zombie.iso.objects,IsoDeadBody,False,updateRotting,(FFZ)V,SORTED_MULTISET,88.49,278,279,1
zombie.iso.areas.isoregion.IsoRegionsRenderer,zombie.iso.areas.isoregion,IsoRegionsRenderer,False,_render,(Lzombie/ui/UIElement;FFF)V,STRUCTURAL,88.49,1572,1571,-1
zombie.ai.states.SwipeStatePlayer,zombie.ai.states,SwipeStatePlayer,False,CalcHitListWeapon,(Lzombie/characters/IsoGameCharacter;ZLzombie/network/packets/hit/AttackVars;Ljava/util/ArrayList;)V,STRUCTURAL,88.5,226,224,-2
zombie.network.GameServer,zombie.network,GameServer,False,receivePlayWorldSound,(Ljava/nio/ByteBuffer;Lzombie/core/raknet/UdpConnection;S)V,STRUCTURAL,88.51,87,86,-1
zombie.Lua.LuaEventManager,zombie.Lua,LuaEventManager,False,triggerEvent,(Ljava/lang/String;Ljava/lang/Object;Ljava/lang/Object;Ljava/lang/Object;Ljava/lang/Object;Ljava/lang/Object;Ljava/lang/Object;)V,STRUCTURAL,88.62,123,120,-3
zombie.chat.ChatManager,zombie.chat,ChatManager,False,processJoinChatPacket,(Ljava/nio/ByteBuffer;)V,SORTED_MULTISET,88.64,176,178,2
zombie.iso.IsoMovingObject,zombie.iso,IsoMovingObject,False,separate,()V,STRUCTURAL,88.72,470,469,-1
zombie.popman.NetworkZombieSimulator,zombie.popman,NetworkZombieSimulator,False,added,()V,STRUCTURAL,88.73,71,71,0
zombie.core.skinnedmodel.DeadBodyAtlas,zombie.core.skinnedmodel,DeadBodyAtlas,False,render,()V,SORTED_MULTISET,88.76,89,88,-1
zombie.vehicles.BaseVehicle,zombie.vehicles,BaseVehicle,False,updateTransform,()V,STRUCTURAL,88.76,445,443,-2
zombie.iso.IsoGridSquare,zombie.iso,IsoGridSquare,False,DoCutawayShader,(Lzombie/iso/IsoObject;Lzombie/iso/IsoDirections;ZZZZZZZLzombie/iso/sprite/shapers/WallShaperWhole;)V,SORTED_MULTISET,88.77,721,733,12
zombie.randomizedWorld.randomizedBuilding.RandomizedBuildingBase,zombie.randomizedWorld.randomizedBuilding,RandomizedBuildingBase,False,addBarricade,(Lzombie/iso/IsoGridSquare;I)V,STRUCTURAL,88.78,98,97,-1
zombie.MapGroups,zombie,MapGroups,False,createGroups,(Lzombie/modding/ActiveMods;ZZ)V,STRUCTURAL,88.83,179,180,1
zombie.iso.IsoPuddles$PuddlesFloat,zombie.iso,IsoPuddles$PuddlesFloat,True,calculate,()V,STRUCTURAL,88.89,9,8,-1
zombie.Lua.LuaManager$GlobalObject,zombie.Lua,LuaManager$GlobalObject,True,deleteAllGameModeSaves,(Ljava/lang/String;)V,CORE_OPS_ONLY,88.89,27,31,4
zombie.core.skinnedmodel.advancedanimation.AnimLayer,zombie.core.skinnedmodel.advancedanimation,AnimLayer,False,findSyncTrack,(Lzombie/core/skinnedmodel/advancedanimation/LiveAnimNode;)Lzombie/core/skinnedmodel/animation/AnimationTrack;,STRUCTURAL,88.89,45,44,-1
zombie.core.skinnedmodel.model.ModelOutlines,zombie.core.skinnedmodel.model,ModelOutlines,False,renderTexture,(Lzombie/interfaces/ITexture;IIII)V,SORTED_MULTISET,88.89,81,83,2
zombie.Lua.LuaManager,zombie.Lua,LuaManager,False,RunLuaInternal,(Ljava/lang/String;Z)Ljava/lang/Object;,STRUCTURAL,88.95,172,170,-2
zombie.core.skinnedmodel.model.ModelOutlines,zombie.core.skinnedmodel.model,ModelOutlines,False,endFrame,(I)V,STRUCTURAL,88.97,290,282,-8
zombie.iso.IsoMetaGrid,zombie.iso,IsoMetaGrid,False,loadZone,(Ljava/nio/ByteBuffer;I)V,SORTED_MULTISET,88.97,435,435,0
zombie.iso.objects.IsoGenerator,zombie.iso.objects,IsoGenerator,False,setSurroundingElectricity,()V,STRUCTURAL,89.01,364,363,-1
zombie.commands.serverCommands.StatisticsCommand,zombie.commands.serverCommands,StatisticsCommand,False,Command,()Ljava/lang/String;,SORTED_MULTISET,89.09,110,116,6
zombie.network.GameServer,zombie.network,GameServer,False,sendWorldSound,(Lzombie/WorldSoundManager$WorldSound;Lzombie/core/raknet/UdpConnection;)V,STRUCTURAL,89.13,46,45,-1
zombie.config.ConfigFile,zombie.config,ConfigFile,False,read,(Ljava/lang/String;)Z,SORTED_MULTISET,89.21,139,137,-2
zombie.inventory.RecipeManager$RMRecipeItemList,zombie.inventory,RecipeManager$RMRecipeItemList,True,getItemsFrom,(Ljava/util/ArrayList;Lzombie/inventory/RecipeManager$RMRecipe;)V,SORTED_MULTISET,89.22,204,200,-4
zombie.iso.objects.IsoDeadBody,zombie.iso.objects,IsoDeadBody,False,Burn,()V,SORTED_MULTISET,89.29,84,82,-2
zombie.vehicles.BaseVehicle,zombie.vehicles,BaseVehicle,False,updateSounds,()V,STRUCTURAL,89.31,421,423,2
zombie.network.chat.ChatServer,zombie.network.chat,ChatServer,False,processMessageFromPlayerPacket,(Ljava/nio/ByteBuffer;)V,FUZZY_COMPUTATION,89.36,47,45,-2
zombie.Lua.LuaEventManager,zombie.Lua,LuaEventManager,False,triggerEvent,(Ljava/lang/String;Ljava/lang/Object;Ljava/lang/Object;Ljava/lang/Object;Ljava/lang/Object;Ljava/lang/Object;Ljava/lang/Object;Ljava/lang/Object;)V,STRUCTURAL,89.39,132,129,-3
zombie.network.GameClient,zombie.network,GameClient,False,receiveSyncAlarmClock,(Ljava/nio/ByteBuffer;S)V,STRUCTURAL,89.39,179,179,0
zombie.core.znet.SteamUtils,zombie.core.znet,SteamUtils,False,isValidSteamID,(Ljava/lang/String;)Z,SORTED_MULTISET,89.47,19,17,-2
zombie.core.skinnedmodel.model.WorldItemAtlas,zombie.core.skinnedmodel.model,WorldItemAtlas,False,render,()V,SORTED_MULTISET,89.47,95,94,-1
zombie.randomizedWorld.randomizedDeadSurvivor.RDSZombieLockedBathroom,zombie.randomizedWorld.randomizedDeadSurvivor,RDSZombieLockedBathroom,False,randomizeDeadSurvivor,(Lzombie/iso/BuildingDef;)V,STRUCTURAL,89.47,152,151,-1
zombie.iso.NearestWalls,zombie.iso,NearestWalls,False,getNearestWallNorth,(Lzombie/iso/IsoChunk;III)I,STRUCTURAL,89.55,67,65,-2
zombie.popman.ZombiePopulationManager,zombie.popman,ZombiePopulationManager,False,getSquareForSittingZombie,(FFI)Lzombie/iso/IsoGridSquare;,STRUCTURAL,89.55,67,66,-1
zombie.network.GameServer,zombie.network,GameServer,False,initClientCommandFilter,()V,SORTED_MULTISET,89.61,77,75,-2
zombie.iso.IsoCell,zombie.iso,IsoCell,False,IsCollapsibleBuildingSquare,(Lzombie/iso/IsoGridSquare;)Z,SORTED_MULTISET,89.68,155,151,-4
zombie.network.ServerMap,zombie.network,ServerMap,False,loadMapChunk,(II)V,STRUCTURAL,89.74,39,35,-4
zombie.ZomboidFileSystem,zombie,ZomboidFileSystem,False,loadModTileDefs,()V,SORTED_MULTISET,89.74,78,77,-1
zombie.ZomboidFileSystem,zombie,ZomboidFileSystem,False,loadModTileDefPropertyStrings,()V,SORTED_MULTISET,89.74,78,77,-1
zombie.network.GameServerWorkshopItems,zombie.network,GameServerWorkshopItems,False,QueryItemDetails,(Ljava/util/ArrayList;)Z,STRUCTURAL,89.74,78,78,0
zombie.iso.IsoMetaGrid,zombie.iso,IsoMetaGrid,False,registerGeometryZone,(Ljava/lang/String;Ljava/lang/String;ILjava/lang/String;Lse/krka/kahlua/vm/KahluaTable;Lse/krka/kahlua/vm/KahluaTable;)Lzombie/iso/IsoMetaGrid$Zone;,SORTED_MULTISET,89.77,215,221,6
zombie.iso.IsoCell,zombie.iso,IsoCell,False,PlaceLot,(Lzombie/iso/IsoLot;IIILzombie/iso/IsoChunk;II)V,SORTED_MULTISET,89.81,422,420,-2
zombie.core.skinnedmodel.animation.AnimationPlayer,zombie.core.skinnedmodel.animation,AnimationPlayer,False,updateLayerBlendWeightings,()V,SORTED_MULTISET,89.83,295,296,1
zombie.iso.LightingJNI,zombie.iso,LightingJNI,False,checkLights,()V,SORTED_MULTISET,89.84,640,644,4
zombie.iso.IsoGridSquare,zombie.iso,IsoGridSquare,False,FindFriend,(Lzombie/characters/IsoGameCharacter;ILjava/util/Stack;)Lzombie/characters/IsoGameCharacter;,STRUCTURAL,89.9,99,98,-1
zombie.iso.IsoGridSquare,zombie.iso,IsoGridSquare,False,drawCircleExplosion,(ILzombie/iso/objects/IsoTrap;Lzombie/iso/objects/IsoTrap$ExplosionMode;)V,STRUCTURAL,89.94,179,178,-1
zombie.core.textures.TextureFBO,zombie.core.textures,TextureFBO,False,reset,()V,SORTED_MULTISET,90,10,14,4
zombie.iso.objects.ObjectRenderEffects,zombie.iso.objects,ObjectRenderEffects,False,alloc,()Lzombie/iso/objects/ObjectRenderEffects;,STRUCTURAL,90,10,10,0
zombie.audio.ObjectAmbientEmitters$WindowLogic,zombie.audio,ObjectAmbientEmitters$WindowLogic,True,checkParameters,(Lzombie/audio/BaseSoundEmitter;J)V,STRUCTURAL,90,20,20,0
zombie.core.textures.MultiTextureFBO2,zombie.core.textures,MultiTextureFBO2,False,test,()Z,STRUCTURAL,90,20,18,-2
zombie.network.PassengerMap,zombie.network,PassengerMap,False,clientReceivePacket,(Ljava/nio/ByteBuffer;)V,STRUCTURAL,90,60,59,-1
zombie.characters.action.ActionContext,zombie.characters.action,ActionContext,False,evaluateCurrentStateTransitions,()V,SORTED_MULTISET,90,100,98,-2
zombie.iso.IsoObjectPicker,zombie.iso,IsoObjectPicker,False,PickDoor,(IIZ)Lzombie/iso/IsoObject;,STRUCTURAL,90,110,109,-1
zombie.gameStates.DebugChunkState,zombie.gameStates,DebugChunkState,False,drawVehicleStory,()V,STRUCTURAL,90,120,118,-2
zombie.characters.ClothingWetness,zombie.characters,ClothingWetness,False,increaseWetness,(F)V,SORTED_MULTISET,90.06,181,186,5
zombie.Lua.LuaEventManager,zombie.Lua,LuaEventManager,False,triggerEvent,(Ljava/lang/String;Ljava/lang/Object;Ljava/lang/Object;Ljava/lang/Object;Ljava/lang/Object;Ljava/lang/Object;Ljava/lang/Object;Ljava/lang/Object;Ljava/lang/Object;)V,STRUCTURAL,90.07,141,138,-3
zombie.characters.IsoGameCharacter,zombie.characters,IsoGameCharacter,False,helmetFall,(ZLjava/lang/String;)Z,STRUCTURAL,90.07,282,281,-1
zombie.vehicles.PolygonalMap2,zombie.vehicles,PolygonalMap2,False,createVehicleCluster,(Lzombie/vehicles/PolygonalMap2$VehicleRect;Ljava/util/ArrayList;Ljava/util/ArrayList;)V,STRUCTURAL,90.23,133,131,-2
zombie.iso.sprite.IsoAnim,zombie.iso.sprite,IsoAnim,False,LoadFramesBitRepeatFrame,(Ljava/lang/String;Ljava/lang/String;Ljava/lang/String;ILjava/lang/String;)V,STRUCTURAL,90.24,82,80,-2
zombie.MapGroups,zombie,MapGroups,False,getLotDirectories,(Ljava/lang/String;)Ljava/util/ArrayList;,STRUCTURAL,90.28,72,70,-2
zombie.core.utils.BooleanGrid,zombie.core.utils,BooleanGrid,False,setValue,(IIZ)V,SORTED_MULTISET,90.38,52,54,2
zombie.iso.weather.fx.WeatherFxMask,zombie.iso.weather.fx,WeatherFxMask,False,drawFxLayered,(IZZZ)V,STRUCTURAL,90.39,229,221,-8
zombie.MapGroups,zombie,MapGroups,False,getMapConflicts,(Ljava/lang/String;)Ljava/util/ArrayList;,STRUCTURAL,90.48,21,22,1
zombie.core.skinnedmodel.population.Outfit,zombie.core.skinnedmodel.population,Outfit,False,findHat,()Lzombie/core/skinnedmodel/population/ClothingItemReference;,STRUCTURAL,90.48,21,22,1
zombie.core.textures.TextureFBO,zombie.core.textures,TextureFBO,False,init,(Lzombie/interfaces/ITexture;Z)V,SORTED_MULTISET,90.48,21,29,8
zombie.core.znet.SteamUtils,zombie.core.znet,SteamUtils,False,clientInitiateConnectionCallback,(J)I,STRUCTURAL,90.48,21,21,0
zombie.iso.sprite.IsoSpriteInstance,zombie.iso.sprite,IsoSpriteInstance,False,get,(Lzombie/iso/sprite/IsoSprite;)Lzombie/iso/sprite/IsoSpriteInstance;,SORTED_MULTISET,90.48,21,20,-1
zombie.AmbientStreamManager,zombie,AmbientStreamManager,False,getNearestBuilding,(FFLorg/joml/Vector2f;)Lzombie/iso/BuildingDef;,STRUCTURAL,90.48,84,83,-1
zombie.characters.action.ActionContext,zombie.characters.action,ActionContext,False,setPlaybackStateSnapshot,(Lzombie/characters/action/ActionStateSnapshot;)V,SORTED_MULTISET,90.48,84,83,-1
zombie.iso.objects.IsoDeadBody,zombie.iso.objects,IsoDeadBody,False,updateBodies,()V,STRUCTURAL,90.52,116,117,1
zombie.scripting.objects.VehicleScript,zombie.scripting.objects,VehicleScript,False,Load,(Ljava/lang/String;Ljava/lang/String;)V,SORTED_MULTISET,90.53,1035,1033,-2
zombie.network.GameServer,zombie.network,GameServer,False,receiveSyncAlarmClock,(Ljava/nio/ByteBuffer;Lzombie/core/raknet/UdpConnection;S)V,STRUCTURAL,90.55,201,200,-1
zombie.iso.objects.RainManager,zombie.iso.objects,RainManager,False,AddSplashes,()V,STRUCTURAL,90.61,245,244,-1
zombie.core.raknet.RakNetPeerInterface,zombie.core.raknet,RakNetPeerInterface,False,Receive,(Ljava/nio/ByteBuffer;)Z,SORTED_MULTISET,90.63,32,30,-2
zombie.core.skinnedmodel.model.Model,zombie.core.skinnedmodel.model,Model,False,debugDrawLightSource,(FFFFFFF)V,STRUCTURAL,90.63,128,118,-10
zombie.core.skinnedmodel.advancedanimation.BlendInfo$BlendInstance,zombie.core.skinnedmodel.advancedanimation,BlendInfo$BlendInstance,True,update,()V,STRUCTURAL,90.65,107,105,-2
zombie.network.packets.StopSoundPacket,zombie.network.packets,StopSoundPacket,False,process,()V,STRUCTURAL,90.7,43,42,-1
zombie.Lua.LuaManager$GlobalObject,zombie.Lua,LuaManager$GlobalObject,True,getMapDirectoryTable,()Lse/krka/kahlua/vm/KahluaTable;,STRUCTURAL,90.72,97,98,1
zombie.audio.ObjectAmbientEmitters,zombie.audio,ObjectAmbientEmitters,False,getClosestListener,(FFF)F,STRUCTURAL,90.74,54,53,-1
zombie.worldMap.WorldMapRenderer$Drawer,zombie.worldMap,WorldMapRenderer$Drawer,True,paintAreasOutsideBounds,(IIIIF)V,SORTED_MULTISET,90.74,216,198,-18
zombie.network.GameServer,zombie.network,GameServer,False,receivePlayerUpdate,(Ljava/nio/ByteBuffer;Lzombie/core/raknet/UdpConnection;S)V,STRUCTURAL,90.77,336,336,0
zombie.creative.creativerects.OpenSimplexNoise,zombie.creative.creativerects,OpenSimplexNoise,False,eval,(DDD)D,FUZZY_COMPUTATION,90.77,1951,1919,-32
zombie.vehicles.VehicleEngineRPM,zombie.vehicles,VehicleEngineRPM,False,LoadData,(Lzombie/scripting/ScriptParser$Block;Lzombie/vehicles/EngineRPMData;)V,SORTED_MULTISET,90.79,76,75,-1
zombie.iso.IsoCell,zombie.iso,IsoCell,False,PlaceLot,(Lzombie/iso/IsoLot;IIIZ)V,STRUCTURAL,90.82,196,195,-1
zombie.core.skinnedmodel.animation.StaticAnimation,zombie.core.skinnedmodel.animation,StaticAnimation,False,getPose,()V,STRUCTURAL,90.83,109,108,-1
zombie.vehicles.BaseVehicle,zombie.vehicles,BaseVehicle,False,testCollisionWithProneCharacter,(Lzombie/iso/IsoMovingObject;FFZ)I,STRUCTURAL,90.84,371,363,-8
zombie.iso.ContainerOverlays,zombie.iso,ContainerOverlays,False,addOverlays,(Lse/krka/kahlua/j2se/KahluaTableImpl;)V,STRUCTURAL,90.91,22,21,-1
zombie.characters.IsoGameCharacter,zombie.characters,IsoGameCharacter,False,clothingItemChanged,(Ljava/lang/String;)V,STRUCTURAL,90.91,44,43,-1
zombie.WorldSoundManager,zombie,WorldSoundManager,False,addSound,(Ljava/lang/Object;IIIIIZFFZZZ)Lzombie/WorldSoundManager$WorldSound;,SORTED_MULTISET,90.91,143,145,2
zombie.ai.states.SwipeStatePlayer,zombie.ai.states,SwipeStatePlayer,False,ConnectSwing,(Lzombie/characters/IsoGameCharacter;Lzombie/inventory/types/HandWeapon;)V,SORTED_MULTISET,90.91,1651,1648,-3
zombie.ui.UITextBox2,zombie.ui,UITextBox2,False,Paginate,()V,SORTED_MULTISET,90.95,210,212,2
zombie.AmbientStreamManager,zombie,AmbientStreamManager,False,update,()V,SORTED_MULTISET,90.98,488,488,0
zombie.inventory.types.Food,zombie.inventory.types,Food,False,setAutoAge,()V,STRUCTURAL,91.03,223,223,0
zombie.ai.states.SwipeStatePlayer,zombie.ai.states,SwipeStatePlayer,False,shouldIgnoreProneZombies,(Lzombie/characters/IsoGameCharacter;Ljava/util/ArrayList;F)Z,SORTED_MULTISET,91.04,67,68,1
zombie.characters.IsoPlayer,zombie.characters,IsoPlayer,False,getClosestZombieToOtherZombie,(Lzombie/characters/IsoZombie;)Lzombie/characters/IsoZombie;,STRUCTURAL,91.04,67,66,-1
zombie.core.textures.Texture,zombie.core.textures,Texture,False,renderstrip,(IIIIFFFFLjava/util/function/Consumer;)V,STRUCTURAL,91.04,134,128,-6
zombie.inventory.CompressIdenticalItems,zombie.inventory,CompressIdenticalItems,False,setCompareItem,(Lzombie/inventory/CompressIdenticalItems$PerThreadData;Lzombie/inventory/InventoryItem;)Z,SORTED_MULTISET,91.07,56,55,-1
zombie.gameStates.IngameState,zombie.gameStates,IngameState,False,exit,()V,STRUCTURAL,91.12,439,439,0
zombie.ai.ZombieGroupManager,zombie.ai,ZombieGroupManager,False,update,(Lzombie/characters/IsoZombie;)V,STRUCTURAL,91.27,378,378,0
zombie.core.skinnedmodel.population.PopTemplateManager,zombie.core.skinnedmodel.population,PopTemplateManager,False,isItemModelHidden,(Lzombie/characters/WornItems/BodyLocationGroup;Lzombie/core/skinnedmodel/visual/ItemVisuals;Lzombie/core/skinnedmodel/visual/ItemVisual;)Z,STRUCTURAL,91.3,46,45,-1
zombie.erosion.categories.WallVines,zombie.erosion.categories,WallVines,False,validateSpawn,(Lzombie/iso/IsoGridSquare;Lzombie/erosion/ErosionData$Square;Lzombie/erosion/ErosionData$Chunk;ZZZ)Z,STRUCTURAL,91.3,207,206,-1
zombie.iso.IsoObjectPicker,zombie.iso,IsoObjectPicker,False,ContextPick,(II)Lzombie/iso/IsoObjectPicker$ClickObject;,STRUCTURAL,91.33,450,447,-3
zombie.iso.IsoMovingObject,zombie.iso,IsoMovingObject,False,postupdate,()V,STRUCTURAL,91.39,732,732,0
zombie.savefile.ServerPlayerDB,zombie.savefile,ServerPlayerDB,False,serverUpdateNetworkCharacterInt,(Lzombie/savefile/ServerPlayerDB$NetworkCharacterData;)V,SORTED_MULTISET,91.42,233,232,-1
zombie.scripting.ScriptParser,zombie.scripting,ScriptParser,False,parseTokens,(Ljava/lang/String;)Ljava/util/ArrayList;,STRUCTURAL,91.46,82,82,0
zombie.iso.Helicopter,zombie.iso,Helicopter,False,update,()V,STRUCTURAL,91.6,488,488,0
zombie.network.GameServer,zombie.network,GameServer,False,receiveAddCoopPlayer,(Ljava/nio/ByteBuffer;Lzombie/core/raknet/UdpConnection;S)V,STRUCTURAL,91.61,310,308,-2
zombie.ui.TextDrawObject,zombie.ui,TextDrawObject,False,tryColorInt,(Ljava/lang/String;)I,SORTED_MULTISET,91.67,24,22,-2
zombie.WorldSoundManager,zombie,WorldSoundManager,False,getStressFromSounds,(III)F,STRUCTURAL,91.67,60,59,-1
zombie.core.Collections.NonBlockingHashMapLong$CHM,zombie.core.Collections,NonBlockingHashMapLong$CHM,True,putIfMatch,(JLjava/lang/Object;Ljava/lang/Object;)Ljava/lang/Object;,SORTED_MULTISET,91.67,240,242,2
zombie.iso.IsoCell,zombie.iso,IsoCell,False,RenderSnow,(I)V,STRUCTURAL,91.7,289,288,-1
zombie.network.packets.EventPacket,zombie.network.packets,EventPacket,False,set,(Lzombie/characters/IsoPlayer;Ljava/lang/String;)Z,SORTED_MULTISET,91.77,413,412,-1
zombie.core.skinnedmodel.model.VertexBufferObject,zombie.core.skinnedmodel.model,VertexBufferObject,False,Draw,(Lzombie/core/skinnedmodel/model/VertexBufferObject$Vbo;Lzombie/core/skinnedmodel/model/VertexBufferObject$VertexFormat;Lzombie/core/skinnedmodel/shader/Shader;I)V,STRUCTURAL,91.78,146,145,-1
zombie.core.skinnedmodel.advancedanimation.AnimatedModel,zombie.core.skinnedmodel.advancedanimation,AnimatedModel,False,populateCharacterModelSlot,()V,STRUCTURAL,91.86,86,84,-2
zombie.Lua.LuaManager$GlobalObject,zombie.Lua,LuaManager$GlobalObject,True,createStory,(Ljava/lang/String;)V,STRUCTURAL,91.89,37,37,0
zombie.characters.ZombiesZoneDefinition,zombie.characters,ZombiesZoneDefinition,False,init,()V,STRUCTURAL,91.89,37,38,1
zombie.iso.IsoMetaGrid$Zone,zombie.iso,IsoMetaGrid$Zone,True,polylineOutlineSegmentIntersects,(FFFF)Z,STRUCTURAL,91.89,148,140,-8
zombie.iso.areas.isoregion.IsoRegionWorker,zombie.iso.areas.isoregion,IsoRegionWorker,False,thread_main_loop,()V,STRUCTURAL,91.89,148,149,1
zombie.iso.IsoChunk,zombie.iso,IsoChunk,False,AddVehicles_OnZone,(Lzombie/iso/IsoMetaGrid$VehicleZone;Ljava/lang/String;)V,SORTED_MULTISET,91.89,740,739,-1
zombie.input.JoypadManager,zombie.input,JoypadManager,False,doControllerFile,(Lzombie/input/JoypadManager$Joypad;)V,STRUCTURAL,91.97,573,573,0
zombie.core.Translator,zombie.core,Translator,False,parseFile,(Ljava/io/File;Ljava/util/HashMap;Lzombie/core/Language;)V,SORTED_MULTISET,91.98,424,420,-4
zombie.inventory.InventoryItem,zombie.inventory,InventoryItem,False,getReplaceOnUseOnString,()Ljava/lang/String;,SORTED_MULTISET,92,25,23,-2
zombie.radio.RadioXmlReader,zombie.radio,RadioXmlReader,False,createGlobal,(Ljava/lang/String;Ljava/lang/String;Ljava/lang/String;)Lzombie/radio/globals/RadioGlobal;,STRUCTURAL,92,50,50,0
zombie.core.skinnedmodel.ModelManager,zombie.core.skinnedmodel,ModelManager,False,Reset,(Lzombie/characters/IsoGameCharacter;)V,STRUCTURAL,92.13,89,88,-1
zombie.core.skinnedmodel.advancedanimation.AnimLayer,zombie.core.skinnedmodel.advancedanimation,AnimLayer,False,updateNewNodeTransitionsInternal,()V,STRUCTURAL,92.13,127,126,-1
zombie.network.ServerChunkLoader$SaveChunkThread,zombie.network,ServerChunkLoader$SaveChunkThread,True,run,()V,SORTED_MULTISET,92.16,51,49,-2
zombie.vehicles.BaseVehicle,zombie.vehicles,BaseVehicle,False,getUseablePart,(Lzombie/characters/IsoGameCharacter;Z)Lzombie/vehicles/VehiclePart;,STRUCTURAL,92.19,192,191,-1
zombie.vehicles.VehiclesDB2,zombie.vehicles,VehiclesDB2,False,importPlayersFromOldDB,(Lzombie/vehicles/VehiclesDB2$IImportPlayerFromOldDB;)V,SORTED_MULTISET,92.2,141,142,1
zombie.iso.TileOverlays$TileOverlayUsage,zombie.iso,TileOverlays$TileOverlayUsage,True,parse,(Ljava/lang/String;)Z,SORTED_MULTISET,92.21,77,76,-1
zombie.network.GameClient,zombie.network,GameClient,False,receiveBloodSplatter,(Ljava/nio/ByteBuffer;S)V,SORTED_MULTISET,92.29,441,440,-1
zombie.network.GameServerWorkshopItems$WorkshopItem,zombie.network,GameServerWorkshopItems$WorkshopItem,True,update,()V,STRUCTURAL,92.31,13,12,-1
zombie.core.skinnedmodel.HelperFunctions,zombie.core.skinnedmodel,HelperFunctions,False,returnMatrix,(Lorg/lwjgl/util/vector/Matrix4f;)V,STRUCTURAL,92.31,26,25,-1
zombie.util.ByteBufferOutputStream,zombie.util,ByteBufferOutputStream,False,write,(I)V,STRUCTURAL,92.31,26,25,-1
zombie.core.fonts.AngelCodeFont$CharDef,zombie.core.fonts,AngelCodeFont$CharDef,True,getKerning,(I)I,SORTED_MULTISET,92.31,52,51,-1
zombie.iso.IsoMetaGrid$Zone,zombie.iso,IsoMetaGrid$Zone,True,lineSegmentIntersects,(FFFF)Z,STRUCTURAL,92.31,156,148,-8
zombie.iso.areas.SafeHouse,zombie.iso.areas,SafeHouse,False,canBeSafehouse,(Lzombie/iso/IsoGridSquare;Lzombie/characters/IsoPlayer;)Ljava/lang/String;,STRUCTURAL,92.35,353,352,-1
zombie.util.AddCoopPlayer,zombie.util,AddCoopPlayer,False,update,()V,STRUCTURAL,92.36,419,416,-3
zombie.network.FakeClientManager$Network,zombie.network,FakeClientManager$Network,True,decode,(Ljava/nio/ByteBuffer;)V,STRUCTURAL,92.41,158,156,-2
zombie.iso.IsoObjectPicker,zombie.iso,IsoObjectPicker,False,PickCorpse,(II)Lzombie/iso/IsoObject;,STRUCTURAL,92.45,106,105,-1
zombie.erosion.categories.NaturePlants,zombie.erosion.categories,NaturePlants,False,replaceExistingObject,(Lzombie/iso/IsoGridSquare;Lzombie/erosion/ErosionData$Square;Lzombie/erosion/ErosionData$Chunk;ZZ)Z,STRUCTURAL,92.46,199,200,1
zombie.core.Core,zombie.core,Core,False,setupMultiFBO,()Z,STRUCTURAL,92.59,27,25,-2
zombie.chat.ChatManager,zombie.chat,ChatManager,False,updateWhisperChat,()V,STRUCTURAL,92.59,108,108,0
zombie.ai.states.SwipeStatePlayer,zombie.ai.states,SwipeStatePlayer,False,CalcHitListWindow,(Lzombie/characters/IsoGameCharacter;Lzombie/inventory/types/HandWeapon;Ljava/util/ArrayList;)V,STRUCTURAL,92.59,162,160,-2
zombie.vehicles.BaseVehicle,zombie.vehicles,BaseVehicle,False,getClosestWindow,(Lzombie/characters/IsoGameCharacter;)Lzombie/vehicles/VehiclePart;,STRUCTURAL,92.72,151,149,-2
zombie.core.skinnedmodel.model.Model,zombie.core.skinnedmodel.model,Model,False,drawVehicleLights,(Lzombie/core/skinnedmodel/model/ModelSlotRenderData;)V,STRUCTURAL,92.77,83,79,-4
zombie.characters.IsoGameCharacter,zombie.characters,IsoGameCharacter,False,DoFootstepSound,(F)V,STRUCTURAL,92.77,166,164,-2
zombie.iso.objects.IsoWorldInventoryObject,zombie.iso.objects,IsoWorldInventoryObject,False,load,(Ljava/nio/ByteBuffer;IZ)V,SORTED_MULTISET,92.82,181,183,2
zombie.core.Collections.NonBlockingHashMap$3,zombie.core.Collections,NonBlockingHashMap$3,True,remove,(Ljava/lang/Object;)Z,STRUCTURAL,92.86,14,15,1
zombie.core.Collections.NonBlockingHashMapLong$3,zombie.core.Collections,NonBlockingHashMapLong$3,True,remove,(Ljava/lang/Object;)Z,STRUCTURAL,92.86,14,15,1
zombie.core.Collections.NonBlockingHashtable$3,zombie.core.Collections,NonBlockingHashtable$3,True,remove,(Ljava/lang/Object;)Z,STRUCTURAL,92.86,14,15,1
zombie.core.Collections.NonBlockingIdentityHashMap$3,zombie.core.Collections,NonBlockingIdentityHashMap$3,True,remove,(Ljava/lang/Object;)Z,STRUCTURAL,92.86,14,15,1
zombie.core.skinnedmodel.HelperFunctions,zombie.core.skinnedmodel,HelperFunctions,False,returnVector3f,(Lorg/lwjgl/util/vector/Vector3f;)V,STRUCTURAL,92.86,14,14,0
zombie.vehicles.BaseVehicle,zombie.vehicles,BaseVehicle,False,setLightbarLightsMode,(I)V,STRUCTURAL,92.86,14,13,-1
zombie.iso.IsoWorld$CompScoreToPlayer,zombie.iso,IsoWorld$CompScoreToPlayer,True,getScore,(Lzombie/characters/IsoZombie;)F,STRUCTURAL,92.86,28,27,-1
zombie.network.GameServer,zombie.network,GameServer,False,sendWorldMapPlayerPosition,()V,SORTED_MULTISET,92.86,28,27,-1
zombie.ZomboidFileSystem,zombie,ZomboidFileSystem,False,getString,(Ljava/lang/String;)Ljava/lang/String;,STRUCTURAL,92.86,42,40,-2
zombie.savefile.PlayerDB,zombie.savefile,PlayerDB,False,loadPlayer,(ILzombie/characters/IsoPlayer;)Z,FUZZY_COMPUTATION,92.86,56,56,0
zombie.core.skinnedmodel.ModelManager,zombie.core.skinnedmodel,ModelManager,False,loadModAnimations,()V,STRUCTURAL,92.92,113,112,-1
zombie.GameWindow,zombie,GameWindow,False,run_ez,()V,STRUCTURAL,92.98,57,57,0
zombie.fileSystem.FileSystemImpl,zombie.fileSystem,FileSystemImpl,False,cancelAsync,(I)V,SORTED_MULTISET,93.02,86,85,-1
zombie.core.skinnedmodel.advancedanimation.AnimatedModel,zombie.core.skinnedmodel.advancedanimation,AnimatedModel,False,DrawChar,(Lzombie/core/skinnedmodel/advancedanimation/AnimatedModel$AnimatedModelInstanceRenderData;)V,SORTED_MULTISET,93.17,600,591,-9
zombie.core.znet.SteamWorkshopItem,zombie.core.znet,SteamWorkshopItem,False,getAllowedTags,()Ljava/util/ArrayList;,SORTED_MULTISET,93.22,59,61,2
zombie.network.ServerChunkLoader$GetSquare,zombie.network,ServerChunkLoader$GetSquare,True,EnsureSurroundNotNull,(III)V,SORTED_MULTISET,93.22,118,117,-1
zombie.characters.IsoPlayer,zombie.characters,IsoPlayer,False,getControllerAimDir,(Lzombie/iso/Vector2;)Lzombie/iso/Vector2;,STRUCTURAL,93.24,74,72,-2
zombie.core.Collections.NonBlockingHashMap$3,zombie.core.Collections,NonBlockingHashMap$3,True,contains,(Ljava/lang/Object;)Z,STRUCTURAL,93.33,15,16,1
zombie.core.Collections.NonBlockingHashMapLong$3,zombie.core.Collections,NonBlockingHashMapLong$3,True,contains,(Ljava/lang/Object;)Z,STRUCTURAL,93.33,15,16,1
zombie.core.Collections.NonBlockingHashtable$3,zombie.core.Collections,NonBlockingHashtable$3,True,contains,(Ljava/lang/Object;)Z,STRUCTURAL,93.33,15,16,1
zombie.core.Collections.NonBlockingIdentityHashMap$3,zombie.core.Collections,NonBlockingIdentityHashMap$3,True,contains,(Ljava/lang/Object;)Z,STRUCTURAL,93.33,15,16,1
zombie.core.skinnedmodel.HelperFunctions,zombie.core.skinnedmodel,HelperFunctions,False,getVector3f,()Lorg/lwjgl/util/vector/Vector3f;,STRUCTURAL,93.33,15,15,0
zombie.fileSystem.FileSystemImpl,zombie.fileSystem,FileSystemImpl,False,runAsync,(Lzombie/fileSystem/FileSystemImpl$AsyncItem;)I,SORTED_MULTISET,93.33,45,44,-1
zombie.inventory.RecipeManager$RMRecipe,zombie.inventory,RecipeManager$RMRecipe,True,getItemsFromContainer,(Lzombie/characters/IsoGameCharacter;Lzombie/inventory/ItemContainer;Lzombie/inventory/InventoryItem;)V,SORTED_MULTISET,93.33,75,73,-2
zombie.core.textures.PNGDecoder,zombie.core.textures,PNGDecoder,False,<init>,(Ljava/io/InputStream;Z)V,SORTED_MULTISET,93.33,90,89,-1
zombie.AmbientStreamManager,zombie,AmbientStreamManager,False,getListenerPos,(Lorg/joml/Vector2f;)V,STRUCTURAL,93.48,46,46,0
zombie.iso.objects.IsoCarBatteryCharger,zombie.iso.objects,IsoCarBatteryCharger,False,configureSprite,(Lzombie/inventory/InventoryItem;Lzombie/iso/sprite/IsoSprite;)Lzombie/iso/sprite/IsoSprite;,SORTED_MULTISET,93.48,92,94,2
zombie.commands.serverCommands.RemoveZombiesCommand,zombie.commands.serverCommands,RemoveZombiesCommand,False,Command,()Ljava/lang/String;,SORTED_MULTISET,93.6,250,248,-2
zombie.iso.objects.RainManager,zombie.iso.objects,RainManager,False,inBounds,(Lzombie/iso/IsoGridSquare;)Z,STRUCTURAL,93.65,63,62,-1
zombie.core.textures.Texture,zombie.core.textures,Texture,False,renderwallnw,(FFFFIIIIII)V,SORTED_MULTISET,93.67,221,225,4
zombie.iso.IsoMovingObject,zombie.iso,IsoMovingObject,False,canHaveMultipleHits,()B,STRUCTURAL,93.69,111,110,-1
zombie.vehicles.PolygonalMap2$VisibilityGraph,zombie.vehicles,PolygonalMap2$VisibilityGraph,True,connectVehicleCrawlNodes,()V,STRUCTURAL,93.69,444,441,-3
zombie.iso.MultiStageBuilding$Stage,zombie.iso,MultiStageBuilding$Stage,True,doStage,(Lzombie/characters/IsoGameCharacter;Lzombie/iso/objects/IsoThumpable;Z)V,SORTED_MULTISET,93.7,270,271,1
zombie.network.BodyDamageSync,zombie.network,BodyDamageSync,False,clientPacket,(Ljava/nio/ByteBuffer;)V,STRUCTURAL,93.71,143,142,-1
zombie.gameStates.ConnectToServerState$WorkshopItem,zombie.gameStates,ConnectToServerState$WorkshopItem,True,update,()V,STRUCTURAL,93.75,16,15,-1
zombie.network.PlayerDownloadServer$WorkerThread,zombie.network,PlayerDownloadServer$WorkerThread,True,putCommand,(Lzombie/network/PlayerDownloadServer$EThreadCommand;Lzombie/network/ClientChunkRequest;)V,SORTED_MULTISET,93.75,16,15,-1
zombie.chat.defaultChats.WhisperChat,zombie.chat.defaultChats,WhisperChat,False,init,()V,SORTED_MULTISET,93.75,48,47,-1
zombie.core.Languages,zombie.core,Languages,False,init,()V,STRUCTURAL,93.75,48,49,1
zombie.iso.objects.IsoMannequin,zombie.iso.objects,IsoMannequin,False,wearItem,(Lzombie/inventory/InventoryItem;Lzombie/characters/IsoGameCharacter;)V,SORTED_MULTISET,93.75,80,79,-1
zombie.chat.ChatUtility,zombie.chat,ChatUtility,False,parseStringForChatBubble,(Ljava/lang/String;)Ljava/lang/String;,SORTED_MULTISET,93.75,176,176,0
zombie.iso.weather.fog.ImprovedFog,zombie.iso.weather.fog,ImprovedFog,False,renderFogSegment,()V,SORTED_MULTISET,93.77,257,253,-4
zombie.iso.IsoCell$SnowGrid,zombie.iso,IsoCell$SnowGrid,True,init,(I)Lzombie/iso/IsoCell$SnowGrid;,SORTED_MULTISET,93.79,708,713,5
zombie.vehicles.UI3DScene$RotateGizmo,zombie.vehicles,UI3DScene$RotateGizmo,True,updateTracking,(FF)V,STRUCTURAL,93.81,194,194,0
zombie.iso.IsoChunkMap,zombie.iso,IsoChunkMap,False,copy,(Lzombie/iso/IsoChunkMap;)V,STRUCTURAL,93.83,81,83,2
zombie.Lua.LuaManager$GlobalObject,zombie.Lua,LuaManager$GlobalObject,True,addAllVehicles,(Ljava/util/function/Predicate;)V,STRUCTURAL,93.85,130,128,-2
zombie.iso.IsoObject,zombie.iso,IsoObject,False,Thump,(Lzombie/iso/IsoMovingObject;)V,SORTED_MULTISET,93.9,295,291,-4
zombie.network.ServerMap,zombie.network,ServerMap,False,getRandomSquareFromCell,(II)Lzombie/iso/IsoGridSquare;,SORTED_MULTISET,93.94,66,68,2
zombie.characters.IsoGameCharacter,zombie.characters,IsoGameCharacter,False,getNearVehicle,()Lzombie/vehicles/BaseVehicle;,STRUCTURAL,93.94,132,131,-1
zombie.core.raknet.UdpEngine,zombie.core.raknet,UdpEngine,False,Connect,(Ljava/lang/String;ILjava/lang/String;Z)V,STRUCTURAL,94,50,48,-2
zombie.network.PlayerDownloadServer$WorkerThread,zombie.network,PlayerDownloadServer$WorkerThread,True,runInner,()V,SORTED_MULTISET,94,50,48,-2
zombie.randomizedWorld.randomizedBuilding.RBTableStory,zombie.randomizedWorld.randomizedBuilding,RBTableStory,False,getItemFromSSI,(Lzombie/randomizedWorld/randomizedBuilding/RBTableStory$StorySpawnItem;)Ljava/lang/String;,STRUCTURAL,94,50,48,-2
zombie.core.Collections.ConcurrentAutoTable$CAT,zombie.core.Collections,ConcurrentAutoTable$CAT,True,add_if_mask,(JJILzombie/core/Collections/ConcurrentAutoTable;)J,STRUCTURAL,94.04,151,151,0
zombie.iso.NearestWalls,zombie.iso,NearestWalls,False,calcDistanceOnThisChunkOnly,(Lzombie/iso/IsoChunk;)V,SORTED_MULTISET,94.1,271,267,-4
zombie.iso.IsoGridSquare,zombie.iso,IsoGridSquare,False,BurnWallsTCOnly,()V,STRUCTURAL,94.12,17,17,0
zombie.core.skinnedmodel.advancedanimation.AnimNode,zombie.core.skinnedmodel.advancedanimation,AnimNode,False,findTransitionTo,(Lzombie/core/skinnedmodel/advancedanimation/IAnimationVariableSource;Ljava/lang/String;)Lzombie/core/skinnedmodel/advancedanimation/AnimTransition;,STRUCTURAL,94.12,34,33,-1
zombie.characters.IsoPlayer,zombie.characters,IsoPlayer,False,getNearVehicle,()Lzombie/vehicles/BaseVehicle;,STRUCTURAL,94.19,172,170,-2
zombie.world.DictionaryData,zombie.world,DictionaryData,False,load,()V,SORTED_MULTISET,94.2,69,68,-1
zombie.characters.ZombiesZoneDefinition,zombie.characters,ZombiesZoneDefinition,False,initZone,(Ljava/lang/String;Lse/krka/kahlua/j2se/KahluaTableImpl;)Lzombie/characters/ZombiesZoneDefinition$ZZDZone;,STRUCTURAL,94.23,52,53,1
zombie.worldMap.WorldMapRenderer$Drawer,zombie.worldMap,WorldMapRenderer$Drawer,True,fillPolygon,(Lzombie/worldMap/styles/WorldMapStyleLayer$RenderArgs;Lzombie/worldMap/WorldMapFeature;Lzombie/worldMap/styles/WorldMapStyleLayer$RGBAf;)V,STRUCTURAL,94.25,574,572,-2
zombie.core.textures.PNGDecoder,zombie.core.textures,PNGDecoder,False,readChunkUnzip,(Ljava/util/zip/Inflater;[BII)V,SORTED_MULTISET,94.34,53,55,2
zombie.iso.objects.IsoMolotovCocktail,zombie.iso.objects,IsoMolotovCocktail,False,Explode,()V,SORTED_MULTISET,94.34,53,51,-2
zombie.iso.IsoMetaGrid,zombie.iso,IsoMetaGrid,False,load,(Ljava/nio/ByteBuffer;)V,STRUCTURAL,94.39,606,607,1
zombie.iso.Particles,zombie.iso,Particles,False,init,()V,STRUCTURAL,94.44,36,35,-1
zombie.inventory.ItemPickerJava,zombie.inventory,ItemPickerJava,False,ParseSuburbsDistributions,()V,STRUCTURAL,94.5,109,109,0
zombie.network.GameServer,zombie.network,GameServer,False,main,([Ljava/lang/String;)V,SORTED_MULTISET,94.51,1823,1823,0
zombie.globalObjects.SGlobalObjectSystem,zombie.globalObjects,SGlobalObjectSystem,False,load,()V,STRUCTURAL,94.53,128,127,-1
zombie.iso.IsoWorld,zombie.iso,IsoWorld,False,readWorldVersion,()I,SORTED_MULTISET,94.53,128,128,0
zombie.popman.NetworkZombiePacker,zombie.popman,NetworkZombiePacker,False,getZombieData,(Lzombie/core/raknet/UdpConnection;Ljava/nio/ByteBuffer;)I,STRUCTURAL,94.55,110,111,1
zombie.radio.RadioXmlReader,zombie.radio,RadioXmlReader,False,LoadTranslatorNames,(Ljava/lang/String;)Ljava/util/ArrayList;,STRUCTURAL,94.59,37,35,-2
zombie.util.ByteBufferOutputStream,zombie.util,ByteBufferOutputStream,False,write,([B)V,STRUCTURAL,94.59,37,36,-1
zombie.iso.IsoGridSquare,zombie.iso,IsoGridSquare,False,isFreeOrMidair,(ZZ)Z,STRUCTURAL,94.67,75,74,-1
zombie.characters.IsoPlayer,zombie.characters,IsoPlayer,False,updateFootInjuries,()V,SORTED_MULTISET,94.69,226,225,-1
zombie.network.CoopMaster,zombie.network,CoopMaster,False,getMessage,()Ljava/lang/String;,SORTED_MULTISET,94.74,38,36,-2
zombie.vehicles.BaseVehicle,zombie.vehicles,BaseVehicle,False,checkCollision,(Lzombie/characters/IsoGameCharacter;)Lzombie/vehicles/BaseVehicle$HitVars;,STRUCTURAL,94.74,38,36,-2
zombie.core.znet.SteamWorkshopItem,zombie.core.znet,SteamWorkshopItem,False,validateFileTypes,(Ljava/nio/file/Path;)Ljava/lang/String;,STRUCTURAL,94.74,95,93,-2
zombie.iso.objects.IsoFire,zombie.iso.objects,IsoFire,False,render,(FFFLzombie/core/textures/ColorInfo;ZZLzombie/core/opengl/Shader;)V,STRUCTURAL,94.74,95,94,-1
zombie.savefile.PlayerDB,zombie.savefile,PlayerDB,False,loadLocalPlayerInfo,(I)Z,FUZZY_COMPUTATION,94.74,95,97,2
zombie.scripting.ScriptManager,zombie.scripting,ScriptManager,False,LoadFile,(Ljava/lang/String;Z)V,SORTED_MULTISET,94.74,152,155,3
zombie.vehicles.CollideWithObstaclesPoly$ChunkDataZ,zombie.vehicles,CollideWithObstaclesPoly$ChunkDataZ,True,init,(Lzombie/iso/IsoChunk;ILzombie/vehicles/CollideWithObstaclesPoly;)V,SORTED_MULTISET,94.79,730,730,0
zombie.fileSystem.FileSystemImpl,zombie.fileSystem,FileSystemImpl,False,updateAsyncTransactions,()V,SORTED_MULTISET,94.8,173,172,-1
zombie.profanity.ProfanityFilter,zombie.profanity,ProfanityFilter,False,filterString,(Ljava/lang/String;)Ljava/lang/String;,STRUCTURAL,94.81,77,73,-4
zombie.iso.objects.IsoWindow,zombie.iso.objects,IsoWindow,False,addSheet,(Lzombie/characters/IsoGameCharacter;)V,SORTED_MULTISET,94.92,177,176,-1
zombie.core.SpriteRenderer,zombie.core,SpriteRenderer,False,renderClamped,(Lzombie/core/textures/Texture;IIIIIIIIFFFFLjava/util/function/Consumer;)V,STRUCTURAL,94.95,198,194,-4
zombie.core.Collections.NonBlockingHashMap,zombie.core.Collections,NonBlockingHashMap,False,readObject,(Ljava/io/ObjectInputStream;)V,SORTED_MULTISET,95,20,19,-1
zombie.core.Collections.NonBlockingHashtable,zombie.core.Collections,NonBlockingHashtable,False,readObject,(Ljava/io/ObjectInputStream;)V,SORTED_MULTISET,95,20,19,-1
zombie.core.Collections.NonBlockingIdentityHashMap,zombie.core.Collections,NonBlockingIdentityHashMap,False,readObject,(Ljava/io/ObjectInputStream;)V,SORTED_MULTISET,95,20,19,-1
zombie.util.ByteBufferOutputStream,zombie.util,ByteBufferOutputStream,False,write,([BII)V,STRUCTURAL,95,40,39,-1
zombie.network.BodyDamageSync,zombie.network,BodyDamageSync,False,serverPacket,(Ljava/nio/ByteBuffer;)V,SORTED_MULTISET,95,120,121,1
zombie.iso.weather.fog.ImprovedFog,zombie.iso.weather.fog,ImprovedFog,False,DrawSubTextureRGBA,(Lzombie/core/textures/Texture;DDDDDDDDDDDD)V,STRUCTURAL,95,180,176,-4
zombie.debug.DebugLogStream,zombie.debug,DebugLogStream,False,printException,(Ljava/lang/Throwable;Ljava/lang/String;Ljava/lang/String;Lzombie/debug/LogSeverity;)V,SORTED_MULTISET,95.05,101,105,4
zombie.ZomboidFileSystem,zombie,ZomboidFileSystem,False,isKnownFile,(Ljava/lang/String;)Z,STRUCTURAL,95.24,42,40,-2
zombie.network.GameServer,zombie.network,GameServer,False,receiveStopSound,(Ljava/nio/ByteBuffer;Lzombie/core/raknet/UdpConnection;S)V,STRUCTURAL,95.24,42,41,-1
zombie.iso.weather.fx.WeatherFxMask,zombie.iso.weather.fx,WeatherFxMask,False,scanForTiles,(I)V,STRUCTURAL,95.24,147,147,0
zombie.ui.UIDebugConsole,zombie.ui,UIDebugConsole,False,update,()V,STRUCTURAL,95.28,254,255,1
zombie.characters.skills.CustomPerks,zombie.characters.skills,CustomPerks,False,parse,(Ljava/lang/String;)V,STRUCTURAL,95.31,64,64,0
zombie.sandbox.CustomSandboxOptions,zombie.sandbox,CustomSandboxOptions,False,parse,(Ljava/lang/String;)V,STRUCTURAL,95.31,64,64,0
zombie.core.Collections.ZomboidHashMap,zombie.core.Collections,ZomboidHashMap,False,transfer,([Lzombie/core/Collections/ZomboidHashMap$Entry;)V,STRUCTURAL,95.35,43,46,3
zombie.core.znet.SteamWorkshopItem,zombie.core.znet,SteamWorkshopItem,False,validatePreviewImage,(Ljava/nio/file/Path;)Ljava/lang/String;,STRUCTURAL,95.35,86,84,-2
zombie.randomizedWorld.randomizedVehicleStory.RVSBanditRoad,zombie.randomizedWorld.randomizedVehicleStory,RVSBanditRoad,False,spawnElement,(Lzombie/randomizedWorld/randomizedVehicleStory/VehicleStorySpawner;Lzombie/randomizedWorld/randomizedVehicleStory/VehicleStorySpawner$Element;)V,STRUCTURAL,95.39,152,151,-1
zombie.iso.objects.IsoGenerator,zombie.iso.objects,IsoGenerator,False,update,()V,STRUCTURAL,95.44,241,240,-1
zombie.characters.BodyDamage.BodyDamage,zombie.characters.BodyDamage,BodyDamage,False,AddRandomDamageFromZombie,(Lzombie/characters/IsoZombie;Ljava/lang/String;)Z,SORTED_MULTISET,95.54,874,873,-1
zombie.iso.weather.ThunderStorm,zombie.iso.weather,ThunderStorm,False,update,(D)V,SORTED_MULTISET,95.55,449,450,1
zombie.chat.ChatElement,zombie.chat,ChatElement,False,addChatLine,(Ljava/lang/String;FFFLzombie/ui/UIFont;FLjava/lang/String;ZZZZZZ)V,SORTED_MULTISET,95.58,113,111,-2
zombie.worldMap.symbols.WorldMapSymbols,zombie.worldMap.symbols,WorldMapSymbols,False,load,(Ljava/nio/ByteBuffer;I)V,SORTED_MULTISET,95.59,68,67,-1
zombie.network.FakeClientManager$1,zombie.network,FakeClientManager$1,True,<clinit>,()V,SORTED_MULTISET,95.61,296,296,0
zombie.iso.objects.IsoFire,zombie.iso.objects,IsoFire,False,update,()V,SORTED_MULTISET,95.63,435,434,-1
zombie.vehicles.CircleLineIntersect,zombie.vehicles,CircleLineIntersect,False,TEST,(Lorg/joml/Vector3f;FFFFLzombie/core/physics/CarController;)Z,STRUCTURAL,95.64,574,572,-2
zombie.core.Collections.NonBlockingHashMapLong$SnapshotV,zombie.core.Collections,NonBlockingHashMapLong$SnapshotV,True,<init>,(Lzombie/core/Collections/NonBlockingHashMapLong;)V,STRUCTURAL,95.65,23,23,0
zombie.network.FakeClientManager$Player,zombie.network,FakeClientManager$Player,True,getNearestPlayer,()Lzombie/network/FakeClientManager$PlayerManager$RemotePlayer;,SORTED_MULTISET,95.65,46,44,-2
zombie.network.GameServerWorkshopItems$WorkshopItem,zombie.network,GameServerWorkshopItems$WorkshopItem,True,DownloadPending,()V,STRUCTURAL,95.65,46,45,-1
zombie.popman.MPDebugInfo,zombie.popman,MPDebugInfo,False,serverPacket,(Ljava/nio/ByteBuffer;Lzombie/core/raknet/UdpConnection;)V,STRUCTURAL,95.65,276,275,-1
zombie.vehicles.PathFindState2,zombie.vehicles,PathFindState2,False,execute,(Lzombie/characters/IsoGameCharacter;)V,STRUCTURAL,95.7,93,93,0
zombie.iso.objects.IsoDeadBody,zombie.iso.objects,IsoDeadBody,False,save,(Ljava/nio/ByteBuffer;Z)V,SORTED_MULTISET,95.72,187,187,0
zombie.core.utils.FibonacciHeap,zombie.core.utils,FibonacciHeap,False,dequeueMin,()Lzombie/core/utils/FibonacciHeap$Entry;,SORTED_MULTISET,95.73,211,210,-1
zombie.iso.ObjectsSyncRequests,zombie.iso,ObjectsSyncRequests,False,serverSendRequests,(Lzombie/core/raknet/UdpConnection;)V,STRUCTURAL,95.77,142,141,-1
zombie.core.Collections.NonBlockingHashMapLong,zombie.core.Collections,NonBlockingHashMapLong,False,readObject,(Ljava/io/ObjectInputStream;)V,SORTED_MULTISET,95.83,24,23,-1
zombie.randomizedWorld.randomizedBuilding.TableStories.RBTableStoryBase,zombie.randomizedWorld.randomizedBuilding.TableStories,RBTableStoryBase,False,checkForTable,(Lzombie/iso/IsoGridSquare;Lzombie/iso/IsoObject;Ljava/util/ArrayList;)Lzombie/iso/IsoObject;,STRUCTURAL,95.83,48,47,-1
zombie.util.BufferedRandomAccessFile,zombie.util,BufferedRandomAccessFile,False,read,([BII)I,STRUCTURAL,95.83,48,47,-1
zombie.iso.IsoChunk,zombie.iso,IsoChunk,False,LoadOrCreate,(IILjava/nio/ByteBuffer;)Z,STRUCTURAL,95.83,72,72,0
zombie.iso.NearestWalls,zombie.iso,NearestWalls,False,getNearestWallEast,(Lzombie/iso/IsoChunk;III)I,STRUCTURAL,95.83,72,70,-2
zombie.network.FakeClientManager$Client,zombie.network,FakeClientManager$Client,True,receive,(SLjava/nio/ByteBuffer;)V,STRUCTURAL,95.87,121,120,-1
zombie.vehicles.CollideWithObstacles$CCObjectOutline,zombie.vehicles,CollideWithObstacles$CCObjectOutline,True,setWest,(III[[Lzombie/vehicles/CollideWithObstacles$CCObjectOutline;)V,STRUCTURAL,95.89,73,71,-2
zombie.vehicles.CollideWithObstacles$CCObjectOutline,zombie.vehicles,CollideWithObstacles$CCObjectOutline,True,setNorth,(III[[Lzombie/vehicles/CollideWithObstacles$CCObjectOutline;)V,STRUCTURAL,95.89,73,71,-2
zombie.vehicles.PolygonalMap2$ObjectOutline,zombie.vehicles,PolygonalMap2$ObjectOutline,True,setWest,(III[[Lzombie/vehicles/PolygonalMap2$ObjectOutline;)V,STRUCTURAL,95.89,73,71,-2
zombie.vehicles.PolygonalMap2$ObjectOutline,zombie.vehicles,PolygonalMap2$ObjectOutline,True,setNorth,(III[[Lzombie/vehicles/PolygonalMap2$ObjectOutline;)V,STRUCTURAL,95.89,73,71,-2
zombie.network.ServerLOS$LOSThread,zombie.network,ServerLOS$LOSThread,True,shouldWait,()Z,SORTED_MULTISET,95.92,49,47,-2
zombie.ai.states.ClimbOverWallState,zombie.ai.states,ClimbOverWallState,False,getFence,(Lzombie/characters/IsoGameCharacter;)Lzombie/iso/IsoObject;,STRUCTURAL,95.95,74,74,0
zombie.core.logger.ExceptionLogger,zombie.core.logger,ExceptionLogger,False,logException,(Ljava/lang/Throwable;Ljava/lang/String;Lzombie/debug/DebugLogStream;Lzombie/debug/LogSeverity;)V,SORTED_MULTISET,96,50,50,0
zombie.core.skinnedmodel.ModelManager,zombie.core.skinnedmodel,ModelManager,False,initAnimationMeshes,(Z)V,STRUCTURAL,96,100,101,1
zombie.iso.IsoObject,zombie.iso,IsoObject,False,renderOverlaySprites,(FFFLzombie/core/textures/ColorInfo;)V,SORTED_MULTISET,96.04,101,102,1
zombie.iso.IsoWorld,zombie.iso,IsoWorld,False,LoadTileDefinitions,(Lzombie/iso/sprite/IsoSpriteManager;Ljava/lang/String;I)V,SORTED_MULTISET,96.04,2145,2141,-4
zombie.GameWindow,zombie,GameWindow,False,setTexturePackLookup,()V,STRUCTURAL,96.08,51,50,-1
zombie.core.skinnedmodel.advancedanimation.AnimLayer,zombie.core.skinnedmodel.advancedanimation,AnimLayer,False,findTransitionToNewNode,(Lzombie/core/skinnedmodel/advancedanimation/LiveAnimNode;Z)Lzombie/core/skinnedmodel/advancedanimation/LiveAnimNode;,STRUCTURAL,96.08,51,50,-1
zombie.ai.states.BumpedState,zombie.ai.states,BumpedState,False,enter,(Lzombie/characters/IsoGameCharacter;)V,SORTED_MULTISET,96.1,77,76,-1
zombie.ui.UIDebugConsole,zombie.ui,UIDebugConsole,False,ProcessCommand,()V,STRUCTURAL,96.12,103,102,-1
zombie.iso.objects.ObjectRenderEffects,zombie.iso.objects,ObjectRenderEffects,False,updateOLD,(FF)V,STRUCTURAL,96.19,105,103,-2
zombie.erosion.categories.NatureTrees,zombie.erosion.categories,NatureTrees,False,init,()V,STRUCTURAL,96.26,294,294,0
zombie.core.znet.SteamWorkshopItem,zombie.core.znet,SteamWorkshopItem,False,validateMediaFolder,(Ljava/nio/file/Path;)Ljava/lang/String;,STRUCTURAL,96.3,54,52,-2
zombie.randomizedWorld.randomizedZoneStory.RandomizedZoneStoryBase,zombie.randomizedWorld.randomizedZoneStory,RandomizedZoneStoryBase,False,isValidForStory,(Lzombie/iso/IsoMetaGrid$Zone;Z)Z,STRUCTURAL,96.3,54,52,-2
zombie.core.skinnedmodel.model.ModelInstance$PlayerData,zombie.core.skinnedmodel.model,ModelInstance$PlayerData,True,updateLights,(Lzombie/characters/IsoGameCharacter;Z)V,SORTED_MULTISET,96.31,623,624,1
zombie.core.skinnedmodel.advancedanimation.AnimState,zombie.core.skinnedmodel.advancedanimation,AnimState,False,getAnimNodes,(Lzombie/core/skinnedmodel/advancedanimation/IAnimationVariableSource;Ljava/util/List;)Ljava/util/List;,STRUCTURAL,96.36,110,109,-1
zombie.iso.weather.ThunderStorm,zombie.iso.weather,ThunderStorm,False,startThunderCloud,(FFFFFDZF)Lzombie/iso/weather/ThunderStorm$ThunderCloud;,SORTED_MULTISET,96.39,166,165,-1
zombie.vehicles.PolygonalMap2$ConnectedRegions,zombie.vehicles,PolygonalMap2$ConnectedRegions,True,floodFill,(II)V,SORTED_MULTISET,96.41,251,252,1
zombie.vehicles.PathFindBehavior2,zombie.vehicles,PathFindBehavior2,False,update,()Lzombie/vehicles/PathFindBehavior2$BehaviorResult;,STRUCTURAL,96.42,670,670,0
zombie.vehicles.PolygonalMap2,zombie.vehicles,PolygonalMap2,False,findPath,(Lzombie/vehicles/PolygonalMap2$PathFindRequest;Z)Z,FUZZY_COMPUTATION,96.42,1620,1616,-4
zombie.savefile.PlayerDB$PlayerData,zombie.savefile,PlayerDB$PlayerData,True,setBytes,(Ljava/io/InputStream;)V,STRUCTURAL,96.43,28,28,0
zombie.vehicles.VehiclesDB2$VehicleBuffer,zombie.vehicles,VehiclesDB2$VehicleBuffer,True,setBytes,(Ljava/io/InputStream;)V,STRUCTURAL,96.43,28,28,0
zombie.vehicles.PolygonalMap2$LineClearCollideMain,zombie.vehicles,PolygonalMap2$LineClearCollideMain,True,isNotClearOld,(Lzombie/vehicles/PolygonalMap2;FFFFILzombie/vehicles/BaseVehicle;I)Z,SORTED_MULTISET,96.44,1094,1090,-4
zombie.iso.IsoGridSquare,zombie.iso,IsoGridSquare,False,RecalcAllWithNeighboursMineOnly,()V,SORTED_MULTISET,96.47,85,83,-2
zombie.vehicles.BaseVehicle,zombie.vehicles,BaseVehicle,False,isInvalidChunkAround,(ZZZZ)Z,STRUCTURAL,96.47,170,170,0
zombie.iso.IsoRoofFixer,zombie.iso,IsoRoofFixer,False,scanIsRoofAt,(Lzombie/iso/IsoGridSquare;Z)Z,STRUCTURAL,96.49,57,56,-1
zombie.core.Collections.ZomboidAbstractMap,zombie.core.Collections,ZomboidAbstractMap,False,equals,(Ljava/lang/Object;)Z,STRUCTURAL,96.55,58,56,-2
zombie.gameStates.ConnectToServerState$WorkshopItem,zombie.gameStates,ConnectToServerState$WorkshopItem,True,DownloadPending,()V,STRUCTURAL,96.55,58,57,-1
zombie.network.TableNetworkUtils,zombie.network,TableNetworkUtils,False,save,(Ljava/nio/ByteBuffer;BLjava/lang/Object;)V,STRUCTURAL,96.55,58,57,-1
zombie.inventory.RecipeManager,zombie.inventory,RecipeManager,False,getUniqueRecipeItems,(Lzombie/inventory/InventoryItem;Lzombie/characters/IsoGameCharacter;Ljava/util/ArrayList;)Ljava/util/ArrayList;,SORTED_MULTISET,96.55,87,86,-1
zombie.vehicles.CollideWithObstacles,zombie.vehicles,CollideWithObstacles,False,resolveCollision,(Lzombie/characters/IsoGameCharacter;FFLorg/joml/Vector2f;)Lorg/joml/Vector2f;,STRUCTURAL,96.55,927,924,-3
zombie.modding.ActiveModsFile,zombie.modding,ActiveModsFile,False,write,(Ljava/lang/String;Lzombie/modding/ActiveMods;)Z,STRUCTURAL,96.67,60,58,-2
zombie.characters.IsoPlayer,zombie.characters,IsoPlayer,False,getTimeSurvived,()Ljava/lang/String;,SORTED_MULTISET,96.67,120,118,-2
zombie.iso.IsoPuddles,zombie.iso,IsoPuddles,False,renderSome,(II)I,STRUCTURAL,96.73,153,149,-4
zombie.vehicles.UI3DScene,zombie.vehicles,UI3DScene,False,intersect_ray_plane,(Lzombie/vehicles/UI3DScene$Plane;Lzombie/vehicles/UI3DScene$Ray;Lorg/joml/Vector3f;)I,STRUCTURAL,96.77,93,93,0
zombie.worldMap.WorldMapRenderer,zombie.worldMap,WorldMapRenderer,False,intersect_ray_plane,(Lzombie/vehicles/UI3DScene$Plane;Lzombie/vehicles/UI3DScene$Ray;Lorg/joml/Vector3f;)I,STRUCTURAL,96.77,93,93,0
zombie.characters.IsoGameCharacter,zombie.characters,IsoGameCharacter,False,updateUserName,()V,SORTED_MULTISET,96.82,283,284,1
zombie.GameTime,zombie,GameTime,False,TimeLerp,(FFFF)F,STRUCTURAL,96.83,126,122,-4
zombie.network.PlayerDownloadServer$WorkerThread,zombie.network,PlayerDownloadServer$WorkerThread,True,sendArray,(Lzombie/network/ClientChunkRequest;)V,SORTED_MULTISET,96.83,252,252,0
zombie.popman.LoadedAreas,zombie.popman,LoadedAreas,False,isOnEdge,(II)Z,STRUCTURAL,96.9,129,129,0
zombie.iso.IsoWater,zombie.iso,IsoWater,False,renderSome,(IIZ)I,STRUCTURAL,96.91,162,158,-4
zombie.randomizedWorld.randomizedVehicleStory.RVSChangingTire,zombie.randomizedWorld.randomizedVehicleStory,RVSChangingTire,False,spawnElement,(Lzombie/randomizedWorld/randomizedVehicleStory/VehicleStorySpawner;Lzombie/randomizedWorld/randomizedVehicleStory/VehicleStorySpawner$Element;)V,STRUCTURAL,96.95,197,196,-1
zombie.characters.IsoZombie,zombie.characters,IsoZombie,False,processAggroList,()V,STRUCTURAL,96.97,33,32,-1
zombie.vehicles.BaseVehicle,zombie.vehicles,BaseVehicle,False,crash,(FZ)V,STRUCTURAL,97,100,98,-2
zombie.iso.IsoObject,zombie.iso,IsoObject,False,FindExternalWaterSource,(III)Lzombie/iso/IsoObject;,STRUCTURAL,97.01,67,66,-1
zombie.iso.NearestWalls,zombie.iso,NearestWalls,False,getNearestWallWest,(Lzombie/iso/IsoChunk;III)I,STRUCTURAL,97.01,67,65,-2
zombie.iso.objects.IsoFire,zombie.iso.objects,IsoFire,False,<init>,(Lzombie/iso/IsoCell;Lzombie/iso/IsoGridSquare;ZII)V,FUZZY_COMPUTATION,97.01,201,197,-4
zombie.vehicles.CollideWithObstaclesPoly,zombie.vehicles,CollideWithObstaclesPoly,False,resolveCollision,(Lzombie/characters/IsoGameCharacter;FFLorg/joml/Vector2f;)Lorg/joml/Vector2f;,STRUCTURAL,97.04,473,470,-3
zombie.modding.ActiveModsFile,zombie.modding,ActiveModsFile,False,read,(Ljava/lang/String;Lzombie/modding/ActiveMods;)Z,STRUCTURAL,97.06,68,66,-2
zombie.iso.sprite.CorpseFlies,zombie.iso.sprite,CorpseFlies,False,render,(III)V,SORTED_MULTISET,97.06,136,136,0
zombie.scripting.objects.EvolvedRecipe,zombie.scripting.objects,EvolvedRecipe,False,addItem,(Lzombie/inventory/InventoryItem;Lzombie/inventory/InventoryItem;Lzombie/characters/IsoGameCharacter;)Lzombie/inventory/InventoryItem;,STRUCTURAL,97.07,716,718,2
zombie.inventory.types.Food,zombie.inventory.types,Food,False,updateRotting,(Lzombie/inventory/ItemContainer;)V,SORTED_MULTISET,97.1,138,137,-1
zombie.core.skinnedmodel.DeadBodyAtlas,zombie.core.skinnedmodel,DeadBodyAtlas,False,toBodyAtlas,(Lzombie/core/skinnedmodel/DeadBodyAtlas$RenderJob;)V,SORTED_MULTISET,97.13,279,281,2
zombie.characters.ZombiesZoneDefinition,zombie.characters,ZombiesZoneDefinition,False,pickPersistentOutfit,(Lzombie/iso/IsoGridSquare;)I,STRUCTURAL,97.14,70,68,-2
zombie.iso.objects.IsoGenerator,zombie.iso.objects,IsoGenerator,False,chunkLoaded,(Lzombie/iso/IsoChunk;)V,SORTED_MULTISET,97.22,72,71,-1
zombie.randomizedWorld.randomizedVehicleStory.RVSTrailerCrash,zombie.randomizedWorld.randomizedVehicleStory,RVSTrailerCrash,False,spawnElement,(Lzombie/randomizedWorld/randomizedVehicleStory/VehicleStorySpawner;Lzombie/randomizedWorld/randomizedVehicleStory/VehicleStorySpawner$Element;)V,STRUCTURAL,97.26,146,145,-1
zombie.Lua.LuaManager$GlobalObject,zombie.Lua,LuaManager$GlobalObject,True,require,(Ljava/lang/String;)Ljava/lang/Object;,STRUCTURAL,97.3,37,39,2
zombie.SandboxOptions,zombie,SandboxOptions,False,load,()V,SORTED_MULTISET,97.44,78,80,2
zombie.core.skinnedmodel.population.BeardStyles,zombie.core.skinnedmodel.population,BeardStyles,False,init,()V,STRUCTURAL,97.44,78,79,1
zombie.network.GameClient,zombie.network,GameClient,False,lambda$startLocalServer$0,()V,SORTED_MULTISET,97.44,78,80,2
zombie.iso.weather.fx.ParticleRectangle,zombie.iso.weather.fx,ParticleRectangle,False,render,()V,STRUCTURAL,97.47,198,197,-1
zombie.characters.IsoGameCharacter,zombie.characters,IsoGameCharacter,False,renderlast,()V,SORTED_MULTISET,97.47,2923,2931,8
zombie.iso.IsoGridSquare,zombie.iso,IsoGridSquare,False,RenderMinusFloorFxMask,(IZZ)Z,SORTED_MULTISET,97.51,241,238,-3
zombie.characters.IsoZombie,zombie.characters,IsoZombie,False,lambda$registerVariableCallbacks$9,()Ljava/lang/Boolean;,STRUCTURAL,97.58,124,123,-1
zombie.inventory.types.Moveable,zombie.inventory.types,Moveable,False,ReadFromWorldSprite,(Ljava/lang/String;)Z,STRUCTURAL,97.61,335,337,2
zombie.fileSystem.DiskFileDevice$DiskFile,zombie.fileSystem,DiskFileDevice$DiskFile,True,seek,(Lzombie/fileSystem/FileSeekMode;J)Z,SORTED_MULTISET,97.62,42,42,0
zombie.config.ConfigFile,zombie.config,ConfigFile,False,write,(Ljava/lang/String;ILjava/util/ArrayList;)Z,STRUCTURAL,97.62,84,82,-2
zombie.vehicles.PathFindBehavior2,zombie.vehicles,PathFindBehavior2,False,pathToVehicleSeat,(Lzombie/vehicles/BaseVehicle;I)V,STRUCTURAL,97.63,295,295,0
zombie.randomizedWorld.randomizedVehicleStory.RVSPoliceBlockadeShooting,zombie.randomizedWorld.randomizedVehicleStory,RVSPoliceBlockadeShooting,False,spawnElement,(Lzombie/randomizedWorld/randomizedVehicleStory/VehicleStorySpawner;Lzombie/randomizedWorld/randomizedVehicleStory/VehicleStorySpawner$Element;)V,STRUCTURAL,97.65,298,297,-1
zombie.vehicles.VehicleEngineRPM,zombie.vehicles,VehicleEngineRPM,False,Load,(Ljava/lang/String;Ljava/lang/String;)V,SORTED_MULTISET,97.66,128,127,-1
zombie.network.FakeClientManager$Client,zombie.network,FakeClientManager$Client,True,getBooleanVariables,()I,FUZZY_COMPUTATION,97.67,43,43,0
zombie.vehicles.PolygonalMap2$SearchNode,zombie.vehicles,PolygonalMap2$SearchNode,True,getSuccessors,(Ljava/util/ArrayList;)V,SORTED_MULTISET,97.69,347,344,-3
zombie.audio.parameters.ParameterFootstepMaterial,zombie.audio.parameters,ParameterFootstepMaterial,False,getMaterial,()Lzombie/audio/parameters/ParameterFootstepMaterial$FootstepMaterial;,STRUCTURAL,97.7,87,85,-2
zombie.iso.IsoChunk,zombie.iso,IsoChunk,False,RandomizeModel,(Lzombie/vehicles/BaseVehicle;Lzombie/iso/IsoMetaGrid$Zone;Ljava/lang/String;Lzombie/vehicles/VehicleType;)Z,STRUCTURAL,97.7,87,85,-2
zombie.iso.objects.IsoWorldInventoryObject,zombie.iso.objects,IsoWorldInventoryObject,False,updateSprite,()V,SORTED_MULTISET,97.87,94,96,2
zombie.iso.WorldStreamer$ChunkComparator,zombie.iso,WorldStreamer$ChunkComparator,True,compare,(Lzombie/iso/IsoChunk;Lzombie/iso/IsoChunk;)I,SORTED_MULTISET,97.89,95,94,-1
zombie.erosion.season.ErosionIceQueen,zombie.erosion.season,ErosionIceQueen,False,setRoofSnow,()V,STRUCTURAL,97.91,431,429,-2
zombie.gameStates.MainScreenState,zombie.gameStates,MainScreenState,False,exit,()V,STRUCTURAL,97.92,48,48,0
zombie.inventory.CompressIdenticalItems,zombie.inventory,CompressIdenticalItems,False,areItemsIdentical,(Lzombie/inventory/CompressIdenticalItems$PerThreadData;Lzombie/inventory/InventoryItem;Lzombie/inventory/InventoryItem;)Z,FUZZY_COMPUTATION,97.95,146,149,3
zombie.audio.ObjectAmbientEmitters$WaterDripLogic,zombie.audio,ObjectAmbientEmitters$WaterDripLogic,True,startPlaying,(Lzombie/audio/BaseSoundEmitter;J)V,STRUCTURAL,98,50,52,2
zombie.iso.IsoObjectPicker,zombie.iso,IsoObjectPicker,False,PickHoppable,(II)Lzombie/iso/IsoObject;,STRUCTURAL,98,100,99,-1
zombie.iso.IsoObjectPicker,zombie.iso,IsoObjectPicker,False,PickTree,(II)Lzombie/iso/IsoObject;,STRUCTURAL,98,100,99,-1
zombie.iso.IsoGridSquare,zombie.iso,IsoGridSquare,False,RecalcAllWithNeighbours,(ZLzombie/iso/IsoGridSquare$GetSquare;)V,SORTED_MULTISET,98.01,151,149,-2
zombie.ui.UITextBox2,zombie.ui,UITextBox2,False,onMouseDown,(DD)Ljava/lang/Boolean;,SORTED_MULTISET,98.01,201,200,-1
zombie.commands.CommandBase,zombie.commands,CommandBase,False,parseCommand,()Z,SORTED_MULTISET,98.02,202,201,-1
zombie.iso.IsoObjectPicker,zombie.iso,IsoObjectPicker,False,PickWindow,(II)Lzombie/iso/IsoObject;,STRUCTURAL,98.04,153,152,-1
zombie.iso.IsoObjectPicker,zombie.iso,IsoObjectPicker,False,PickThumpable,(II)Lzombie/iso/IsoObject;,STRUCTURAL,98.06,103,102,-1
zombie.core.Languages,zombie.core,Languages,False,loadTranslateDirectory,(Ljava/lang/String;)V,STRUCTURAL,98.11,106,107,1
zombie.characters.IsoLivingCharacter,zombie.characters,IsoLivingCharacter,False,DoAttack,(F)Z,STRUCTURAL,98.13,321,321,0
zombie.iso.objects.IsoFire,zombie.iso.objects,IsoFire,False,load,(Ljava/nio/ByteBuffer;IZ)V,FUZZY_COMPUTATION,98.14,322,318,-4
zombie.gameStates.ConnectToServerState,zombie.gameStates,ConnectToServerState,False,FromLua,(Ljava/lang/String;)V,STRUCTURAL,98.15,54,53,-1
zombie.network.ServerChunkLoader$SaveGameTimeTask,zombie.network,ServerChunkLoader$SaveGameTimeTask,True,<init>,(Lzombie/network/ServerChunkLoader;Lzombie/GameTime;)V,STRUCTURAL,98.15,54,53,-1
zombie.inventory.types.InventoryContainer,zombie.inventory.types,InventoryContainer,False,DoTooltip,(Lzombie/ui/ObjectTooltip;)V,SORTED_MULTISET,98.17,109,107,-2
zombie.core.skinnedmodel.population.HairStyles,zombie.core.skinnedmodel.population,HairStyles,False,init,()V,STRUCTURAL,98.2,111,112,1
zombie.network.GameServer,zombie.network,GameServer,False,sendItemListNet,(Lzombie/core/raknet/UdpConnection;Lzombie/characters/IsoPlayer;Ljava/util/ArrayList;Lzombie/characters/IsoPlayer;Ljava/lang/String;Ljava/lang/String;)Z,STRUCTURAL,98.21,112,111,-1
zombie.characters.IsoGameCharacter$XP,zombie.characters,IsoGameCharacter$XP,True,AddXP,(Lzombie/characters/skills/PerkFactory$Perk;FZZZ)V,STRUCTURAL,98.23,453,455,2
zombie.iso.objects.IsoLightSwitch,zombie.iso.objects,IsoLightSwitch,False,canSwitchLight,()Z,SORTED_MULTISET,98.28,116,115,-1
zombie.core.znet.SteamWorkshopItem,zombie.core.znet,SteamWorkshopItem,False,writeWorkshopTxt,()Z,STRUCTURAL,98.29,117,115,-2
zombie.ai.GameCharacterAIBrain,zombie.ai,GameCharacterAIBrain,False,HasBlockedMemory,(IIIIII)Z,SORTED_MULTISET,98.31,118,116,-2
zombie.radio.devices.DeviceData,zombie.radio.devices,DeviceData,False,sendDeviceDataStatePacket,(Lzombie/core/raknet/UdpConnection;S)V,STRUCTURAL,98.36,244,243,-1
zombie.popman.NetworkZombieSimulator,zombie.popman,NetworkZombieSimulator,False,send,()V,STRUCTURAL,98.36,365,366,1
zombie.vehicles.PolygonalMap2$LineClearCollideMain,zombie.vehicles,PolygonalMap2$LineClearCollideMain,True,canStandAtOld,(Lzombie/vehicles/PolygonalMap2;FFFLzombie/vehicles/BaseVehicle;I)Z,STRUCTURAL,98.36,428,428,0
zombie.network.FakeClientManager$ZombieSimulator,zombie.network,FakeClientManager$ZombieSimulator,True,send,()V,STRUCTURAL,98.39,186,187,1
zombie.characters.NetworkZombieVariables,zombie.characters,NetworkZombieVariables,False,setInt,(Lzombie/characters/IsoZombie;SI)V,STRUCTURAL,98.41,63,62,-1
zombie.core.textures.PNGDecoder,zombie.core.textures,PNGDecoder,False,readtRNS,()V,STRUCTURAL,98.44,64,63,-1
zombie.vehicles.UI3DScene,zombie.vehicles,UI3DScene,False,calcMatrices,(Lorg/joml/Matrix4f;Lorg/joml/Matrix4f;)V,STRUCTURAL,98.44,128,127,-1
zombie.iso.IsoPuddlesCompute,zombie.iso,IsoPuddlesCompute,False,computePuddle,(Lzombie/iso/IsoGridSquare;)F,STRUCTURAL,98.45,258,254,-4
zombie.gameStates.ConnectToServerState$WorkshopItem,zombie.gameStates,ConnectToServerState$WorkshopItem,True,CheckItemState,()V,STRUCTURAL,98.46,130,130,0
zombie.characters.IsoGameCharacter,zombie.characters,IsoGameCharacter,False,startPlaybackGameVariables,()Lzombie/core/skinnedmodel/advancedanimation/AnimationVariableSource;,STRUCTURAL,98.48,66,65,-1
zombie.core.Core,zombie.core,Core,False,lambda$setDisplayMode$4,(IIZ)V,STRUCTURAL,98.48,197,199,2
zombie.SandboxOptions,zombie,SandboxOptions,False,load,(Ljava/nio/ByteBuffer;)V,STRUCTURAL,98.5,133,132,-1
zombie.core.skinnedmodel.visual.HumanVisual,zombie.core.skinnedmodel.visual,HumanVisual,False,dressInOutfit,(Lzombie/core/skinnedmodel/population/Outfit;Lzombie/core/skinnedmodel/visual/ItemVisuals;)V,STRUCTURAL,98.5,133,132,-1
zombie.gameStates.IngameState,zombie.gameStates,IngameState,False,renderDebugOverhead,(Lzombie/iso/IsoCell;IIII)V,SORTED_MULTISET,98.5,333,333,0
zombie.core.skinnedmodel.animation.debug.GenericNameWeightRecordingFrame,zombie.core.skinnedmodel.animation.debug,GenericNameWeightRecordingFrame,False,getOrCreateColumn,(Ljava/lang/String;I)I,STRUCTURAL,98.53,68,68,0
zombie.gameStates.ConnectToServerState,zombie.gameStates,ConnectToServerState,False,WorkshopQuery,()V,STRUCTURAL,98.59,71,70,-1
zombie.vehicles.PathFindBehavior2,zombie.vehicles,PathFindBehavior2,False,advanceAlongPath,(FFFFLzombie/vehicles/PathFindBehavior2$PointOnPath;)V,SORTED_MULTISET,98.6,143,142,-1
zombie.scripting.ScriptParsingUtils,zombie.scripting,ScriptParsingUtils,False,SplitExceptInbetween,(Ljava/lang/String;Ljava/lang/String;Ljava/lang/String;Ljava/lang/String;)[Ljava/lang/String;,STRUCTURAL,98.61,216,214,-2
zombie.core.skinnedmodel.model.CharacterMask$Part,zombie.core.skinnedmodel.model,CharacterMask$Part,True,getBloodBodyPartTypes,()[Lzombie/characterTextures/BloodBodyPartType;,STRUCTURAL,98.63,146,145,-1
zombie.iso.IsoMetaGrid,zombie.iso,IsoMetaGrid,False,saveZone,(Ljava/nio/ByteBuffer;)V,SORTED_MULTISET,98.64,295,291,-4
zombie.iso.IsoChunk,zombie.iso,IsoChunk,False,getScavengeZone,()Lzombie/iso/IsoMetaGrid$Zone;,STRUCTURAL,98.66,149,148,-1
zombie.characters.IsoGameCharacter,zombie.characters,IsoGameCharacter,False,DoDeath,(Lzombie/inventory/types/HandWeapon;Lzombie/characters/IsoGameCharacter;Z)V,SORTED_MULTISET,98.68,755,754,-1
zombie.characters.ZombiesZoneDefinition,zombie.characters,ZombiesZoneDefinition,False,pickDefinition,(IIIZ)Lzombie/characters/ZombiesZoneDefinition$PickDefinition;,STRUCTURAL,98.72,235,234,-1
zombie.characters.IsoGameCharacter,zombie.characters,IsoGameCharacter,False,<init>,(Lzombie/iso/IsoCell;FFF)V,STRUCTURAL,98.74,1114,1114,0
zombie.iso.objects.IsoTrap,zombie.iso.objects,IsoTrap,False,initSprite,(Lzombie/inventory/types/HandWeapon;)V,SORTED_MULTISET,98.75,80,82,2
zombie.radio.RadioXmlReader,zombie.radio,RadioXmlReader,False,readTranslatorNames,(Ljava/lang/String;)Ljava/util/ArrayList;,SORTED_MULTISET,98.75,80,81,1
zombie.randomizedWorld.randomizedVehicleStory.RVSFlippedCrash,zombie.randomizedWorld.randomizedVehicleStory,RVSFlippedCrash,False,spawnElement,(Lzombie/randomizedWorld/randomizedVehicleStory/VehicleStorySpawner;Lzombie/randomizedWorld/randomizedVehicleStory/VehicleStorySpawner$Element;)V,STRUCTURAL,98.76,161,160,-1
zombie.core.skinnedmodel.population.OutfitManager,zombie.core.skinnedmodel.population,OutfitManager,False,loaded,()V,STRUCTURAL,98.77,162,163,1
zombie.characters.NetworkTeleport,zombie.characters,NetworkTeleport,False,update,(Lzombie/characters/IsoGameCharacter;Lzombie/network/packets/PlayerPacket;)V,STRUCTURAL,98.81,84,83,-1
zombie.iso.IsoGridSquare,zombie.iso,IsoGridSquare,False,testVisionAdjacent,(IIIZZ)Lzombie/iso/LosUtil$TestResults;,STRUCTURAL,98.82,424,420,-4
zombie.core.raknet.TestClient,zombie.core.raknet,TestClient,False,decode,(Ljava/nio/ByteBuffer;)V,STRUCTURAL,98.86,88,87,-1
zombie.iso.objects.IsoFireManager$FireSounds$Slot,zombie.iso.objects,IsoFireManager$FireSounds$Slot,True,playSound,(Lzombie/iso/objects/IsoFire;)V,STRUCTURAL,98.9,91,93,2
zombie.core.textures.Texture,zombie.core.textures,Texture,False,split2D,([I[I)[[Lzombie/core/textures/Texture;,SORTED_MULTISET,98.92,93,97,4
zombie.iso.IsoWorld,zombie.iso,IsoWorld,False,LoadPlayerForInfo,()Z,SORTED_MULTISET,98.92,186,184,-2
zombie.iso.IsoObjectPicker,zombie.iso,IsoObjectPicker,False,PickTarget,(II)Lzombie/iso/IsoMovingObject;,STRUCTURAL,99.01,202,201,-1
zombie.iso.areas.isoregion.data.DataChunk,zombie.iso.areas.isoregion.data,DataChunk,False,linkRegionsOnSide,(ILzombie/iso/areas/isoregion/data/DataChunk;B)V,SORTED_MULTISET,99.01,202,201,-1
zombie.core.textures.Texture,zombie.core.textures,Texture,False,getSharedTextureInternal,(Ljava/lang/String;I)Lzombie/core/textures/Texture;,STRUCTURAL,99.04,208,210,2
zombie.worldMap.StrokeGeometry,zombie.worldMap,StrokeGeometry,False,createTriangles,(Lzombie/worldMap/StrokeGeometry$Point;Lzombie/worldMap/StrokeGeometry$Point;Lzombie/worldMap/StrokeGeometry$Point;Ljava/util/ArrayList;FLjava/lang/String;F)V,STRUCTURAL,99.06,426,424,-2
zombie.erosion.ErosionMain,zombie.erosion,ErosionMain,False,initConfig,()Z,STRUCTURAL,99.08,217,216,-1
zombie.iso.weather.WorldFlares$Flare,zombie.iso.weather,WorldFlares$Flare,True,update,()V,SORTED_MULTISET,99.08,218,217,-1
zombie.network.ServerGUI,zombie.network,ServerGUI,False,init,()V,STRUCTURAL,99.11,112,111,-1
zombie.randomizedWorld.randomizedVehicleStory.RVSAmbulanceCrash,zombie.randomizedWorld.randomizedVehicleStory,RVSAmbulanceCrash,False,spawnElement,(Lzombie/randomizedWorld/randomizedVehicleStory/VehicleStorySpawner;Lzombie/randomizedWorld/randomizedVehicleStory/VehicleStorySpawner$Element;)V,SORTED_MULTISET,99.11,112,111,-1
zombie.core.raknet.VoiceManager,zombie.core.raknet,VoiceManager,False,checkForNearbyRadios,(Lzombie/core/raknet/VoiceManagerData;)Lzombie/core/raknet/VoiceManagerData$RadioData;,SORTED_MULTISET,99.12,226,224,-2
zombie.gameStates.DebugChunkState,zombie.gameStates,DebugChunkState,False,drawGrid,()V,STRUCTURAL,99.12,228,226,-2
zombie.network.MPStatistic,zombie.network,MPStatistic,False,printCSVStatistic,()V,STRUCTURAL,99.13,573,574,1
zombie.core.physics.CarController,zombie.core.physics,CarController,False,control_ForwardNew,(F)V,SORTED_MULTISET,99.15,468,478,10
zombie.radio.ZomboidRadio,zombie.radio,ZomboidRadio,False,Init,(I)V,STRUCTURAL,99.16,239,239,0
zombie.network.ServerGUI,zombie.network,ServerGUI,False,renderMinusFloor,(Lzombie/iso/IsoGridSquare;ZZ)Z,SORTED_MULTISET,99.16,595,593,-2
zombie.SandboxOptions,zombie,SandboxOptions,False,writeLuaFile,(Ljava/lang/String;Z)Z,STRUCTURAL,99.25,266,264,-2
zombie.iso.weather.WorldFlares$Flare,zombie.iso.weather,WorldFlares$Flare,True,applyFlare,(Lzombie/core/opengl/RenderSettings$PlayerRenderSettings;ILzombie/characters/IsoPlayer;)V,SORTED_MULTISET,99.25,399,413,14
zombie.worldMap.WorldMapRenderer$Drawer,zombie.worldMap,WorldMapRenderer$Drawer,True,drawLineStringYYY,(Lzombie/worldMap/styles/WorldMapStyleLayer$RenderArgs;Lzombie/worldMap/WorldMapFeature;Lzombie/worldMap/styles/WorldMapStyleLayer$RGBAf;F)V,STRUCTURAL,99.26,136,135,-1
zombie.vehicles.SurroundVehicle,zombie.vehicles,SurroundVehicle,False,update,()V,STRUCTURAL,99.27,137,136,-1
zombie.iso.IsoGridSquare,zombie.iso,IsoGridSquare,False,CalculateCollide,(Lzombie/iso/IsoGridSquare;ZZZZLzombie/iso/IsoGridSquare$GetSquare;)Z,SORTED_MULTISET,99.27,1094,1094,0
zombie.network.FakeClientManager$Client,zombie.network,FakeClientManager$Client,True,update,()V,STRUCTURAL,99.3,142,141,-1
zombie.iso.WorldStreamer,zombie.iso,WorldStreamer,False,loadReceivedChunks,()V,STRUCTURAL,99.3,287,286,-1
zombie.characters.IsoGameCharacter,zombie.characters,IsoGameCharacter,False,Hit,(Lzombie/inventory/types/HandWeapon;Lzombie/characters/IsoGameCharacter;FZFZ)F,STRUCTURAL,99.36,311,309,-2
zombie.characters.BodyDamage.Thermoregulator_tryouts,zombie.characters.BodyDamage,Thermoregulator_tryouts,False,updateNodes,()V,SORTED_MULTISET,99.38,321,319,-2
zombie.characters.BodyDamage.Thermoregulator,zombie.characters.BodyDamage,Thermoregulator,False,updateNodes,()V,SORTED_MULTISET,99.39,327,325,-2
zombie.network.GameClient,zombie.network,GameClient,False,SendCommandToServer,(Ljava/lang/String;)V,STRUCTURAL,99.41,170,170,0
zombie.randomizedWorld.randomizedVehicleStory.RVSCrashHorde,zombie.randomizedWorld.randomizedVehicleStory,RVSCrashHorde,False,spawnElement,(Lzombie/randomizedWorld/randomizedVehicleStory/VehicleStorySpawner;Lzombie/randomizedWorld/randomizedVehicleStory/VehicleStorySpawner$Element;)V,STRUCTURAL,99.41,170,169,-1
zombie.iso.IsoGridSquare,zombie.iso,IsoGridSquare,False,renderMinusFloor,(Lzombie/util/list/PZArrayList;IZZZZZLzombie/core/opengl/Shader;)Z,SORTED_MULTISET,99.49,1366,1364,-2
zombie.core.ImmutableColor,zombie.core,ImmutableColor,False,HSBtoRGB,(FFF)[Ljava/lang/Integer;,SORTED_MULTISET,99.51,206,206,0
zombie.core.textures.TextureDraw,zombie.core.textures,TextureDraw,False,run,()V,SORTED_MULTISET,99.55,440,439,-1
zombie.core.skinnedmodel.animation.SoftwareSkinnedModelAnim,zombie.core.skinnedmodel.animation,SoftwareSkinnedModelAnim,False,<init>,([Lzombie/core/skinnedmodel/animation/StaticAnimation;Lzombie/core/skinnedmodel/model/SoftwareModelMesh;Lzombie/core/skinnedmodel/model/SkinningData;)V,STRUCTURAL,99.55,443,441,-2
zombie.core.skinnedmodel.model.ModelInstance$PlayerData,zombie.core.skinnedmodel.model,ModelInstance$PlayerData,True,completeFrameLightsForFrame,()V,STRUCTURAL,99.57,463,463,0
zombie.iso.weather.ClimateValues,zombie.iso.weather,ClimateValues,False,updateValues,(DFLzombie/iso/weather/ClimateManager$DayInfo;Lzombie/iso/weather/ClimateManager$DayInfo;)V,SORTED_MULTISET,99.57,697,694,-3
zombie.randomizedWorld.randomizedBuilding.RBBasic,zombie.randomizedWorld.randomizedBuilding,RBBasic,False,generateSinkClutter,(Lzombie/iso/IsoDirections;Lzombie/iso/IsoObject;Lzombie/iso/IsoGridSquare;Ljava/util/HashMap;)V,STRUCTURAL,99.68,310,310,0
zombie.randomizedWorld.randomizedBuilding.RBBasic,zombie.randomizedWorld.randomizedBuilding,RBBasic,False,generateCounterClutter,(Lzombie/iso/IsoDirections;Lzombie/iso/IsoObject;Lzombie/iso/IsoGridSquare;Ljava/util/HashMap;)V,STRUCTURAL,99.7,330,330,0
zombie.vehicles.PolygonalMap2$LineClearCollideMain,zombie.vehicles,PolygonalMap2$LineClearCollideMain,True,getCollidepoint,(Lzombie/vehicles/PolygonalMap2;FFFFILzombie/vehicles/BaseVehicle;I)Lzombie/iso/Vector2;,STRUCTURAL,99.75,805,805,0
zombie.characters.IsoPlayer,zombie.characters,IsoPlayer,False,calculateContext,()V,STRUCTURAL,99.76,412,412,0
zombie.characters.IsoPlayer,zombie.characters,IsoPlayer,False,updateRemotePlayer,()Z,STRUCTURAL,99.87,755,756,1
zombie.characters.IsoPlayer,zombie.characters,IsoPlayer,False,updateInternal2,()Z,STRUCTURAL,99.87,1515,1515,0
zombie.iso.areas.isoregion.data.DataChunk,zombie.iso.areas.isoregion.data,DataChunk,False,squareAddFlags,(IB)V,SORTED_MULTISET,100,10,11,1
zombie.iso.areas.isoregion.data.DataChunk,zombie.iso.areas.isoregion.data,DataChunk,False,squareRemoveFlags,(IB)V,SORTED_MULTISET,100,10,11,1
zombie.core.input.Input,zombie.core.input,Input,False,getButtonCount,(I)I,STRUCTURAL,100,11,12,1
zombie.network.ServerChunkLoader$SaveChunkThread,zombie.network,ServerChunkLoader$SaveChunkThread,True,addUnloadedJob,(Lzombie/iso/IsoChunk;)V,SORTED_MULTISET,100,13,14,1
zombie.network.ServerChunkLoader$SaveChunkThread,zombie.network,ServerChunkLoader$SaveChunkThread,True,saveLater,(Lzombie/GameTime;)V,SORTED_MULTISET,100,13,14,1
zombie.core.Collections.NonBlockingHashMap$SnapshotE,zombie.core.Collections,NonBlockingHashMap$SnapshotE,True,next,()Ljava/util/Map$Entry;,SORTED_MULTISET,100,15,16,1
zombie.core.Collections.NonBlockingHashtable$SnapshotE,zombie.core.Collections,NonBlockingHashtable$SnapshotE,True,next,()Ljava/util/Map$Entry;,SORTED_MULTISET,100,15,16,1
zombie.core.Collections.NonBlockingIdentityHashMap$SnapshotE,zombie.core.Collections,NonBlockingIdentityHashMap$SnapshotE,True,next,()Ljava/util/Map$Entry;,SORTED_MULTISET,100,15,16,1
zombie.core.skinnedmodel.animation.debug.GenericNameWeightRecordingFrame,zombie.core.skinnedmodel.animation.debug,GenericNameWeightRecordingFrame,False,logWeight,(Ljava/lang/String;IF)V,SORTED_MULTISET,100,15,16,1
zombie.core.skinnedmodel.model.ModelInstanceTextureCreator,zombie.core.skinnedmodel.model,ModelInstanceTextureCreator,False,init,(Lzombie/core/skinnedmodel/visual/BaseVisual;Lzombie/core/skinnedmodel/visual/ItemVisuals;Lzombie/core/skinnedmodel/model/ModelInstance;)V,STRUCTURAL,100,15,16,1
zombie.core.Collections.NonBlockingHashMapLong$SnapshotE,zombie.core.Collections,NonBlockingHashMapLong$SnapshotE,True,next,()Ljava/util/Map$Entry;,SORTED_MULTISET,100,16,17,1
zombie.core.textures.TextureFBO,zombie.core.textures,TextureFBO,False,setTexture,(Lzombie/core/textures/Texture;)V,SORTED_MULTISET,100,17,21,4
zombie.core.Collections.ZomboidHashMap,zombie.core.Collections,ZomboidHashMap,False,hash,(I)I,SORTED_MULTISET,100,18,18,0
zombie.core.Collections.NonBlockingIdentityHashMap,zombie.core.Collections,NonBlockingIdentityHashMap,False,hash,(Ljava/lang/Object;)I,SORTED_MULTISET,100,19,19,0
zombie.core.Collections.ConcurrentAutoTable,zombie.core.Collections,ConcurrentAutoTable,False,hash,()I,SORTED_MULTISET,100,21,21,0
zombie.MapGroups$MapGroup,zombie,MapGroups$MapGroup,True,addDirectory,(Ljava/lang/String;Ljava/lang/String;)V,SORTED_MULTISET,100,23,24,1
zombie.MapGroups$MapGroup,zombie,MapGroups$MapGroup,True,addDirectory,(Ljava/lang/String;Ljava/lang/String;Ljava/util/ArrayList;)V,SORTED_MULTISET,100,24,25,1
zombie.core.textures.TextureID,zombie.core.textures,TextureID,False,getData,()Lzombie/core/utils/WrappedBuffer;,SORTED_MULTISET,100,24,26,2
zombie.core.skinnedmodel.model.VertexBufferObject$VertexArray,zombie.core.skinnedmodel.model,VertexBufferObject$VertexArray,True,setElement,(IIFF)V,SORTED_MULTISET,100,30,30,0
zombie.core.Collections.NonBlockingHashMap,zombie.core.Collections,NonBlockingHashMap,False,hash,(Ljava/lang/Object;)I,SORTED_MULTISET,100,33,33,0
zombie.core.Collections.NonBlockingHashtable,zombie.core.Collections,NonBlockingHashtable,False,hash,(Ljava/lang/Object;)I,SORTED_MULTISET,100,33,33,0
zombie.core.skinnedmodel.advancedanimation.AnimLayer,zombie.core.skinnedmodel.advancedanimation,AnimLayer,False,<clinit>,()V,SORTED_MULTISET,100,33,41,8
zombie.network.GameServer,zombie.network,GameServer,False,lambda$launchCommandHandler$1,()V,SORTED_MULTISET,100,38,39,1
zombie.core.physics.CarController,zombie.core.physics,CarController,False,<clinit>,()V,SORTED_MULTISET,100,40,42,2
zombie.core.skinnedmodel.model.VertexBufferObject$VertexArray,zombie.core.skinnedmodel.model,VertexBufferObject$VertexArray,True,setElement,(IIFFF)V,SORTED_MULTISET,100,40,40,0
zombie.BitMatrix,zombie,BitMatrix,False,Is,(IIII)Z,SORTED_MULTISET,100,41,41,0
zombie.BitMatrix,zombie,BitMatrix,False,Set,(IIIIZ)I,SORTED_MULTISET,100,44,44,0
zombie.network.ServerChunkLoader$SaveChunkThread,zombie.network,ServerChunkLoader$SaveChunkThread,True,addLoadedJob,(Lzombie/iso/IsoChunk;)V,SORTED_MULTISET,100,45,46,1
zombie.core.skinnedmodel.model.VertexBufferObject$VertexArray,zombie.core.skinnedmodel.model,VertexBufferObject$VertexArray,True,setElement,(IIFFFF)V,SORTED_MULTISET,100,50,50,0
zombie.vehicles.test_IsQuadranglesAreTransposed,zombie.vehicles,test_IsQuadranglesAreTransposed,False,testIsQuadranglesAreTransposed_13,()V,SORTED_MULTISET,100,54,58,4
zombie.util.AddCoopPlayer$1,zombie.util,AddCoopPlayer$1,True,<clinit>,()V,SORTED_MULTISET,100,59,59,0
zombie.ai.states.SwipeStatePlayer,zombie.ai.states,SwipeStatePlayer,False,isProneTargetBetter,(Lzombie/characters/IsoGameCharacter;Lzombie/network/packets/hit/HitInfo;Lzombie/network/packets/hit/HitInfo;)Z,SORTED_MULTISET,100,64,68,4
zombie.vehicles.test_IsQuadranglesAreTransposed,zombie.vehicles,test_IsQuadranglesAreTransposed,False,testIsQuadranglesAreTransposed_1,()V,SORTED_MULTISET,100,68,72,4
zombie.vehicles.test_IsQuadranglesAreTransposed,zombie.vehicles,test_IsQuadranglesAreTransposed,False,testIsQuadranglesAreTransposed_2,()V,SORTED_MULTISET,100,68,72,4
zombie.vehicles.test_IsQuadranglesAreTransposed,zombie.vehicles,test_IsQuadranglesAreTransposed,False,testIsQuadranglesAreTransposed_3,()V,SORTED_MULTISET,100,68,72,4
zombie.vehicles.test_IsQuadranglesAreTransposed,zombie.vehicles,test_IsQuadranglesAreTransposed,False,testIsQuadranglesAreTransposed_4,()V,SORTED_MULTISET,100,68,72,4
zombie.vehicles.test_IsQuadranglesAreTransposed,zombie.vehicles,test_IsQuadranglesAreTransposed,False,testIsQuadranglesAreTransposed_5,()V,SORTED_MULTISET,100,68,72,4
zombie.vehicles.test_IsQuadranglesAreTransposed,zombie.vehicles,test_IsQuadranglesAreTransposed,False,testIsQuadranglesAreTransposed_6,()V,SORTED_MULTISET,100,68,72,4
zombie.vehicles.test_IsQuadranglesAreTransposed,zombie.vehicles,test_IsQuadranglesAreTransposed,False,testIsQuadranglesAreTransposed_7,()V,SORTED_MULTISET,100,68,72,4
zombie.vehicles.test_IsQuadranglesAreTransposed,zombie.vehicles,test_IsQuadranglesAreTransposed,False,testIsQuadranglesAreTransposed_8,()V,SORTED_MULTISET,100,68,72,4
zombie.vehicles.test_IsQuadranglesAreTransposed,zombie.vehicles,test_IsQuadranglesAreTransposed,False,testIsQuadranglesAreTransposed_9,()V,SORTED_MULTISET,100,68,72,4
zombie.vehicles.test_IsQuadranglesAreTransposed,zombie.vehicles,test_IsQuadranglesAreTransposed,False,testIsQuadranglesAreTransposed_10,()V,SORTED_MULTISET,100,68,72,4
zombie.vehicles.test_IsQuadranglesAreTransposed,zombie.vehicles,test_IsQuadranglesAreTransposed,False,testIsQuadranglesAreTransposed_11,()V,SORTED_MULTISET,100,68,72,4
zombie.vehicles.test_IsQuadranglesAreTransposed,zombie.vehicles,test_IsQuadranglesAreTransposed,False,testIsQuadranglesAreTransposed_12,()V,SORTED_MULTISET,100,68,72,4
zombie.core.Collections.NonBlockingSetInt$NBSI,zombie.core.Collections,NonBlockingSetInt$NBSI,True,add,(I)Z,SORTED_MULTISET,100,72,74,2
zombie.core.utils.HashMap$Bucket,zombie.core.utils,HashMap$Bucket,True,put,(Ljava/lang/Object;Ljava/lang/Object;)V,STRUCTURAL,100,74,75,1
zombie.core.Collections.NonBlockingSetInt$NBSI,zombie.core.Collections,NonBlockingSetInt$NBSI,True,remove,(I)Z,SORTED_MULTISET,100,77,79,2
zombie.core.utils.ExpandableBooleanList,zombie.core.utils,ExpandableBooleanList,False,setValue,(IZ)V,SORTED_MULTISET,100,77,79,2
zombie.iso.objects.IsoZombieHead,zombie.iso.objects,IsoZombieHead,False,<init>,(Lzombie/iso/objects/IsoZombieHead$GibletType;Lzombie/iso/IsoCell;FFF)V,SORTED_MULTISET,100,78,90,12
zombie.vehicles.BaseVehicle,zombie.vehicles,BaseVehicle,False,tryReconnectToTowedVehicle,()V,SORTED_MULTISET,100,84,85,1
zombie.core.textures.TextureCombiner,zombie.core.textures,TextureCombiner,False,createTexture,(II)Lzombie/core/textures/Texture;,SORTED_MULTISET,100,88,90,2
zombie.randomizedWorld.randomizedVehicleStory.RandomizedVehicleStoryBase,zombie.randomizedWorld.randomizedVehicleStory,RandomizedVehicleStoryBase,False,getCenterOfChunk,(Lzombie/iso/IsoMetaGrid$Zone;Lzombie/iso/IsoChunk;)Lzombie/iso/IsoGridSquare;,SORTED_MULTISET,100,91,91,0
zombie.iso.objects.IsoTelevision,zombie.iso.objects,IsoTelevision,False,setupDefaultScreens,()V,SORTED_MULTISET,100,95,95,0
zombie.GameWindow,zombie,GameWindow,False,InitDisplay,()V,SORTED_MULTISET,100,98,100,2
zombie.core.textures.ImageData,zombie.core.textures,ImageData,False,setData,(Lzombie/core/textures/Pcx;)V,SORTED_MULTISET,100,105,105,0
zombie.SandboxOptions,zombie,SandboxOptions,False,newCustomOption,(Lzombie/sandbox/CustomSandboxOption;)V,STRUCTURAL,100,107,108,1
zombie.audio.parameters.ParameterCurrentZone,zombie.audio.parameters,ParameterCurrentZone,False,calculateCurrentValue,()F,SORTED_MULTISET,100,116,125,9
zombie.core.textures.ImageData,zombie.core.textures,ImageData,False,setData,(Ljava/awt/image/Raster;)V,SORTED_MULTISET,100,126,126,0
zombie.gameStates.DebugGlobalObjectState,zombie.gameStates,DebugGlobalObjectState,False,renderScene,()V,SORTED_MULTISET,100,127,129,2
zombie.iso.TileOverlays,zombie.iso,TileOverlays,False,updateTileOverlaySprite,(Lzombie/iso/IsoObject;)V,SORTED_MULTISET,100,132,134,2
zombie.worldMap.WorldMapVisited,zombie.worldMap,WorldMapVisited,False,setBounds,(IIII)V,SORTED_MULTISET,100,151,153,2
zombie.iso.objects.IsoThumpable,zombie.iso.objects,IsoThumpable,False,addSheet,(Lzombie/characters/IsoGameCharacter;)V,SORTED_MULTISET,100,158,158,0
zombie.chat.NineGridTexture,zombie.chat,NineGridTexture,False,renderInnerBased,(IIIIFFFF)V,SORTED_MULTISET,100,168,168,0
zombie.core.textures.MultiTextureFBO2,zombie.core.textures,MultiTextureFBO2,False,update,()V,SORTED_MULTISET,100,220,222,2
zombie.ui.MoodlesUI,zombie.ui,MoodlesUI,False,update,()V,SORTED_MULTISET,100,253,255,2
zombie.network.MPStatisticClient,zombie.network,MPStatisticClient,False,send,(Lzombie/core/network/ByteBufferWriter;)V,SORTED_MULTISET,100,260,262,2
zombie.core.textures.TextureCombiner,zombie.core.textures,TextureCombiner,False,combine,(Ljava/util/ArrayList;)Lzombie/core/textures/Texture;,SORTED_MULTISET,100,375,377,2
zombie.core.SpriteRenderer$RingBuffer$StateRun,zombie.core,SpriteRenderer$RingBuffer$StateRun,True,render,()V,SORTED_MULTISET,100,390,394,4
zombie.core.textures.TextureFBO,zombie.core.textures,TextureFBO,False,initInternal,(Lzombie/interfaces/ITexture;Z)V,SORTED_MULTISET,100,391,393,2
zombie.vehicles.PolygonalMap2,zombie.vehicles,PolygonalMap2,False,cleanPath,(Ljava/util/ArrayList;Lzombie/vehicles/PolygonalMap2$PathFindRequest;ZZLzombie/vehicles/PolygonalMap2$SearchNode;)V,SORTED_MULTISET,100,423,424,1
zombie.iso.weather.dbg.ClimMngrDebug,zombie.iso.weather.dbg,ClimMngrDebug,False,calculateTotal,()Lzombie/iso/weather/dbg/ClimMngrDebug$RunInfo;,SORTED_MULTISET,100,440,444,4
zombie.iso.IsoGridSquare,zombie.iso,IsoGridSquare,False,AddStairs,(ZILjava/lang/String;Ljava/lang/String;Lse/krka/kahlua/vm/KahluaTable;)Lzombie/iso/objects/IsoThumpable;,SORTED_MULTISET,100,443,443,0
zombie.vehicles.PolygonalMap2$ChunkDataZ,zombie.vehicles,PolygonalMap2$ChunkDataZ,True,init,(Lzombie/vehicles/PolygonalMap2$Chunk;I)V,SORTED_MULTISET,100,445,445,0
zombie.ui.Clock,zombie.ui,Clock,False,renderDisplay,(ZLzombie/core/Color;)V,SORTED_MULTISET,100,508,508,0
zombie.inventory.InventoryItem,zombie.inventory,InventoryItem,False,DoTooltip,(Lzombie/ui/ObjectTooltip;)V,SORTED_MULTISET,100,1172,1172,0
zombie.iso.IsoCell,zombie.iso,IsoCell,False,renderInternal,()V,SORTED_MULTISET,100,1321,1323,2
