class,method,descriptor,tier,orig_insn_count,recomp_insn_count,insn_diff,category,description,first_diff_idx,orig_context,recomp_context
zombie/AmbientStreamManager,update,()V,SORTED_MULTISET,488,488,0,ORIG_EXTRA_INSN,"Original has extra: ifne, return",2,   0: aload_0  |    1: getfield #50 | >>>4: ifne 8 |    7: return  |    8: invokestatic #274,   0: aload_0  |    1: getfield #50 | >>>4: ifeq 1109 |    7: invokestatic #274 |    10: ifeq 14
zombie/AmbientStreamManager,getListenerPos,(Lorg/joml/Vector2f;)V,STRUCTURAL,46,46,0,OPCODE_DIFF,2 opcode differences: #39 aload->aload_2; #41 aload->aload_2,10,   10: iload_3  |    11: getstatic #527 | >>>14: if_icmpge 100 |    17: getstatic #530 |    20: iload_3 ,   10: iload_3  |    11: getstatic #527 | >>>14: if_icmpge 102 |    17: getstatic #530 |    20: iload_3 
zombie/GameSounds,loadNonBankSounds,()V,STRUCTURAL,24,24,0,ORIG_EXTRA_2,"Original has 2 extra insns: {'ifne': 1, 'return': 1, 'goto': 1}",2,   0: getstatic #187 |    3: instanceof #192 | >>>6: ifne 10 |    9: return  |    10: getstatic #17,   0: getstatic #187 |    3: instanceof #192 | >>>6: ifeq 85 |    9: getstatic #17 |    12: invokevirtual #77
zombie/GameWindow,InitDisplay,()V,SORTED_MULTISET,98,100,2,OPCODE_DIFF,2 opcode differences: #49 putstatic->dup; #50 iconst_1->putstatic,0,>>>0: ldc_w #504 |    3: invokestatic #506 |    6: invokestatic #182,>>>0: ldc_w #502 |    3: invokestatic #504 |    6: invokestatic #180
zombie/GameWindow,run_ez,()V,STRUCTURAL,57,57,0,CONST_POOL_DIFF,18 constant pool refs differ,0,>>>0: invokestatic #469 |    3: lstore_0  |    4: lconst_0 ,>>>0: invokestatic #467 |    3: lstore_0  |    4: lconst_0 
zombie/Lua/LuaManager,RunLuaInternal,(Ljava/lang/String;Z)Ljava/lang/Object;,STRUCTURAL,172,170,-2,ORIG_EXTRA_2,"Original has 2 extra insns: {'aload_0': 1, 'astore_2': 1, 'goto': 1, 'astore': 2, 'aload': 2, 'aload_3': 1, 'aload_2': 3}",23,   44: aload_0  |    45: putstatic #514 | >>>48: aload_0  |    49: astore_2  |    50: getstatic #221,   44: aload_0  |    45: putstatic #514 | >>>48: getstatic #221 |    51: aload_0  |    52: ldc_w #479
zombie/Lua/LuaManager$GlobalObject,getLatestSave,()Lse/krka/kahlua/vm/KahluaTable;,STRUCTURAL,48,46,-2,ORIG_EXTRA_INSN,"Original has extra: astore_1, astore_2, astore_2",18,   38: invokespecial #714 |    41: invokespecial #182 | >>>44: astore_1  |    45: goto 51 |    48: astore_2 ,   38: invokespecial #714 |    41: invokespecial #182 | >>>44: astore_2  |    45: goto 51 |    48: astore_3 
zombie/Lua/LuaManager$GlobalObject,deleteAllGameModeSaves,(Ljava/lang/String;)V,CORE_OPS_ONLY,27,31,4,COUNT_DIFF_+4,"Instruction count diff=+4, goto diff=+1, return diff=-1",0,>>>0: getstatic #293 |    3: astore_1  |    4: aload_0 ,>>>0: new #1169 |    3: dup  |    4: invokespecial #1171
zombie/Lua/LuaManager$GlobalObject,require,(Ljava/lang/String;)Ljava/lang/Object;,STRUCTURAL,37,39,2,OPCODE_DIFF,2 opcode differences: #2 aload_0->aload_1; #6 aload_0->aload_1,2,   0: aload_0  |    1: astore_1  | >>>2: aload_1  |    3: ldc_w #1468 |    6: invokevirtual #1470,   0: aload_0  |    1: astore_1  | >>>2: aload_0  |    3: ldc_w #1471 |    6: invokevirtual #1473
zombie/Lua/LuaManager$GlobalObject,createStory,(Ljava/lang/String;)V,STRUCTURAL,37,37,0,OPCODE_DIFF,2 opcode differences: #30 astore->astore_3; #31 aload->aload_3,3,   1: putstatic #293 |    4: getstatic #150 | >>>7: invokevirtual #1169 |    10: astore_1  |    11: aload_1 ,   1: putstatic #293 |    4: getstatic #150 | >>>7: invokevirtual #1172 |    10: astore_1  |    11: aload_1 
zombie/Lua/LuaManager$GlobalObject,proceedPM,(Ljava/lang/String;)Ljava/lang/String;,SORTED_MULTISET,40,39,-1,ORIG_EXTRA_INSN,"Original has extra: astore_1, astore_2, goto",7,   7: aconst_null  |    8: astore_2  | >>>9: ldc_w #4275 |    12: invokestatic #4277 |    15: aload_0 ,   7: aconst_null  |    8: astore_2  | >>>9: ldc_w #4274 |    12: invokestatic #4276 |    15: aload_0 
zombie/MapGroups,getLotDirectories,(Ljava/lang/String;)Ljava/util/ArrayList;,STRUCTURAL,72,70,-2,ORIG_EXTRA_INSN,"Original has extra: goto, areturn, aload_3",20,   36: invokevirtual #287 |    39: invokespecial #290 | >>>42: astore 4 |    44: new #291 |    47: dup ,   36: invokevirtual #287 |    39: invokespecial #290 | >>>42: astore 5 |    44: new #291 |    47: dup 
zombie/MapGroups,getMapConflicts,(Ljava/lang/String;)Ljava/util/ArrayList;,STRUCTURAL,21,22,1,RECOMP_EXTRA_GOTO,Recomp has 1 extra goto(s),6,"   8: aload_2  |    9: invokeinterface #71,  1 | >>>14: ifeq 65 |    17: aload_2  |    18: invokeinterface #77,  1","   8: aload_2  |    9: invokeinterface #71,  1 | >>>14: ifeq 68 |    17: aload_2  |    18: invokeinterface #77,  1"
zombie/MapGroups$MapGroup,addDirectory,(Ljava/lang/String;Ljava/lang/String;)V,SORTED_MULTISET,23,24,1,COUNT_DIFF_+3,"Instruction count diff=+3, goto diff=+0, return diff=+0",14,   26: aload_0  |    27: getfield #1 | >>>30: aload_1  |    31: aload_2  |    32: invokespecial #33,   26: aload_0  |    27: getfield #1 | >>>30: dup  |    31: invokestatic #33 |    34: pop 
zombie/MapGroups$MapGroup,addDirectory,(Ljava/lang/String;Ljava/lang/String;Ljava/util/ArrayList;)V,SORTED_MULTISET,24,25,1,COUNT_DIFF_+3,"Instruction count diff=+3, goto diff=+0, return diff=+0",14,   26: aload_0  |    27: getfield #1 | >>>30: aload_1  |    31: aload_2  |    32: aload_3 ,   26: aload_0  |    27: getfield #1 | >>>30: dup  |    31: invokestatic #33 |    34: pop 
zombie/SandboxOptions,load,(Ljava/nio/ByteBuffer;)V,STRUCTURAL,133,134,1,RECOMP_EXTRA_INSN,"Recomp has extra: istore_2, istore_3, iload_2",1,   0: aload_1  | >>>1: invokevirtual #737 |    4: pop  |    5: aload_1 ,   0: aload_1  | >>>1: invokevirtual #735 |    4: pop  |    5: aload_1 
zombie/SandboxOptions,writeLuaFile,(Ljava/lang/String;Z)Z,STRUCTURAL,266,264,-2,RECOMP_EXTRA_INSN,"Recomp has extra: iconst_1, ireturn, goto",0,>>>0: new #930 |    3: dup  |    4: aload_1 ,>>>0: new #928 |    3: dup  |    4: aload_1 
zombie/SandboxOptions,load,()V,SORTED_MULTISET,78,80,2,RECOMP_EXTRA_2,"Recomp has 2 extra insns: {'goto': 2, 'aload_2': 1, 'invokevirtual': 1, 'return': 1}",0,>>>0: getstatic #944 |    3: ldc_w #993 |    6: invokevirtual #995,>>>0: getstatic #942 |    3: ldc_w #991 |    6: invokevirtual #993
zombie/SandboxOptions,newCustomOption,(Lzombie/sandbox/CustomSandboxOption;)V,STRUCTURAL,107,108,1,RECOMP_EXTRA_INSN,"Recomp has extra: goto, goto, goto",1,   0: aload_1  | >>>1: ldc_w #1247 |    4: invokestatic #1129 |    7: checkcast #1247,   0: aload_1  | >>>1: ldc_w #1245 |    4: invokestatic #1127 |    7: checkcast #1245
zombie/VirtualZombieManager,AddBloodToMap,(ILzombie/iso/IsoChunk;)V,SORTED_MULTISET,99,101,2,RECOMP_EXTRA_2,"Recomp has 2 extra insns: {'aconst_null': 1, 'astore': 1}",4,   2: iload_3  |    3: iload_1  | >>>4: if_icmpge 194 |    7: aconst_null  |    8: astore 4,   2: iload_3  |    3: iload_1  | >>>4: if_icmpge 197 |    7: aconst_null  |    8: astore 4
zombie/WorldSoundManager,addSound,(Ljava/lang/Object;IIIIIZFFZZZ)Lzombie/WorldSoundManager$WorldSound;,SORTED_MULTISET,143,145,2,COUNT_DIFF_+3,"Instruction count diff=+3, goto diff=+0, return diff=+0",4,   5: aconst_null  |    6: areturn  | >>>7: aload_0  |    8: getfield #10 |    11: dup ,   5: aconst_null  |    6: areturn  | >>>7: aconst_null  |    8: astore 13 |    10: aload_0 
zombie/ZomboidFileSystem,getString,(Ljava/lang/String;)Ljava/lang/String;,STRUCTURAL,42,40,-2,ORIG_EXTRA_2,"Original has 2 extra insns: {'aload_2': 2, 'astore': 1, 'astore_2': 1, 'aload': 1}",1,   0: aload_0  | >>>1: getfield #56 |    4: invokevirtual #415 |    7: checkcast #417,   0: aload_0  | >>>1: getfield #54 |    4: invokevirtual #415 |    7: checkcast #417
zombie/ZomboidFileSystem,isKnownFile,(Ljava/lang/String;)Z,STRUCTURAL,42,40,-2,ORIG_EXTRA_2,"Original has 2 extra insns: {'aload_2': 2, 'astore': 1, 'astore_2': 1, 'aload': 1}",1,   0: aload_0  | >>>1: getfield #35 |    4: aload_1  |    5: invokevirtual #427,   0: aload_0  | >>>1: getfield #33 |    4: aload_1  |    5: invokevirtual #427
zombie/ZomboidFileSystem,loadModPackFiles,()V,STRUCTURAL,66,66,0,CONST_POOL_DIFF,41 constant pool refs differ,1,   0: aload_0  | >>>1: getfield #63 |    4: invokevirtual #787 |    7: astore_1 ,   0: aload_0  | >>>1: getfield #61 |    4: invokevirtual #787 |    7: astore_1 
zombie/ZomboidFileSystem,loadModTileDefs,()V,STRUCTURAL,78,78,0,CONST_POOL_DIFF,32 constant pool refs differ,0,>>>0: new #32 |    3: dup  |    4: invokespecial #34,>>>0: new #30 |    3: dup  |    4: invokespecial #32
zombie/ZomboidFileSystem,loadModTileDefPropertyStrings,()V,STRUCTURAL,78,78,0,CONST_POOL_DIFF,21 constant pool refs differ,0,>>>0: new #32 |    3: dup  |    4: invokespecial #34,>>>0: new #30 |    3: dup  |    4: invokespecial #32
zombie/ai/GameCharacterAIBrain,HasBlockedMemory,(IIIIII)Z,SORTED_MULTISET,118,116,-2,ORIG_EXTRA_INSN,"Original has extra: goto, iconst_0, ireturn",3,   1: getfield #23 |    4: dup  | >>>5: astore 9 |    7: monitorenter  |    8: getstatic #203,   1: getfield #23 |    4: dup  | >>>5: astore 7 |    7: monitorenter  |    8: getstatic #203
zombie/ai/ZombieGroupManager,update,(Lzombie/characters/IsoZombie;)V,SORTED_MULTISET,378,379,1,COUNT_DIFF_-3,"Instruction count diff=-3, goto diff=+9, return diff=-12",1,   0: getstatic #170 | >>>3: ifeq 14 |    6: aload_1  |    7: invokevirtual #176,   0: getstatic #170 | >>>3: ifeq 13 |    6: aload_1  |    7: invokevirtual #176
zombie/ai/states/BumpedState,enter,(Lzombie/characters/IsoGameCharacter;)V,SORTED_MULTISET,77,76,-1,RECOMP_EXTRA_INSN,"Recomp has extra: 132, 164, istore",25,   42: ldc #52 |    44: invokevirtual #54 | >>>47: ifeq 195 |    50: aload_1  |    51: ldc #58,   42: ldc #52 |    44: invokevirtual #54 | >>>47: ifeq 197 |    50: aload_1  |    51: ldc #58
zombie/ai/states/ClimbOverWallState,getFence,(Lzombie/characters/IsoGameCharacter;)Lzombie/iso/IsoObject;,STRUCTURAL,74,74,0,LARGE_STRUCTURAL_DIFF_+6,"Major structural diff=+6, similarity=89.1%",49,   111: astore 9 |    113: aload 6 | >>>115: ifnull 123 |    118: aload 9 |    120: ifnonnull 125,   111: astore 9 |    113: aload 6 | >>>115: ifnull 226 |    118: aload 9 |    120: ifnull 226
zombie/ai/states/SwipeStatePlayer,DoSwingCollisionBoneCheck,(Lzombie/characters/IsoGameCharacter;Lzombie/inventory/types/HandWeapon;Lzombie/characters/IsoGameCharacter;IF)I,STRUCTURAL,102,100,-2,ORIG_EXTRA_2,"Original has 2 extra insns: {'aload_3': 1, 'astore': 1, 'aload': 1, 'dup': 2}",2,   0: getstatic #411 |    3: invokevirtual #414 | >>>6: aload_3  |    7: astore 6 |    9: iload 4,   0: getstatic #411 |    3: invokevirtual #414 | >>>6: iload 4 |    8: istore 6 |    10: aload_2 
zombie/ai/states/SwipeStatePlayer,shouldIgnoreProneZombies,(Lzombie/characters/IsoGameCharacter;Ljava/util/ArrayList;F)Z,SORTED_MULTISET,67,69,2,RECOMP_EXTRA_2,"Recomp has 2 extra insns: {'aload_1': 1, 'getfield': 1, 'f2i': 1, 'istore': 1, 'iload': 1}",25,   44: aload_2  |    45: invokevirtual #916 | >>>48: if_icmpge 170 |    51: aload_2  |    52: iload 5,   44: aload_2  |    45: invokevirtual #916 | >>>48: if_icmpge 174 |    51: aload_2  |    52: iload 5
zombie/ai/states/SwipeStatePlayer,isProneTargetBetter,(Lzombie/characters/IsoGameCharacter;Lzombie/network/packets/hit/HitInfo;Lzombie/network/packets/hit/HitInfo;)Z,SORTED_MULTISET,64,68,4,COUNT_DIFF_+4,"Instruction count diff=+4, goto diff=+0, return diff=+0",22,   38: iconst_0  |    39: ireturn  | >>>40: getstatic #967 |    43: aload_1  |    44: getfield #438,   38: iconst_0  |    39: ireturn  | >>>40: aload_1  |    41: getfield #448 |    44: f2i 
zombie/ai/states/SwipeStatePlayer,CalcHitListShove,(Lzombie/characters/IsoGameCharacter;ZLzombie/network/packets/hit/AttackVars;Ljava/util/ArrayList;)V,STRUCTURAL,192,191,-1,ORIG_EXTRA_INSN,"Original has extra: if_acmpne, goto",14,   26: aload 6 |    28: invokevirtual #916 | >>>31: if_icmpge 499 |    34: aload 6 |    36: iload 7,   26: aload 6 |    28: invokevirtual #916 | >>>31: if_icmpge 496 |    34: aload 6 |    36: iload 7
zombie/ai/states/SwipeStatePlayer,CalcHitListWeapon,(Lzombie/characters/IsoGameCharacter;ZLzombie/network/packets/hit/AttackVars;Ljava/util/ArrayList;)V,STRUCTURAL,226,225,-1,ORIG_EXTRA_INSN,"Original has extra: if_acmpne, goto",14,   26: aload 6 |    28: invokevirtual #916 | >>>31: if_icmpge 578 |    34: aload 6 |    36: iload 7,   26: aload 6 |    28: invokevirtual #916 | >>>31: if_icmpge 575 |    34: aload 6 |    36: iload 7
zombie/ai/states/SwipeStatePlayer,CalcHitChance,(Lzombie/characters/IsoGameCharacter;Lzombie/inventory/types/HandWeapon;Lzombie/network/packets/hit/HitInfo;)I,STRUCTURAL,340,328,-12,BLOCK_REORDER,"Likely block reorder (sim=96.6%), added={}, removed={'aload': 4, 'pop': 6, 'dup': 2}",9,   13: aload_1  |    14: invokevirtual #1369 | >>>17: ifnull 304 |    20: aload_1  |    21: invokevirtual #1369,   13: aload_1  |    14: invokevirtual #1369 | >>>17: ifnull 288 |    20: aload_1  |    21: invokevirtual #1369
zombie/audio/ObjectAmbientEmitters$WaterDripLogic,startPlaying,(Lzombie/audio/BaseSoundEmitter;J)V,STRUCTURAL,50,52,2,COUNT_DIFF_+4,"Instruction count diff=+4, goto diff=+0, return diff=+0",3,   1: getfield #7 |    4: getfield #13 | >>>7: ifnull 162 |    10: aload_0  |    11: getfield #7,   1: getfield #7 |    4: getfield #13 | >>>7: ifnull 170 |    10: aload_0  |    11: getfield #7
zombie/audio/ObjectAmbientEmitters$WindowLogic,checkParameters,(Lzombie/audio/BaseSoundEmitter;J)V,STRUCTURAL,20,20,0,BRANCH_INV_RESTRUCTURED,1 inv + 2 other opcode diffs (block reorder),8,   14: aload 4 |    16: invokevirtual #30 | >>>19: ifne 30 |    22: aload 4 |    24: invokevirtual #34,   14: aload 4 |    16: invokevirtual #30 | >>>19: ifne 34 |    22: aload 4 |    24: invokevirtual #34
zombie/audio/parameters/ParameterCurrentZone,calculateCurrentValue,()F,SORTED_MULTISET,116,125,9,LARGE_STRUCTURAL_DIFF_+11,"Major structural diff=+11, similarity=72.7%",40,   78: freturn  |    79: aload_0  | >>>80: aload_0  |    81: getfield #39 |    84: getfield #42,   78: freturn  |    79: aload_0  | >>>80: getfield #39 |    83: getfield #42 |    86: astore_2 
zombie/audio/parameters/ParameterFootstepMaterial,getMaterial,()Lzombie/audio/parameters/ParameterFootstepMaterial$FootstepMaterial;,STRUCTURAL,87,85,-2,ORIG_EXTRA_2,"Original has 2 extra insns: {'aload': 1, 'astore_1': 1}",45,   87: astore_3  |    88: aload_3  | >>>89: ifnull 182 |    92: aload_3  |    93: invokevirtual #75,   87: astore_3  |    88: aload_3  | >>>89: ifnull 179 |    92: aload_3  |    93: invokevirtual #75
zombie/characters/BodyDamage/Fitness,update,()V,FUZZY_COMPUTATION,143,131,-12,LARGE_STRUCTURAL_DIFF_-8,"Major structural diff=-8, similarity=89.9%",15,   24: aload_0  |    25: getfield #46 | >>>28: if_icmpeq 317 |    31: aload_0  |    32: iload_1 ,   24: aload_0  |    25: getfield #46 | >>>28: if_icmpeq 296 |    31: aload_0  |    32: iload_1 
zombie/characters/ClothingWetness,updateWetness,(FF)V,SORTED_MULTISET,694,698,4,BLOCK_REORDER,"Likely block reorder (sim=99.1%), added={'astore': 2, 'ifnonnull': 1, 'goto': 1, 'ifge': 1, 'aconst_null': 2}, removed={'ifnull': 1, 'iflt': 1}",82,   180: getfield #19 |    183: arraylength  | >>>184: if_icmpge 832 |    187: iload 7 |    189: invokestatic #132,   180: getfield #19 |    183: arraylength  | >>>184: if_icmpge 841 |    187: iload 7 |    189: invokestatic #132
zombie/characters/ClothingWetness,increaseWetness,(F)V,SORTED_MULTISET,181,186,5,BLOCK_REORDER,"Likely block reorder (sim=95.4%), added={'goto': 2, 'astore': 2, 'aconst_null': 2, 'if_icmplt': 1, 'ifnonnull': 1, 'ifge': 1}, removed={'return': 1, 'if_icmpge': 1, 'ifnull': 1, 'iflt': 1}",3,   1: fconst_0  |    2: fcmpg  | >>>3: ifgt 7 |    6: return  |    7: aload_0 ,   1: fconst_0  |    2: fcmpg  | >>>3: ifgt 9 |    6: goto 401 |    9: aload_0 
zombie/characters/IsoGameCharacter,<init>,(Lzombie/iso/IsoCell;FFF)V,STRUCTURAL,1114,1114,0,BRANCH_INVERSION_ONLY,1 inversions: #865 ifne->ifeq,3,   1: aload_1  |    2: iconst_0  | >>>3: invokespecial #3 |    6: aload_0  |    7: iconst_0 ,   1: aload_1  |    2: iconst_0  | >>>3: invokespecial #1 |    6: aload_0  |    7: iconst_0 
zombie/characters/IsoGameCharacter,Hit,(Lzombie/inventory/types/HandWeapon;Lzombie/characters/IsoGameCharacter;FZFZ)F,STRUCTURAL,311,309,-2,RECOMP_EXTRA_2,"Recomp has 2 extra insns: {'aload_0': 4, 'getfield': 4}",9,   12: ifne 71 |    15: aload_0  | >>>16: invokevirtual #1667 |    19: ifeq 71 |    22: aload_0 ,   12: ifne 71 |    15: aload_0  | >>>16: invokevirtual #1661 |    19: ifeq 71 |    22: aload_0 
zombie/characters/IsoGameCharacter,updateUserName,()V,SORTED_MULTISET,283,284,1,RECOMP_EXTRA_INSN,Recomp has extra: istore,1,   0: aload_0  | >>>1: getfield #4890 |    4: ifnull 737 |    7: aload_0 ,   0: aload_0  | >>>1: getfield #4888 |    4: ifnull 739 |    7: aload_0 
zombie/characters/IsoGameCharacter,renderlast,()V,SORTED_MULTISET,2923,2932,9,BLOCK_REORDER,"Likely block reorder (sim=99.6%), added={'aload_0': 2, 'ldc_w': 1, 'ifnonnull': 2, 'fstore': 3, 'fload': 3, 'goto': 2}, removed={'ifnull': 2, 'dup': 3}",1,   0: aload_0  | >>>1: invokespecial #5091 |    4: getstatic #4635 |    7: getfield #4639,   0: aload_0  | >>>1: invokespecial #5089 |    4: getstatic #4633 |    7: getfield #4637
zombie/characters/IsoGameCharacter,shouldBecomeZombieAfterDeath,()Z,SORTED_MULTISET,45,39,-6,LARGE_STRUCTURAL_DIFF_-6,"Major structural diff=-6, similarity=81.6%",0,>>>0: getstatic #2387 |    3: getfield #7490 |    6: getfield #7494,>>>0: getstatic #2383 |    3: getfield #7486 |    6: getfield #7490
zombie/characters/IsoGameCharacter,startPlaybackGameVariables,()Lzombie/core/skinnedmodel/advancedanimation/AnimationVariableSource;,STRUCTURAL,66,65,-1,ORIG_EXTRA_INSN,"Original has extra: 161, goto",1,   0: aload_0  | >>>1: getfield #79 |    4: ifnull 21 |    7: getstatic #1732,   0: aload_0  | >>>1: getfield #77 |    4: ifnull 21 |    7: getstatic #1726
zombie/characters/IsoLivingCharacter,DoAttack,(F)Z,STRUCTURAL,321,321,0,BRANCH_INV_RESTRUCTURED,1 inv + 78 other opcode diffs (block reorder),7,   9: aload_0  |    10: getfield #34 | >>>13: ifnull 732 |    16: aload_0  |    17: getfield #34,   9: aload_0  |    10: getfield #34 | >>>13: ifnull 734 |    16: aload_0  |    17: getfield #34
zombie/characters/IsoPlayer,getControllerAimDir,(Lzombie/iso/Vector2;)Lzombie/iso/Vector2;,STRUCTURAL,74,72,-2,ORIG_EXTRA_INSN,"Original has extra: ifeq, invokevirtual, goto",0,>>>0: getstatic #2130 |    3: ifnull 137 |    6: aload_0 ,>>>0: getstatic #2122 |    3: ifnull 134 |    6: aload_0 
zombie/characters/IsoPlayer,calculateContext,()V,STRUCTURAL,412,412,0,ORIG_EXTRA_GOTO,Original has 1 extra goto(s),1,   0: aload_0  | >>>1: getfield #1961 |    4: fstore_1  |    5: aload_0 ,   0: aload_0  | >>>1: getfield #1955 |    4: fstore_1  |    5: aload_0 
zombie/characters/IsoPlayer,isSafeToClimbOver,(Lzombie/iso/IsoDirections;)Z,SORTED_MULTISET,91,93,2,RECOMP_EXTRA_2,"Recomp has 2 extra insns: {'aconst_null': 1, 'astore_3': 5, '44': 1, '72': 1, '100': 1, '128': 1, 'aload_3': 4}",2,   0: aconst_null  |    1: astore_2  | >>>2: getstatic #4740 |    5: aload_1  |    6: invokevirtual #4746,   0: aconst_null  |    1: astore_2  | >>>2: aconst_null  |    3: astore_3  |    4: getstatic #4732
zombie/characters/IsoPlayer,hopFence,(Lzombie/iso/IsoDirections;Z)Z,STRUCTURAL,296,294,-2,ORIG_EXTRA_2,"Original has 2 extra insns: {'aload_1': 1, 'astore_3': 1, 'fstore': 3, 'fload': 6, 'aload_3': 9, 'ifeq': 1, 'iconst_0': 1, 'ireturn': 1}",0,>>>0: aload_1  |    1: astore_3  |    2: aload_0 ,>>>0: aload_0  |    1: getfield #1955 |    4: aload_0 
zombie/characters/IsoPlayer,canClimbOverWall,(Lzombie/iso/IsoDirections;)Z,STRUCTURAL,244,244,0,BRANCH_INV_RESTRUCTURED,8 inv + 200 other opcode diffs (block reorder),7,   9: aload_0  |    10: aload_1  | >>>11: invokevirtual #4832 |    14: ifeq 24 |    17: aload_0 ,   9: aload_0  |    10: aload_1  | >>>11: invokevirtual #4824 |    14: ifeq 533 |    17: aload_0 
zombie/characters/IsoPlayer,getTimeSurvived,()Ljava/lang/String;,SORTED_MULTISET,120,118,-2,ORIG_EXTRA_2,"Original has 2 extra insns: {'iload_2': 1, 'istore_3': 2, 'istore': 2, 'iload': 5, 'iload_3': 3}",3,   2: astore_1  |    3: aload_0  | >>>4: invokevirtual #1827 |    7: d2i  |    8: istore_2 ,   2: astore_1  |    3: aload_0  | >>>4: invokevirtual #1823 |    7: d2i  |    8: istore_2 
zombie/characters/IsoPlayer,updateRemotePlayer,()Z,STRUCTURAL,755,756,1,RECOMP_EXTRA_INSN,"Recomp has extra: aload_0, aload_0, pop",1,   0: aload_0  | >>>1: getfield #2251 |    4: ifne 9 |    7: iconst_0 ,   0: aload_0  | >>>1: getfield #2243 |    4: ifne 9 |    7: iconst_0 
zombie/characters/IsoPlayer,updateFootInjuries,()V,SORTED_MULTISET,226,225,-1,ORIG_EXTRA_INSN,"Original has extra: ifle, return, return",1,   0: aload_0  | >>>1: invokevirtual #6012 |    4: ldc_w #6077 |    7: invokevirtual #6079,   0: aload_0  | >>>1: invokevirtual #6004 |    4: ldc_w #6069 |    7: invokevirtual #6071
zombie/characters/IsoZombie,addAggro,(Lzombie/iso/IsoMovingObject;F)V,SORTED_MULTISET,73,73,0,OPCODE_DIFF,954 opcode differences: #189 aload_0->dup; #191 getfield->aload_0; #192 aload_0->invokevirtual,4,   4: iconst_0  |    5: aaload  | >>>6: ifnonnull 25 |    9: aload_0  |    10: getfield #368,   4: iconst_0  |    5: aaload  | >>>6: ifnonnull 27 |    9: aload_0  |    10: getfield #368
zombie/characters/IsoZombie,lambda$registerVariableCallbacks$9,()Ljava/lang/Boolean;,STRUCTURAL,124,123,-1,ORIG_EXTRA_INSN,"Original has extra: ifnull, goto",1,   0: aload_0  | >>>1: getfield #1222 |    4: ifnonnull 12 |    7: iconst_0 ,   0: aload_0  | >>>1: getfield #1220 |    4: ifnonnull 12 |    7: iconst_0 
zombie/characters/NetworkTeleport,update,(Lzombie/characters/IsoGameCharacter;Lzombie/network/packets/PlayerPacket;)V,STRUCTURAL,84,85,1,RECOMP_EXTRA_GOTO,Recomp has 2 extra goto(s),2,   0: aload_0  |    1: invokevirtual #206 | >>>4: ifeq 154 |    7: aload_0  |    8: invokevirtual #283,   0: aload_0  |    1: invokevirtual #206 | >>>4: ifeq 158 |    7: aload_0  |    8: invokevirtual #283
zombie/characters/NetworkZombieVariables,setInt,(Lzombie/characters/IsoZombie;SI)V,STRUCTURAL,63,62,-1,ORIG_EXTRA_GOTO,Original has 1 extra goto(s),13,   41: fdiv  |    42: putfield #7 | >>>45: goto 166 |    48: aload_0  |    49: iload_2 ,   41: fdiv  |    42: putfield #7 | >>>45: goto 163 |    48: aload_0  |    49: iload_2 
zombie/characters/ZombiesZoneDefinition,init,()V,STRUCTURAL,37,38,1,BRANCH_TARGET_DIFF,2 branch targets differ: #28 goto 41 vs 113; #37 goto 41 vs 113,28,"   65: aload_2  |    66: ifnonnull 72 | >>>69: goto 41 |    72: aload_1  |    73: invokeinterface #68,  1","   65: aload_2  |    66: ifnonnull 72 | >>>69: goto 113 |    72: aload_1  |    73: invokeinterface #68,  1"
zombie/characters/ZombiesZoneDefinition,initZone,(Ljava/lang/String;Lse/krka/kahlua/j2se/KahluaTableImpl;)Lzombie/characters/ZombiesZoneDefinition$ZZDZone;,STRUCTURAL,52,53,1,BRANCH_TARGET_DIFF,2 branch targets differ: #41 goto 58 vs 135; #47 goto 58 vs 135,41,   83: aload 4 |    85: ifnonnull 91 | >>>88: goto 58 |    91: aload 4 |    93: invokestatic #115,   83: aload 4 |    85: ifnonnull 91 | >>>88: goto 135 |    91: aload 4 |    93: invokestatic #115
zombie/characters/action/ActionContext,getNextState,()Lzombie/characters/action/ActionState;,STRUCTURAL,128,127,-1,ORIG_EXTRA_INSN,"Original has extra: ifeq, goto, aload",9,   9: getfield #72 |    12: invokevirtual #77 | >>>15: if_icmpge 129 |    18: aload_0  |    19: getfield #54,   9: getfield #72 |    12: invokevirtual #77 | >>>15: if_icmpge 126 |    18: aload_0  |    19: getfield #54
zombie/characters/action/ActionContext,setPlaybackStateSnapshot,(Lzombie/characters/action/ActionStateSnapshot;)V,SORTED_MULTISET,84,83,-1,ORIG_EXTRA_RETURN,Original has extra return,2,   0: aload_0  |    1: getfield #100 | >>>4: ifnonnull 8 |    7: return  |    8: aload_1 ,   0: aload_0  |    1: getfield #100 | >>>4: ifnonnull 10 |    7: goto 169 |    10: aload_1 
zombie/characters/action/ActionGroup,loadGroupData,(Ljava/io/File;)V,STRUCTURAL,100,99,-1,BRANCH_INV_RESTRUCTURED,1 inv + 58 other opcode diffs (block reorder),30,   68: ldc #195 |    70: invokevirtual #197 | >>>73: ifne 98 |    76: getstatic #47 |    79: aload_1 ,   68: ldc #195 |    70: invokevirtual #197 | >>>73: ifne 100 |    76: getstatic #47 |    79: aload_1 
zombie/characters/skills/CustomPerks,parse,(Ljava/lang/String;)V,STRUCTURAL,64,64,0,CONST_POOL_DIFF,2 constant pool refs differ,62,   133: ldc_w #257 |    136: iconst_1  | >>>137: anewarray #4 |    140: dup  |    141: iconst_0 ,   133: ldc_w #257 |    136: iconst_1  | >>>137: anewarray #2 |    140: dup  |    141: iconst_0 
zombie/chat/ChatElement,addChatLine,(Ljava/lang/String;FFFLzombie/ui/UIFont;FLjava/lang/String;ZZZZZZ)V,SORTED_MULTISET,113,111,-2,ORIG_EXTRA_INSN,"Original has extra: ifne, ifeq, goto",1,   0: getstatic #129 | >>>3: ifne 259 |    6: iconst_0  |    7: istore 14,   0: getstatic #129 | >>>3: ifne 256 |    6: iconst_0  |    7: istore 14
zombie/chat/ChatManager,processJoinChatPacket,(Ljava/nio/ByteBuffer;)V,SORTED_MULTISET,176,178,2,BLOCK_REORDER,"Likely block reorder (sim=96.4%), added={'checkcast': 5, 'aconst_null': 1, 'astore': 1}, removed={}",15,   29: aconst_null  |    30: astore 4 | >>>32: getstatic #258 |    35: aload_2  |    36: invokevirtual #264,   29: aconst_null  |    30: astore 4 | >>>32: aconst_null  |    33: astore 5 |    35: getstatic #258
zombie/chat/ChatManager,updateWhisperChat,()V,STRUCTURAL,108,108,0,COUNT_DIFF_-3,"Instruction count diff=-3, goto diff=+0, return diff=-1",3,   1: getfield #16 |    4: invokevirtual #677 | >>>7: ifeq 11 |    10: return  |    11: invokestatic #623,   1: getfield #16 |    4: invokevirtual #677 | >>>7: ifne 288 |    10: invokestatic #623 |    13: lstore_1 
zombie/chat/ChatUtility,parseStringForChatBubble,(Ljava/lang/String;)Ljava/lang/String;,SORTED_MULTISET,176,176,0,BRANCH_TARGET_DIFF,3 branch targets differ: #86 goto 335 vs 307; #132 goto 335 vs 307; #255 goto 409 vs 381,86,   171: iconst_1  |    172: istore_3  | >>>173: goto 335 |    176: iload 4 |    178: bipush 10,   171: iconst_1  |    172: istore_3  | >>>173: goto 307 |    176: iload 4 |    178: bipush 10
zombie/chat/defaultChats/WhisperChat,init,()V,SORTED_MULTISET,48,47,-1,OPCODE_DIFF,23 opcode differences: #21 goto->aload_0; #22 getstatic->invokestatic; #23 ifeq->invokevirtual,20,   44: invokevirtual #159 |    47: invokevirtual #162 | >>>50: ifeq 74 |    53: aload_0  |    54: invokestatic #153,   44: invokevirtual #159 |    47: invokevirtual #162 | >>>50: ifeq 56 |    53: goto 89 |    56: getstatic #166
zombie/commands/CommandBase,parseCommand,()Z,SORTED_MULTISET,202,201,-1,OPCODE_DIFF,18 opcode differences: #93 goto->iconst_0; #94 iconst_0->istore; #95 istore_2->iload,1,   0: aload_0  | >>>1: invokevirtual #217 |    4: astore_1  |    5: aload_1 ,   0: aload_0  | >>>1: invokevirtual #215 |    4: astore_1  |    5: aload_1 
zombie/commands/serverCommands/StatisticsCommand,Command,()Ljava/lang/String;,SORTED_MULTISET,110,116,6,COUNT_DIFF_+4,"Instruction count diff=+4, goto diff=+0, return diff=+0",16,   26: invokevirtual #23 |    29: astore_1  | >>>30: aload_1  |    31: astore 4 |    33: iconst_m1 ,   26: invokevirtual #23 |    29: astore_1  | >>>30: iconst_0  |    31: istore_2  |    32: iconst_0 
zombie/config/ConfigFile,read,(Ljava/lang/String;)Z,SORTED_MULTISET,139,137,-2,COUNT_DIFF_-3,"Instruction count diff=-3, goto diff=-5, return diff=+0",37,"   70: astore 6 |    72: aload 6 | >>>74: ifnonnull 80 |    77: goto 235 |    80: iinc 5, 1",   70: astore 6 |    72: aload 6 | >>>74: ifnonnull 92 |    77: iconst_1  |    78: istore 7
zombie/config/ConfigFile,write,(Ljava/lang/String;ILjava/util/ArrayList;)Z,STRUCTURAL,84,82,-2,ORIG_EXTRA_INSN,"Original has extra: goto, ireturn, iconst_1",63,"   145: invokedynamic #168,  0 |    150: goto 155 | >>>153: ldc #100 |    155: invokedynamic #169,  0 |    160: invokevirtual #137","   145: invokedynamic #168,  0 |    150: goto 155 | >>>153: ldc #104 |    155: invokedynamic #169,  0 |    160: invokevirtual #137"
zombie/core/Clipboard,getClipboard,()Ljava/lang/String;,SORTED_MULTISET,33,39,6,COUNT_DIFF_+3,"Instruction count diff=+3, goto diff=+1, return diff=+0",2,   0: invokestatic #7 |    3: getstatic #13 | >>>6: if_acmpne 60 |    9: aconst_null  |    10: invokestatic #27,   0: invokestatic #7 |    3: getstatic #13 | >>>6: if_acmpne 66 |    9: aconst_null  |    10: invokestatic #27
zombie/core/Collections/ConcurrentAutoTable$CAT,add_if_mask,(JJILzombie/core/Collections/ConcurrentAutoTable;)J,STRUCTURAL,151,151,0,ORIG_EXTRA_INSN,"Original has extra: goto, iinc, goto",67,"   113: ladd  |    114: invokestatic #55 | >>>117: ifeq 123 |    120: goto 129 |    123: iinc 12, 1",   113: ladd  |    114: invokestatic #55 | >>>117: ifeq 265 |    120: iload 12 |    122: iconst_2 
zombie/core/Collections/NonBlockingHashMap,putIfMatch,(Lzombie/core/Collections/NonBlockingHashMap;[Ljava/lang/Object;Ljava/lang/Object;Ljava/lang/Object;Ljava/lang/Object;)Ljava/lang/Object;,SORTED_MULTISET,267,269,2,RECOMP_EXTRA_2,"Recomp has 2 extra insns: {'aconst_null': 1, 'astore': 1, 'if_acmpeq': 1, 'iload': 2, 'iconst_1': 2, 'iadd': 1, 'isub': 1, 'iand': 1, 'istore': 1, 'goto': 1, 'ifne': 1, 'new': 1, 'dup': 1, 'invokespecial': 1, 'athrow': 1}",0,>>>0: getstatic #3 |    3: ifne 18 |    6: aload_3 ,>>>0: getstatic #1 |    3: ifne 18 |    6: aload_3 
zombie/core/Collections/NonBlockingHashMap,readObject,(Ljava/io/ObjectInputStream;)V,SORTED_MULTISET,20,19,-1,ORIG_EXTRA_INSN,"Original has extra: goto, return",12,   19: astore_3  |    20: aload_2  | >>>21: ifnonnull 27 |    24: goto 37 |    27: aload_0 ,   19: astore_3  |    20: aload_2  | >>>21: ifnonnull 25 |    24: return  |    25: aload_0 
zombie/core/Collections/NonBlockingHashMap$3,remove,(Ljava/lang/Object;)Z,STRUCTURAL,14,15,1,RECOMP_EXTRA_INSN,"Recomp has extra: ifeq, goto, iconst_0",2,   0: aload_1  |    1: instanceof #22 | >>>4: ifne 9 |    7: iconst_0  |    8: ireturn ,   0: aload_1  |    1: instanceof #22 | >>>4: ifeq 15 |    7: aload_1  |    8: checkcast #22
zombie/core/Collections/NonBlockingHashMap$3,contains,(Ljava/lang/Object;)Z,STRUCTURAL,15,16,1,RECOMP_EXTRA_INSN,"Recomp has extra: ifeq, goto, iconst_0",2,   0: aload_1  |    1: instanceof #22 | >>>4: ifne 9 |    7: iconst_0  |    8: ireturn ,   0: aload_1  |    1: instanceof #22 | >>>4: ifeq 15 |    7: aload_1  |    8: checkcast #22
zombie/core/Collections/NonBlockingHashMap$SnapshotE,next,()Ljava/util/Map$Entry;,SORTED_MULTISET,15,16,1,COUNT_DIFF_+3,"Instruction count diff=+3, goto diff=+0, return diff=+0",1,   0: aload_0  | >>>1: getfield #18 |    4: invokevirtual #25 |    7: pop ,   0: aload_0  | >>>1: getfield #24 |    4: invokevirtual #31 |    7: pop 
zombie/core/Collections/NonBlockingHashMap$SnapshotV,<init>,(Lzombie/core/Collections/NonBlockingHashMap;)V,STRUCTURAL,24,23,-1,ORIG_EXTRA_INSN,"Original has extra: goto, aload_0, invokevirtual",13,   19: aload_3  |    20: getfield #23 | >>>23: ifnonnull 34 |    26: aload_0  |    27: aload_2 ,   19: aload_3  |    20: getfield #23 | >>>23: ifnonnull 37 |    26: aload_0  |    27: aload_2 
zombie/core/Collections/NonBlockingHashMapLong,readObject,(Ljava/io/ObjectInputStream;)V,SORTED_MULTISET,24,23,-1,ORIG_EXTRA_INSN,"Original has extra: goto, return",14,   22: lconst_0  |    23: lcmp  | >>>24: ifne 35 |    27: aload 4 |    29: ifnonnull 35,   22: lconst_0  |    23: lcmp  | >>>24: ifne 33 |    27: aload 4 |    29: ifnonnull 33
zombie/core/Collections/NonBlockingHashMapLong$3,remove,(Ljava/lang/Object;)Z,STRUCTURAL,14,15,1,RECOMP_EXTRA_INSN,"Recomp has extra: ifeq, goto, iconst_0",2,   0: aload_1  |    1: instanceof #22 | >>>4: ifne 9 |    7: iconst_0  |    8: ireturn ,   0: aload_1  |    1: instanceof #22 | >>>4: ifeq 15 |    7: aload_1  |    8: checkcast #22
zombie/core/Collections/NonBlockingHashMapLong$3,contains,(Ljava/lang/Object;)Z,STRUCTURAL,15,16,1,RECOMP_EXTRA_INSN,"Recomp has extra: ifeq, goto, iconst_0",2,   0: aload_1  |    1: instanceof #22 | >>>4: ifne 9 |    7: iconst_0  |    8: ireturn ,   0: aload_1  |    1: instanceof #22 | >>>4: ifeq 15 |    7: aload_1  |    8: checkcast #22
zombie/core/Collections/NonBlockingHashMapLong$CHM,putIfMatch,(JLjava/lang/Object;Ljava/lang/Object;)Ljava/lang/Object;,SORTED_MULTISET,240,242,2,RECOMP_EXTRA_2,"Recomp has 2 extra insns: {'aconst_null': 1, 'astore': 1, 'ifne': 1, 'new': 1, 'dup': 1, 'invokespecial': 1, 'athrow': 1}",44,   84: aconst_null  |    85: astore 10 | >>>87: aload_0  |    88: getfield #46 |    91: iload 6,   84: aconst_null  |    85: astore 10 | >>>87: aconst_null  |    88: astore 11 |    90: aload_0 
zombie/core/Collections/NonBlockingHashMapLong$SnapshotE,next,()Ljava/util/Map$Entry;,SORTED_MULTISET,16,17,1,COUNT_DIFF_+3,"Instruction count diff=+3, goto diff=+0, return diff=+0",1,   0: aload_0  | >>>1: getfield #18 |    4: invokevirtual #25 |    7: pop ,   0: aload_0  | >>>1: getfield #24 |    4: invokevirtual #31 |    7: pop 
zombie/core/Collections/NonBlockingHashMapLong$SnapshotV,<init>,(Lzombie/core/Collections/NonBlockingHashMapLong;)V,STRUCTURAL,23,23,0,ORIG_EXTRA_INSN,"Original has extra: goto, aload_2, iconst_1",2,   0: aload_0  |    1: aload_1  | >>>2: putfield #3 |    5: aload_0  |    6: invokespecial #9,   0: aload_0  |    1: aload_1  | >>>2: putfield #1 |    5: aload_0  |    6: invokespecial #7
zombie/core/Collections/NonBlockingHashtable,putIfMatch,(Lzombie/core/Collections/NonBlockingHashtable;[Ljava/lang/Object;Ljava/lang/Object;Ljava/lang/Object;Ljava/lang/Object;)Ljava/lang/Object;,SORTED_MULTISET,267,269,2,RECOMP_EXTRA_2,"Recomp has 2 extra insns: {'aconst_null': 1, 'astore': 1, 'if_acmpeq': 1, 'iload': 2, 'iconst_1': 2, 'iadd': 1, 'isub': 1, 'iand': 1, 'istore': 1, 'goto': 1, 'ifne': 1, 'new': 1, 'dup': 1, 'invokespecial': 1, 'athrow': 1}",0,>>>0: getstatic #3 |    3: ifne 18 |    6: aload_3 ,>>>0: getstatic #1 |    3: ifne 18 |    6: aload_3 
zombie/core/Collections/NonBlockingHashtable,readObject,(Ljava/io/ObjectInputStream;)V,SORTED_MULTISET,20,19,-1,ORIG_EXTRA_INSN,"Original has extra: goto, return",12,   19: astore_3  |    20: aload_2  | >>>21: ifnonnull 27 |    24: goto 37 |    27: aload_0 ,   19: astore_3  |    20: aload_2  | >>>21: ifnonnull 25 |    24: return  |    25: aload_0 
zombie/core/Collections/NonBlockingHashtable$3,remove,(Ljava/lang/Object;)Z,STRUCTURAL,14,15,1,RECOMP_EXTRA_INSN,"Recomp has extra: ifeq, goto, iconst_0",2,   0: aload_1  |    1: instanceof #22 | >>>4: ifne 9 |    7: iconst_0  |    8: ireturn ,   0: aload_1  |    1: instanceof #22 | >>>4: ifeq 15 |    7: aload_1  |    8: checkcast #22
zombie/core/Collections/NonBlockingHashtable$3,contains,(Ljava/lang/Object;)Z,STRUCTURAL,15,16,1,RECOMP_EXTRA_INSN,"Recomp has extra: ifeq, goto, iconst_0",2,   0: aload_1  |    1: instanceof #22 | >>>4: ifne 9 |    7: iconst_0  |    8: ireturn ,   0: aload_1  |    1: instanceof #22 | >>>4: ifeq 15 |    7: aload_1  |    8: checkcast #22
zombie/core/Collections/NonBlockingHashtable$SnapshotE,next,()Ljava/util/Map$Entry;,SORTED_MULTISET,15,16,1,COUNT_DIFF_+3,"Instruction count diff=+3, goto diff=+0, return diff=+0",1,   0: aload_0  | >>>1: getfield #18 |    4: invokevirtual #25 |    7: pop ,   0: aload_0  | >>>1: getfield #24 |    4: invokevirtual #31 |    7: pop 
zombie/core/Collections/NonBlockingHashtable$SnapshotV,<init>,(Lzombie/core/Collections/NonBlockingHashtable;)V,STRUCTURAL,24,23,-1,ORIG_EXTRA_INSN,"Original has extra: goto, aload_0, invokevirtual",13,   19: aload_3  |    20: getfield #23 | >>>23: ifnonnull 34 |    26: aload_0  |    27: aload_2 ,   19: aload_3  |    20: getfield #23 | >>>23: ifnonnull 37 |    26: aload_0  |    27: aload_2 
zombie/core/Collections/NonBlockingIdentityHashMap,putIfMatch,(Lzombie/core/Collections/NonBlockingIdentityHashMap;[Ljava/lang/Object;Ljava/lang/Object;Ljava/lang/Object;Ljava/lang/Object;)Ljava/lang/Object;,SORTED_MULTISET,256,258,2,RECOMP_EXTRA_2,"Recomp has 2 extra insns: {'aconst_null': 1, 'astore': 1, 'if_acmpeq': 1, 'iload': 2, 'iconst_1': 2, 'iadd': 1, 'isub': 1, 'iand': 1, 'istore': 1, 'goto': 1, 'ifne': 1, 'new': 1, 'dup': 1, 'invokespecial': 1, 'athrow': 1}",0,>>>0: getstatic #3 |    3: ifne 18 |    6: aload_3 ,>>>0: getstatic #1 |    3: ifne 18 |    6: aload_3 
zombie/core/Collections/NonBlockingIdentityHashMap,readObject,(Ljava/io/ObjectInputStream;)V,SORTED_MULTISET,20,19,-1,ORIG_EXTRA_INSN,"Original has extra: goto, return",12,   19: astore_3  |    20: aload_2  | >>>21: ifnonnull 27 |    24: goto 37 |    27: aload_0 ,   19: astore_3  |    20: aload_2  | >>>21: ifnonnull 25 |    24: return  |    25: aload_0 
zombie/core/Collections/NonBlockingIdentityHashMap$3,remove,(Ljava/lang/Object;)Z,STRUCTURAL,14,15,1,RECOMP_EXTRA_INSN,"Recomp has extra: ifeq, goto, iconst_0",2,   0: aload_1  |    1: instanceof #22 | >>>4: ifne 9 |    7: iconst_0  |    8: ireturn ,   0: aload_1  |    1: instanceof #22 | >>>4: ifeq 15 |    7: aload_1  |    8: checkcast #22
zombie/core/Collections/NonBlockingIdentityHashMap$3,contains,(Ljava/lang/Object;)Z,STRUCTURAL,15,16,1,RECOMP_EXTRA_INSN,"Recomp has extra: ifeq, goto, iconst_0",2,   0: aload_1  |    1: instanceof #22 | >>>4: ifne 9 |    7: iconst_0  |    8: ireturn ,   0: aload_1  |    1: instanceof #22 | >>>4: ifeq 15 |    7: aload_1  |    8: checkcast #22
zombie/core/Collections/NonBlockingIdentityHashMap$SnapshotE,next,()Ljava/util/Map$Entry;,SORTED_MULTISET,15,16,1,COUNT_DIFF_+3,"Instruction count diff=+3, goto diff=+0, return diff=+0",1,   0: aload_0  | >>>1: getfield #18 |    4: invokevirtual #25 |    7: pop ,   0: aload_0  | >>>1: getfield #24 |    4: invokevirtual #31 |    7: pop 
zombie/core/Collections/NonBlockingIdentityHashMap$SnapshotV,<init>,(Lzombie/core/Collections/NonBlockingIdentityHashMap;)V,STRUCTURAL,24,23,-1,ORIG_EXTRA_INSN,"Original has extra: goto, aload_0, invokevirtual",13,   19: aload_3  |    20: getfield #23 | >>>23: ifnonnull 34 |    26: aload_0  |    27: aload_2 ,   19: aload_3  |    20: getfield #23 | >>>23: ifnonnull 37 |    26: aload_0  |    27: aload_2 
zombie/core/Collections/NonBlockingSetInt$NBSI,add,(I)Z,SORTED_MULTISET,72,74,2,RECOMP_EXTRA_2,"Recomp has 2 extra insns: {'lstore': 1, 'lconst_0': 1}",34,   52: invokestatic #100 |    55: lstore 4 | >>>57: aload_2  |    58: getfield #26 |    61: iload_3 ,   52: invokestatic #100 |    55: lstore 4 | >>>57: lconst_0  |    58: lstore 6 |    60: aload_2 
zombie/core/Collections/NonBlockingSetInt$NBSI,remove,(I)Z,SORTED_MULTISET,77,79,2,RECOMP_EXTRA_2,"Recomp has 2 extra insns: {'lstore': 1, 'lconst_0': 1}",37,   59: invokestatic #100 |    62: lstore 4 | >>>64: aload_2  |    65: getfield #26 |    68: iload_3 ,   59: invokestatic #100 |    62: lstore 4 | >>>64: lconst_0  |    65: lstore 6 |    67: aload_2 
zombie/core/Collections/ZomboidAbstractMap,equals,(Ljava/lang/Object;)Z,STRUCTURAL,58,56,-2,ORIG_EXTRA_INSN,"Original has extra: goto, ireturn, iconst_1",58,   130: ireturn  |    131: goto 46 | >>>134: goto 143 |    137: astore_3  |    138: iconst_0 ,   130: ireturn  |    131: goto 46 | >>>134: iconst_1  |    135: ireturn  |    136: astore_3 
zombie/core/Collections/ZomboidHashMap,transfer,([Lzombie/core/Collections/ZomboidHashMap$Entry;)V,STRUCTURAL,43,46,3,RECOMP_EXTRA_2,Recomp has 2 extra insns: {'goto': 2},11,   13: aload_2  |    14: arraylength  | >>>15: if_icmpge 82 |    18: aload_2  |    19: iload 4,   13: aload_2  |    14: arraylength  | >>>15: if_icmpge 88 |    18: aload_2  |    19: iload 4
zombie/core/Core,setupMultiFBO,()Z,STRUCTURAL,27,25,-2,ORIG_EXTRA_INSN,"Original has extra: goto, ireturn, iconst_1",2,   0: aload_0  |    1: getfield #50 | >>>4: invokevirtual #2073 |    7: ifne 12 |    10: iconst_0 ,   0: aload_0  |    1: getfield #50 | >>>4: invokevirtual #2071 |    7: ifne 12 |    10: iconst_0 
zombie/core/Core,getMaxTextureSizeFromOption,(I)I,SORTED_MULTISET,17,20,3,LARGE_STRUCTURAL_DIFF_+7,"Major structural diff=+7, similarity=64.3%",0,>>>0: iload_1  |    1: tableswitch { |    1: 32 ,>>>0: iconst_0  |    1: istore_2  |    2: iload_1 
zombie/core/Core,lambda$setDisplayMode$4,(IIZ)V,STRUCTURAL,197,199,2,ORIG_EXTRA_INSN,"Original has extra: if_icmpne, return, aload_3",2,   0: invokestatic #635 |    3: iload_0  | >>>4: if_icmpne 31 |    7: invokestatic #638 |    10: iload_1 ,   0: invokestatic #635 |    3: iload_0  | >>>4: if_icmpne 30 |    7: invokestatic #638 |    10: iload_1 
zombie/core/ImmutableColor,HSBtoRGB,(FFF)[Ljava/lang/Integer;,SORTED_MULTISET,206,206,0,ORIG_EXTRA_2,"Original has 2 extra insns: {'astore': 1, 'aload': 4}",204,   329: iconst_3  |    330: anewarray #62 | >>>333: astore 6 |    335: aload 6 |    337: iconst_0 ,   329: iconst_3  |    330: anewarray #62 | >>>333: dup  |    334: iconst_0  |    335: iload_3 
zombie/core/IndieFileLoader,getStreamReader,(Ljava/lang/String;Z)Ljava/io/InputStreamReader;,SORTED_MULTISET,39,43,4,RECOMP_EXTRA_2,"Recomp has 2 extra insns: {'aconst_null': 1, 'astore': 4, 'aload': 1}",4,   2: aconst_null  |    3: astore_3  | >>>4: aload_3  |    5: ifnull 24 |    8: iload_1 ,   2: aconst_null  |    3: astore_3  | >>>4: aconst_null  |    5: astore 4 |    7: aload_3 
zombie/core/Languages,init,()V,STRUCTURAL,48,49,1,BRANCH_TARGET_DIFF,2 branch targets differ: #41 goto 61 vs 127; #52 goto 61 vs 127,41,   85: aload_3  |    86: ifnonnull 92 | >>>89: goto 61 |    92: new #80 |    95: dup ,   85: aload_3  |    86: ifnonnull 92 | >>>89: goto 127 |    92: new #80 |    95: dup 
zombie/core/Languages,loadTranslateDirectory,(Ljava/lang/String;)V,STRUCTURAL,106,107,1,BRANCH_TARGET_DIFF,1 branch targets differ: #35 goto 46 vs 232,35,   81: aload 7 |    83: ifnonnull 89 | >>>86: goto 46 |    89: aload_0  |    90: aload 7,   81: aload 7 |    83: ifnonnull 89 | >>>86: goto 232 |    89: aload_0  |    90: aload 7
zombie/core/SpriteRenderer$RingBuffer$StateRun,render,()V,SORTED_MULTISET,390,394,4,OPCODE_DIFF,8 opcode differences: #101 iconst_0->sipush; #102 putstatic->iconst_0; #103 sipush->dup,1,   0: aload_0  | >>>1: getfield #62 |    4: ifnonnull 8 |    7: return ,   0: aload_0  | >>>1: getfield #58 |    4: ifnonnull 10 |    7: goto 1043
zombie/core/Translator,parseFile,(Ljava/io/File;Ljava/util/HashMap;Lzombie/core/Language;)V,SORTED_MULTISET,424,421,-3,BRANCH_INV_RESTRUCTURED,1 inv + 103 other opcode diffs (block reorder),42,"   90: invokevirtual #319 |    93: dup  | >>>94: astore_3  |    95: ifnull 931 |    98: iinc 10, 1","   90: invokevirtual #319 |    93: dup  | >>>94: astore 12 |    96: ifnull 957 |    99: iinc 10, 1"
zombie/core/WinReqistry$StreamReader,run,()V,SORTED_MULTISET,13,15,2,RECOMP_EXTRA_2,"Recomp has 2 extra insns: {'iconst_0': 1, 'istore_1': 1, 'astore_2': 1}",0,>>>0: aload_0  |    1: getfield #16 |    4: invokevirtual #20,>>>0: iconst_0  |    1: istore_1  |    2: aload_0 
zombie/core/input/Input,getButtonCount,(I)I,STRUCTURAL,11,12,1,COUNT_DIFF_+3,"Instruction count diff=+3, goto diff=+0, return diff=+0",2,   0: aload_0  |    1: iload_1  | >>>2: invokevirtual #79 |    5: astore_2  |    6: aload_2 ,   0: aload_0  |    1: iload_1  | >>>2: invokevirtual #77 |    5: astore_2  |    6: aload_2 
zombie/core/logger/ExceptionLogger,logException,(Ljava/lang/Throwable;Ljava/lang/String;Lzombie/debug/DebugLogStream;Lzombie/debug/LogSeverity;)V,SORTED_MULTISET,50,50,0,BRANCH_INV_RESTRUCTURED,1 inv + 6 other opcode diffs (block reorder),28,   52: putstatic #56 |    55: getstatic #60 | >>>58: ifeq 66 |    61: iconst_0  |    62: putstatic #52,   52: putstatic #56 |    55: getstatic #60 | >>>58: ifne 75 |    61: getstatic #65 |    64: ifeq 70
zombie/core/opengl/ShaderProgram,findShader,(Ljava/lang/String;Lzombie/core/opengl/ShaderUnit$Type;)Lzombie/core/opengl/ShaderUnit;,SORTED_MULTISET,21,18,-3,BRANCH_INV_RESTRUCTURED,1 inv + 3 other opcode diffs (block reorder),2,   0: aload_0  |    1: aload_2  | >>>2: invokevirtual #346 |    5: astore_3  |    6: aconst_null ,   0: aload_0  |    1: aload_2  | >>>2: invokevirtual #344 |    5: astore_3  |    6: aconst_null 
zombie/core/physics/CarController,control_ForwardNew,(F)V,SORTED_MULTISET,468,478,10,LARGE_STRUCTURAL_DIFF_+11,"Major structural diff=+11, similarity=92.7%",8,   12: getfield #100 |    15: invokevirtual #269 | >>>18: astore_3  |    19: aload_3  |    20: ifnull 40,   12: getfield #100 |    15: invokevirtual #269 | >>>18: astore 10 |    20: aload 10 |    22: ifnull 43
zombie/core/physics/CarController,<clinit>,()V,SORTED_MULTISET,40,42,2,OPCODE_DIFF,30 opcode differences: #10 new->getstatic; #11 dup->iconst_0; #12 invokespecial->new,5,   5: fconst_1  |    6: fconst_0  | >>>7: invokespecial #1124 |    10: putstatic #1024 |    13: iconst_3 ,   5: fconst_1  |    6: fconst_0  | >>>7: invokespecial #1122 |    10: putstatic #1022 |    13: iconst_3 
zombie/core/raknet/RakNetPeerInterface,Receive,(Ljava/nio/ByteBuffer;)Z,SORTED_MULTISET,32,30,-2,COUNT_DIFF_-3,"Instruction count diff=-3, goto diff=-1, return diff=+0",2,   0: aload_0  |    1: invokevirtual #54 | >>>4: ifeq 55 |    7: aload_1  |    8: invokevirtual #58,   0: aload_0  |    1: invokevirtual #54 | >>>4: ifeq 52 |    7: aload_1  |    8: invokevirtual #58
zombie/core/raknet/TestClient,decode,(Ljava/nio/ByteBuffer;)V,STRUCTURAL,88,87,-1,ORIG_EXTRA_INSN,"Original has extra: 359, 359, 359",7,   0: 348  |    1: 348  | >>>2: 359  |    3: 359  |    4: 359 ,   0: 348  |    1: 348  | >>>2: 356  |    3: 356  |    4: 356 
zombie/core/raknet/UdpConnection,calcCountPlayersInRelevantPosition,()V,STRUCTURAL,56,55,-1,ORIG_EXTRA_2,"Original has 2 extra insns: {'ifne': 1, 'return': 1, 'if_acmpne': 1, 'goto': 1}",1,   0: aload_0  | >>>1: invokevirtual #339 |    4: ifne 8 |    7: return ,   0: aload_0  | >>>1: invokevirtual #335 |    4: ifeq 127 |    7: iconst_0 
zombie/core/raknet/UdpEngine,decode,(Ljava/nio/ByteBuffer;)V,SORTED_MULTISET,339,338,-1,COUNT_DIFF_-3,"Instruction count diff=-3, goto diff=-1, return diff=+0",7,   9: iload_2  |    10: lookupswitch { | >>>0: 453  |    1: 453  |    16: 336 ,   9: iload_2  |    10: lookupswitch { | >>>0: 465  |    1: 465  |    16: 345 
zombie/core/raknet/UdpEngine,Connect,(Ljava/lang/String;ILjava/lang/String;Z)V,STRUCTURAL,50,48,-2,ORIG_EXTRA_2,"Original has 2 extra insns: {'aload_1': 1, 'astore': 1}",27,   55: invokevirtual #567 |    58: pop  | >>>59: goto 119 |    62: aload_1  |    63: astore 5,   55: invokevirtual #567 |    58: pop  | >>>59: goto 116 |    62: aload_1  |    63: invokestatic #571
zombie/core/raknet/VoiceManager,checkForNearbyRadios,(Lzombie/core/raknet/VoiceManagerData;)Lzombie/core/raknet/VoiceManagerData$RadioData;,SORTED_MULTISET,226,224,-2,ORIG_EXTRA_INSN,"Original has extra: goto, aconst_null, areturn",246,   511: aload 12 |    513: athrow  | >>>514: aload 4 |    516: monitorexit  |    517: goto 528,   511: aload 12 |    513: athrow  | >>>514: aconst_null  |    515: aload 4 |    517: monitorexit 
zombie/core/raknet/VoiceManager$3,call,(Lse/krka/kahlua/vm/LuaCallFrame;I)I,STRUCTURAL,49,49,0,BRANCH_INV_RESTRUCTURED,1 inv + 38 other opcode diffs (block reorder),1,   0: getstatic #13 | >>>3: ifne 12 |    6: getstatic #19 |    9: ifeq 30,   0: getstatic #13 | >>>3: ifne 84 |    6: getstatic #19 |    9: ifne 84
zombie/core/skinnedmodel/DeadBodyAtlas,toBodyAtlas,(Lzombie/core/skinnedmodel/DeadBodyAtlas$RenderJob;)V,SORTED_MULTISET,279,281,2,BRANCH_INV_RESTRUCTURED,2 inv + 16 other opcode diffs (block reorder),3,   3: invokestatic #593 |    6: aload_0  | >>>7: getfield #570 |    10: invokevirtual #565 |    13: aload_1 ,   3: invokestatic #593 |    6: aload_0  | >>>7: getfield #572 |    10: invokevirtual #567 |    13: aload_1 
zombie/core/skinnedmodel/HelperFunctions,returnMatrix,(Lorg/lwjgl/util/vector/Matrix4f;)V,STRUCTURAL,26,25,-1,ORIG_EXTRA_INSN,"Original has extra: ifeq, goto, invokestatic",4,   4: iconst_1  |    5: invokevirtual #28 | >>>8: ifeq 53 |    11: getstatic #34 |    14: ifne 35,   4: iconst_1  |    5: invokevirtual #28 | >>>8: ifne 17 |    11: invokestatic #34 |    14: goto 0
zombie/core/skinnedmodel/HelperFunctions,getMatrix,()Lorg/lwjgl/util/vector/Matrix4f;,STRUCTURAL,27,25,-2,ORIG_EXTRA_INSN,"Original has extra: ifeq, astore_0, astore_0",6,   6: iconst_1  |    7: invokevirtual #28 | >>>10: ifeq 53 |    13: getstatic #38 |    16: invokevirtual #64,   6: iconst_1  |    7: invokevirtual #28 | >>>10: ifne 19 |    13: invokestatic #34 |    16: goto 2
zombie/core/skinnedmodel/HelperFunctions,getVector3f,()Lorg/lwjgl/util/vector/Vector3f;,STRUCTURAL,15,15,0,BRANCH_INV_RESTRUCTURED,1 inv + 10 other opcode diffs (block reorder),4,   4: iconst_1  |    5: invokevirtual #28 | >>>8: ifeq 30 |    11: getstatic #83 |    14: invokevirtual #87,   4: iconst_1  |    5: invokevirtual #28 | >>>8: ifne 17 |    11: invokestatic #34 |    14: goto 0
zombie/core/skinnedmodel/HelperFunctions,returnVector3f,(Lorg/lwjgl/util/vector/Vector3f;)V,STRUCTURAL,14,14,0,BRANCH_INV_RESTRUCTURED,1 inv + 8 other opcode diffs (block reorder),4,   4: iconst_1  |    5: invokevirtual #28 | >>>8: ifeq 26 |    11: getstatic #83 |    14: aload_0 ,   4: iconst_1  |    5: invokevirtual #28 | >>>8: ifne 17 |    11: invokestatic #34 |    14: goto 0
zombie/core/skinnedmodel/HelperFunctions,CreateFromQuaternionPositionScale,(Lorg/lwjgl/util/vector/Vector3f;Lorg/lwjgl/util/vector/Quaternion;Lorg/lwjgl/util/vector/Vector3f;Lorg/lwjgl/util/vector/Matrix4f;Lorg/lwjgl/util/vector/Matrix4f;Lorg/lwjgl/util/vector/Matrix4f;Lorg/lwjgl/util/vector/Matrix4f;)V,STRUCTURAL,38,32,-6,LARGE_STRUCTURAL_DIFF_-6,"Major structural diff=-6, similarity=84.2%",1,   0: aload 6 | >>>2: astore 7 |    4: aload 4 |    6: astore 8,   0: aload 6 | >>>2: invokevirtual #102 |    5: pop  |    6: aload 6
zombie/core/skinnedmodel/ModelManager,getClosestThreeLights,(Lzombie/iso/IsoMovingObject;[Lzombie/iso/IsoLightSource;)V,STRUCTURAL,226,228,2,CONST_POOL_DIFF,95 constant pool refs differ,1,   0: aload_0  | >>>1: getfield #109 |    4: invokevirtual #1245 |    7: aload_0 ,   0: aload_0  | >>>1: getfield #107 |    4: invokevirtual #1243 |    7: aload_0 
zombie/core/skinnedmodel/ModelManager,getLoadedModel,(Ljava/lang/String;)Lzombie/core/skinnedmodel/model/Model;,STRUCTURAL,176,174,-2,BRANCH_INV_RESTRUCTURED,1 inv + 3 other opcode diffs (block reorder),0,>>>0: getstatic #190 |    3: aload_1  |    4: invokevirtual #758,>>>0: getstatic #186 |    3: aload_1  |    4: invokevirtual #756
zombie/core/skinnedmodel/ModelManager,initAnimationMeshes,(Z)V,STRUCTURAL,100,101,1,ORIG_EXTRA_2,"Original has 2 extra insns: {'invokevirtual': 1, 'astore_2': 1, 'aload_2': 2, 'astore_3': 1, 'aload_3': 2}",0,>>>0: getstatic #190 |    3: invokevirtual #1930 |    6: astore_2 ,>>>0: getstatic #186 |    3: invokevirtual #1928 |    6: astore_2 
zombie/core/skinnedmodel/advancedanimation/AnimLayer,updateNewNodeTransitionsInternal,()V,STRUCTURAL,127,126,-1,ORIG_EXTRA_INSN,"Original has extra: ifne, goto",11,   17: iload_2  |    18: iload_3  | >>>19: if_icmpge 326 |    22: aload_0  |    23: getfield #27,   17: iload_2  |    18: iload_3  | >>>19: if_icmpge 323 |    22: aload_0  |    23: getfield #27
zombie/core/skinnedmodel/advancedanimation/AnimLayer,<clinit>,()V,SORTED_MULTISET,33,41,8,OPCODE_DIFF,29 opcode differences: #4 new->getstatic; #5 dup->fconst_1; #6 invokespecial->putfield,4,   4: invokespecial #819 |    7: putstatic #74 | >>>10: getstatic #74 |    13: fconst_1  |    14: putfield #405,   4: invokespecial #819 |    7: putstatic #74 | >>>10: new #133 |    13: dup  |    14: invokespecial #819
zombie/core/skinnedmodel/advancedanimation/AnimatedModel,setModelData,(Lzombie/core/skinnedmodel/visual/HumanVisual;Lzombie/core/skinnedmodel/visual/ItemVisuals;)V,SORTED_MULTISET,210,213,3,RECOMP_EXTRA_INSN,"Recomp has extra: astore, aload, istore_3",1,   0: aload_0  | >>>1: getfield #72 |    4: astore_3  |    5: aload_0 ,   0: aload_0  | >>>1: getfield #70 |    4: astore 4 |    6: aload_0 
zombie/core/skinnedmodel/advancedanimation/AnimatedModel,DrawChar,(Lzombie/core/skinnedmodel/advancedanimation/AnimatedModel$AnimatedModelInstanceRenderData;)V,SORTED_MULTISET,600,591,-9,BLOCK_REORDER,"Likely block reorder (sim=97.2%), added={'goto': 2, 'ifeq': 2, 'ifnull': 1}, removed={'getfield': 3, 'aload_2': 3, 'ifnonnull': 1, 'return': 5, 'ifne': 2, 'pop': 3}",1,   0: aload_1  | >>>1: getfield #918 |    4: astore_2  |    5: aload_1 ,   0: aload_1  | >>>1: getfield #916 |    4: astore_2  |    5: aload_1 
zombie/core/skinnedmodel/advancedanimation/BlendInfo$BlendInstance,update,()V,STRUCTURAL,107,105,-2,ORIG_EXTRA_2,"Original has 2 extra insns: {'59': 1, 'goto': 2, '179': 1}",7,   7: getfield #49 |    10: fcmpg  | >>>11: ifge 123 |    14: fconst_1  |    15: fstore_2 ,   7: getfield #49 |    10: fcmpg  | >>>11: ifge 120 |    14: fconst_1  |    15: fstore_2 
zombie/core/skinnedmodel/animation/AnimationPlayer,updateLayerBlendWeightings,()V,SORTED_MULTISET,295,297,2,COUNT_DIFF_+3,"Instruction count diff=+3, goto diff=-1, return diff=+0",2,   0: aload_0  |    1: getfield #132 | >>>4: invokevirtual #881 |    7: astore_1  |    8: aload_1 ,   0: aload_0  |    1: getfield #132 | >>>4: invokevirtual #883 |    7: astore_1  |    8: aload_1 
zombie/core/skinnedmodel/animation/SoftwareSkinnedModelAnim,<init>,([Lzombie/core/skinnedmodel/animation/StaticAnimation;Lzombie/core/skinnedmodel/model/SoftwareModelMesh;Lzombie/core/skinnedmodel/model/SkinningData;)V,STRUCTURAL,443,441,-2,ORIG_EXTRA_2,"Original has 2 extra insns: {'aload': 1, 'astore': 1}",1,   0: aload_0  | >>>1: invokespecial #64 |    4: aload_0  |    5: new #70,   0: aload_0  | >>>1: invokespecial #58 |    4: aload_0  |    5: new #64
zombie/core/skinnedmodel/animation/StaticAnimation,getPose,()V,STRUCTURAL,109,108,-1,ORIG_EXTRA_INSN,"Original has extra: goto, aload_0, dup",11,   17: aload_1  |    18: arraylength  | >>>19: if_icmpge 209 |    22: aload_1  |    23: aload_0 ,   17: aload_1  |    18: arraylength  | >>>19: if_icmpge 206 |    22: aload_1  |    23: aload_0 
zombie/core/skinnedmodel/animation/debug/GenericNameWeightRecordingFrame,logWeight,(Ljava/lang/String;IF)V,SORTED_MULTISET,15,16,1,RECOMP_EXTRA_2,"Recomp has 2 extra insns: {'aload_0': 1, 'getfield': 1, 'iload': 1}",8,   9: getfield #9 |    12: iload 4 | >>>14: dup2  |    15: faload  |    16: fload_3 ,   9: getfield #9 |    12: iload 4 | >>>14: aload_0  |    15: getfield #9 |    18: iload 4
zombie/core/skinnedmodel/animation/debug/GenericNameWeightRecordingFrame,getOrCreateColumn,(Ljava/lang/String;I)I,STRUCTURAL,68,68,0,ORIG_EXTRA_INSN,"Original has extra: goto, iload, ireturn",64,"   104: fcmpl  |    105: ifne 111 | >>>108: goto 117 |    111: iinc 6, 1 |    114: goto 61","   104: fcmpl  |    105: ifne 111 | >>>108: iload 5 |    110: ireturn  |    111: iinc 6, 1"
zombie/core/skinnedmodel/model/CharacterMask$Part,getBloodBodyPartTypes,()[Lzombie/characterTextures/BloodBodyPartType;,STRUCTURAL,146,145,-1,ORIG_EXTRA_INSN,"Original has extra: 288, 299, 310",26,   10: 255  |    11: 274  | >>>12: 285  |    13: 288  |    14: 299 ,   10: 255  |    11: 274  | >>>12: 282  |    13: 285  |    14: 296 
zombie/core/skinnedmodel/model/ModelInstance$PlayerData,completeFrameLightsForFrame,()V,STRUCTURAL,463,463,0,ORIG_EXTRA_INSN,"Original has extra: if_icmpeq, if_icmpeq, goto",24,   36: getfield #7 |    39: invokevirtual #54 | >>>42: if_icmpge 668 |    45: aload_0  |    46: getfield #7,   36: getfield #7 |    39: invokevirtual #54 | >>>42: if_icmpge 665 |    45: aload_0  |    46: getfield #7
zombie/core/skinnedmodel/model/ModelInstance$PlayerData,updateLights,(Lzombie/characters/IsoGameCharacter;Z)V,SORTED_MULTISET,623,624,1,BRANCH_INV_RESTRUCTURED,1 inv + 53 other opcode diffs (block reorder),3,   1: invokevirtual #180 |    4: aload_1  | >>>5: ifnonnull 9 |    8: return  |    9: aload_1 ,   1: invokevirtual #180 |    4: aload_1  | >>>5: ifnonnull 11 |    8: goto 1292 |    11: aload_1 
zombie/core/skinnedmodel/model/ModelInstanceTextureCreator,init,(Lzombie/core/skinnedmodel/visual/BaseVisual;Lzombie/core/skinnedmodel/visual/ItemVisuals;Lzombie/core/skinnedmodel/model/ModelInstance;)V,STRUCTURAL,15,16,1,RECOMP_EXTRA_INSN,"Recomp has extra: goto, return",1,   0: aload_1  | >>>1: instanceof #118 |    4: ifeq 18 |    7: aload_0 ,   0: aload_1  | >>>1: instanceof #116 |    4: ifeq 20 |    7: aload_0 
zombie/core/skinnedmodel/model/ModelLoader,loadTxt,(Ljava/lang/String;ZZLzombie/core/skinnedmodel/model/SkinningData;)Lzombie/core/skinnedmodel/model/ModelTxt;,SORTED_MULTISET,951,952,1,COUNT_DIFF_+3,"Instruction count diff=+3, goto diff=+3, return diff=+0",23,   43: getstatic #38 |    46: bipush 12 | >>>48: invokevirtual #46 |    51: aload 6 |    53: iconst_1 ,   43: getstatic #38 |    46: bipush 12 | >>>48: invokevirtual #44 |    51: aload 6 |    53: iconst_1 
zombie/core/skinnedmodel/model/ModelOutlines,renderTexture,(Lzombie/interfaces/ITexture;IIII)V,SORTED_MULTISET,81,83,2,OPCODE_DIFF,11 opcode differences: #35 istore->dup; #36 iconst_0->istore_3; #37 istore->istore_2,1,"   0: aload_1  | >>>1: invokeinterface #319,  1 |    6: iload_2  |    7: i2f ","   0: aload_1  | >>>1: invokeinterface #317,  1 |    6: iload_2  |    7: i2f "
zombie/core/skinnedmodel/model/VertexBufferObject,Draw,(Lzombie/core/skinnedmodel/model/VertexBufferObject$Vbo;Lzombie/core/skinnedmodel/model/VertexBufferObject$VertexFormat;Lzombie/core/skinnedmodel/shader/Shader;I)V,STRUCTURAL,146,145,-1,ORIG_EXTRA_2,"Original has 2 extra insns: {'ifeq': 1, 'return': 1, '247': 1, '284': 1, 'goto': 1}",3,   1: ifnonnull 5 |    4: return  | >>>5: getstatic #228 |    8: getfield #234 |    11: invokevirtual #238,   1: ifnonnull 5 |    4: return  | >>>5: getstatic #224 |    8: getfield #230 |    11: invokevirtual #234
zombie/core/skinnedmodel/population/ClothingItemAssetManager,onFileTaskFinished,(Lzombie/core/skinnedmodel/population/ClothingItem;Ljava/lang/Object;)V,STRUCTURAL,89,87,-2,ORIG_EXTRA_2,"Original has 2 extra insns: {'aload_1': 1, 'astore_3': 1, 'astore': 1, 'aload_0': 4, 'aload': 14, 'aload_3': 2, 'getfield': 1}",2,   0: aload_2  |    1: instanceof #25 | >>>4: ifeq 185 |    7: aload_1  |    8: astore_3 ,   0: aload_2  |    1: instanceof #25 | >>>4: ifeq 168 |    7: aload_2  |    8: checkcast #25
zombie/core/skinnedmodel/population/Outfit,findHat,()Lzombie/core/skinnedmodel/population/ClothingItemReference;,STRUCTURAL,21,22,1,BRANCH_TARGET_DIFF,2 branch targets differ: #15 goto 8 vs 61; #21 goto 8 vs 61,15,   31: getfield #216 |    34: ifne 40 | >>>37: goto 8 |    40: aload_2  |    41: invokevirtual #253,   31: getfield #216 |    34: ifne 40 | >>>37: goto 61 |    40: aload_2  |    41: invokevirtual #253
zombie/core/skinnedmodel/population/OutfitManager,debugOutfit,(Lzombie/core/skinnedmodel/population/Outfit;)V,STRUCTURAL,61,62,1,ORIG_EXTRA_INSN,"Original has extra: ifeq, goto",8,"   10: aload_3  |    11: invokeinterface #85,  1 | >>>16: ifeq 172 |    19: aload_3  |    20: invokeinterface #91,  1","   10: aload_3  |    11: invokeinterface #85,  1 | >>>16: ifeq 169 |    19: aload_3  |    20: invokeinterface #91,  1"
zombie/core/skinnedmodel/population/PopTemplateManager,isItemModelHidden,(Lzombie/characters/WornItems/BodyLocationGroup;Lzombie/core/skinnedmodel/visual/ItemVisuals;Lzombie/core/skinnedmodel/visual/ItemVisual;)Z,STRUCTURAL,46,45,-1,OPCODE_DIFF,16 opcode differences: #21 checkcast->aload_3; #22 aload_3->if_acmpne; #23 if_acmpne->goto,21,   38: iload 5 |    40: invokevirtual #326 | >>>43: aload_3  |    44: if_acmpne 50 |    47: goto 103,   38: iload 5 |    40: invokevirtual #326 | >>>43: checkcast #119 |    46: aload_3  |    47: if_acmpne 53
zombie/core/textures/ImageData,setData,(Ljava/awt/image/Raster;)V,SORTED_MULTISET,126,126,0,OPCODE_DIFF,18 opcode differences: #89 iload->iinc; #90 iaload->iload; #91 i2b->iaload,1,   0: aload_1  | >>>1: ifnonnull 15 |    4: new #149 |    7: dup ,   0: aload_1  | >>>1: ifnonnull 17 |    4: new #147 |    7: dup 
zombie/core/textures/ImageData,setData,(Lzombie/core/textures/Pcx;)V,SORTED_MULTISET,105,105,0,OPCODE_DIFF,14 opcode differences: #71 iload->iinc; #72 baload->iload; #73 invokevirtual->baload,2,   0: aload_0  |    1: aload_1  | >>>2: getfield #159 |    5: putfield #46 |    8: aload_0 ,   0: aload_0  |    1: aload_1  | >>>2: getfield #157 |    5: putfield #46 |    8: aload_0 
zombie/core/textures/MultiTextureFBO2,update,()V,SORTED_MULTISET,220,222,2,COUNT_DIFF_+4,"Instruction count diff=+4, goto diff=+0, return diff=+0",0,>>>0: invokestatic #114 |    3: istore_1  |    4: aload_0 ,>>>0: invokestatic #112 |    3: istore_1  |    4: aload_0 
zombie/core/textures/MultiTextureFBO2,test,()Z,STRUCTURAL,20,18,-2,ORIG_EXTRA_INSN,"Original has extra: goto, ireturn, iconst_1",6,   6: invokevirtual #152 |    9: pop  | >>>10: goto 33 |    13: astore_1  |    14: getstatic #342,   6: invokevirtual #152 |    9: pop  | >>>10: iconst_1  |    11: ireturn  |    12: astore_1 
zombie/core/textures/PNGDecoder,<init>,(Ljava/io/InputStream;Z)V,SORTED_MULTISET,90,89,-1,ORIG_EXTRA_INSN,"Original has extra: 147, 154, goto",58,   109: lookupswitch { |    1229209940: 144  | >>>1347179589: 147  |    1951551059: 154  |    144: goto 165,   109: lookupswitch { |    1229209940: 144  | >>>1347179589: 193  |    1951551059: 200  |    144: aload_0 
zombie/core/textures/PNGDecoder,readtRNS,()V,STRUCTURAL,64,63,-1,ORIG_EXTRA_INSN,"Original has extra: 148, goto",1,   0: aload_0  | >>>1: getfield #79 |    4: tableswitch { |    0: 36 ,   0: aload_0  | >>>1: getfield #73 |    4: tableswitch { |    0: 36 
zombie/core/textures/Pcx,loadPCX,(Ljava/net/URL;)I,STRUCTURAL,294,293,-1,BLOCK_REORDER,"Likely block reorder (sim=95.1%), added={'astore_2': 3, 'aload_2': 11, 'istore_3': 3, 'iload_3': 16, 'goto': 2}, removed={'astore': 1, 'aload': 8, 'istore': 1, 'iload': 2, 'astore_3': 6, 'aload_3': 7, 'istore_2': 2, 'iload_2': 14}",2,   0: aload_1  |    1: invokevirtual #36 | >>>4: astore 12 |    6: aload 12 |    8: invokevirtual #42,   0: aload_1  |    1: invokevirtual #36 | >>>4: astore_2  |    5: aload_2  |    6: invokevirtual #42
zombie/core/textures/Pcx,loadPCXminusPal,(Ljava/lang/String;)I,STRUCTURAL,363,362,-1,LARGE_STRUCTURAL_DIFF_-5,"Major structural diff=-5, similarity=94.8%",104,   160: aload_1  |    161: invokevirtual #126 | >>>164: astore 12 |    166: aload 12 |    168: ifnonnull 173,   160: aload_1  |    161: invokevirtual #126 | >>>164: astore_2  |    165: aload_2  |    166: ifnonnull 171
zombie/core/textures/Pcx,loadPCXpal,(Ljava/lang/String;)I,STRUCTURAL,156,152,-4,COUNT_DIFF_-4,"Instruction count diff=-4, goto diff=+0, return diff=+0",4,   5: aload_1  |    6: invokevirtual #126 | >>>9: astore 12 |    11: aload 12 |    13: ifnonnull 18,   5: aload_1  |    6: invokevirtual #126 | >>>9: astore_2  |    10: aload_2  |    11: ifnonnull 16
zombie/core/textures/Texture,getSharedTextureInternal,(Ljava/lang/String;I)Lzombie/core/textures/Texture;,STRUCTURAL,208,210,2,OPCODE_DIFF,3 opcode differences: #27 aload_0->aload_3; #31 aload_0->aload_3; #35 aload_0->aload_3,0,>>>0: getstatic #413 |    3: ifeq 14 |    6: invokestatic #418,>>>0: getstatic #411 |    3: ifeq 14 |    6: invokestatic #416
zombie/core/textures/Texture,renderwallnw,(FFFFIIIIII)V,SORTED_MULTISET,221,225,4,OPCODE_DIFF,4 opcode differences: #53 istore->dup; #54 ldc_w->istore; #150 istore->dup,0,>>>0: ldc_w #797 |    3: putstatic #779 |    6: ldc_w #797,>>>0: ldc_w #795 |    3: putstatic #777 |    6: ldc_w #795
zombie/core/textures/Texture,renderstrip,(IIIIFFFFLjava/util/function/Consumer;)V,STRUCTURAL,134,128,-6,BLOCK_REORDER,"Likely block reorder (sim=97.0%), added={}, removed={'fload': 3, 'fstore': 3}",54,   86: fstore 8 |    88: aload_0  | >>>89: invokevirtual #848 |    92: fstore 10 |    94: aload_0 ,   86: fstore 8 |    88: aload_0  | >>>89: invokevirtual #846 |    92: fstore 10 |    94: aload_0 
zombie/core/textures/Texture,split2D,([I[I)[[Lzombie/core/textures/Texture;,SORTED_MULTISET,93,97,4,OPCODE_DIFF,4 opcode differences: #13 fstore->dup; #14 fconst_0->fstore; #15 fstore->dup,10,"   12: aload_2  |    13: arraylength  | >>>14: multianewarray #944,  2 |    18: astore_3  |    19: fconst_0 ","   12: aload_2  |    13: arraylength  | >>>14: multianewarray #942,  2 |    18: astore_3  |    19: fconst_0 "
zombie/core/textures/TextureCombiner,createTexture,(II)Lzombie/core/textures/Texture;,SORTED_MULTISET,88,90,2,OPCODE_DIFF,4 opcode differences: #81 iconst_0->sipush; #82 putstatic->iconst_0; #83 sipush->dup,3,   1: iload_1  |    2: iload_2  | >>>3: invokevirtual #153 |    6: astore_3  |    7: aload_3 ,   1: iload_1  |    2: iload_2  | >>>3: invokevirtual #151 |    6: astore_3  |    7: aload_3 
zombie/core/textures/TextureCombiner,combine,(Ljava/util/ArrayList;)Lzombie/core/textures/Texture;,SORTED_MULTISET,375,377,2,OPCODE_DIFF,4 opcode differences: #370 iconst_0->sipush; #371 putstatic->iconst_0; #372 sipush->dup,0,>>>0: ldc #218 |    2: iconst_0  |    3: anewarray #4,>>>0: ldc #214 |    2: iconst_0  |    3: anewarray #2
zombie/core/textures/TextureDraw,run,()V,SORTED_MULTISET,440,439,-1,ORIG_EXTRA_INSN,"Original has extra: 1116, 1130, 1140",35,   28: 1067  |    29: 1094  | >>>30: 1113  |    31: 1116  |    32: 1130 ,   28: 1067  |    29: 1094  | >>>30: 1110  |    31: 1113  |    32: 1127 
zombie/core/textures/TextureFBO,init,(Lzombie/interfaces/ITexture;Z)V,SORTED_MULTISET,21,29,8,COUNT_DIFF_+4,"Instruction count diff=+4, goto diff=+0, return diff=+0",5,   5: aload_1  |    6: iload_2  | >>>7: invokevirtual #88 |    10: invokestatic #45 |    13: astore 4,   5: aload_1  |    6: iload_2  | >>>7: invokevirtual #86 |    10: invokestatic #45 |    13: astore 4
zombie/core/textures/TextureFBO,initInternal,(Lzombie/interfaces/ITexture;Z)V,SORTED_MULTISET,391,393,2,OPCODE_DIFF,4 opcode differences: #95 iconst_0->sipush; #96 putstatic->iconst_0; #97 sipush->dup,2,   0: invokestatic #45 |    3: astore_3  | >>>4: ldc #103 |    6: iconst_0  |    7: anewarray #67,   0: invokestatic #45 |    3: astore_3  | >>>4: ldc #101 |    6: iconst_0  |    7: anewarray #65
zombie/core/textures/TextureFBO,setTexture,(Lzombie/core/textures/Texture;)V,SORTED_MULTISET,17,21,4,RECOMP_EXTRA_2,"Recomp has 2 extra insns: {'istore': 1, 'aload_3': 1, 'iload': 1, 'iload_2': 1}",11,"   19: dup  |    20: putstatic #7 | >>>23: invokeinterface #91,  3 |    28: aload_0  |    29: aload_1 ","   19: dup  |    20: putstatic #7 | >>>23: invokeinterface #89,  3 |    28: aload_0  |    29: aload_1 "
zombie/core/textures/TextureFBO,reset,()V,SORTED_MULTISET,10,14,4,RECOMP_EXTRA_2,"Recomp has 2 extra insns: {'istore_1': 1, 'aload_0': 1, 'iload_1': 1, 'iconst_0': 1}",0,>>>0: getstatic #337 |    3: invokevirtual #367 |    6: getstatic #7,>>>0: getstatic #335 |    3: invokevirtual #365 |    6: getstatic #7
zombie/core/textures/TextureID,getData,()Lzombie/core/utils/WrappedBuffer;,SORTED_MULTISET,24,26,2,OPCODE_DIFF,4 opcode differences: #19 iconst_0->sipush; #20 putstatic->iconst_0; #21 sipush->dup,1,   0: aload_0  | >>>1: invokevirtual #374 |    4: pop  |    5: aload_0 ,   0: aload_0  | >>>1: invokevirtual #370 |    4: pop  |    5: aload_0 
zombie/core/utils/BooleanGrid,setValue,(IIZ)V,SORTED_MULTISET,52,54,2,COUNT_DIFF_+4,"Instruction count diff=+4, goto diff=+1, return diff=-1",3,   1: aload_0  |    2: getfield #7 | >>>5: if_icmpge 24 |    8: iload_1  |    9: iflt 24,   1: aload_0  |    2: getfield #7 | >>>5: if_icmpge 100 |    8: iload_1  |    9: iflt 100
zombie/core/utils/ExpandableBooleanList,setValue,(IZ)V,SORTED_MULTISET,77,79,2,COUNT_DIFF_+4,"Instruction count diff=+4, goto diff=+0, return diff=+0",59,   93: istore 4 |    95: iload_2  | >>>96: ifeq 113 |    99: aload_0  |    100: getfield #16,   93: istore 4 |    95: iload_2  | >>>96: ifeq 117 |    99: aload_0  |    100: getfield #16
zombie/core/utils/FibonacciHeap,dequeueMin,()Lzombie/core/utils/FibonacciHeap$Entry;,SORTED_MULTISET,211,210,-1,RECOMP_EXTRA_INSN,"Recomp has extra: checkcast, if_icmpge, checkcast",86,"   177: getfield #26 |    180: invokeinterface #71,  1 | >>>185: ifne 202 |    188: aload_0  |    189: getfield #26","   177: getfield #26 |    180: invokeinterface #71,  1 | >>>185: ifne 205 |    188: aload_0  |    189: getfield #26"
zombie/core/utils/HashMap$Bucket,put,(Ljava/lang/Object;Ljava/lang/Object;)V,STRUCTURAL,74,75,1,RECOMP_EXTRA_INSN,"Recomp has extra: goto, return",2,   0: aload_0  |    1: getfield #7 | >>>4: ifnonnull 36 |    7: aload_0  |    8: invokevirtual #13,   0: aload_0  |    1: getfield #7 | >>>4: ifnonnull 38 |    7: aload_0  |    8: invokevirtual #13
zombie/core/znet/SteamUtils,isValidSteamID,(Ljava/lang/String;)Z,SORTED_MULTISET,19,17,-2,ORIG_EXTRA_INSN,"Original has extra: goto, ireturn, iconst_1",14,   26: iconst_0  |    27: ireturn  | >>>28: goto 34 |    31: astore_1  |    32: iconst_0 ,   26: iconst_0  |    27: ireturn  | >>>28: iconst_1  |    29: ireturn  |    30: astore_1 
zombie/core/znet/SteamUtils,clientInitiateConnectionCallback,(J)I,STRUCTURAL,21,21,0,BRANCH_INV_RESTRUCTURED,1 inv + 2 other opcode diffs (block reorder),5,   9: lload_0  |    10: invokevirtual #303 | >>>13: ifne 26 |    16: getstatic #297 |    19: lload_0 ,   9: lload_0  |    10: invokevirtual #303 | >>>13: ifne 30 |    16: getstatic #297 |    19: lload_0 
zombie/core/znet/SteamWorkshopItem,getAllowedTags,()Ljava/util/ArrayList;,SORTED_MULTISET,59,61,2,RECOMP_EXTRA_2,"Recomp has 2 extra insns: {'aconst_null': 1, 'astore_2': 3, 'astore_3': 2, 'invokespecial': 1, 'astore': 2, 'aload': 5, 'aload_2': 3, 'aload_3': 3}",8,   13: invokevirtual #94 |    16: astore_1  | >>>17: new #98 |    20: dup  |    21: aload_1 ,   13: invokevirtual #94 |    16: astore_1  | >>>17: aconst_null  |    18: astore_2  |    19: new #98
zombie/core/znet/SteamWorkshopItem,validateFileTypes,(Ljava/nio/file/Path;)Ljava/lang/String;,STRUCTURAL,95,93,-2,COUNT_DIFF_+3,"Instruction count diff=+3, goto diff=-1, return diff=+0",8,"   12: aload_3  |    13: invokeinterface #234,  1 | >>>18: ifeq 214 |    21: aload_3  |    22: invokeinterface #239,  1","   12: aload_3  |    13: invokeinterface #234,  1 | >>>18: ifeq 222 |    21: aload_3  |    22: invokeinterface #239,  1"
zombie/core/znet/SteamWorkshopItem,validateMediaFolder,(Ljava/nio/file/Path;)Ljava/lang/String;,STRUCTURAL,54,52,-2,RECOMP_EXTRA_INSN,"Recomp has extra: aload, astore, aconst_null",8,"   12: aload_3  |    13: invokeinterface #234,  1 | >>>18: ifeq 98 |    21: aload_3  |    22: invokeinterface #239,  1","   12: aload_3  |    13: invokeinterface #234,  1 | >>>18: ifeq 102 |    21: aload_3  |    22: invokeinterface #239,  1"
zombie/core/znet/SteamWorkshopItem,validatePreviewImage,(Ljava/nio/file/Path;)Ljava/lang/String;,STRUCTURAL,86,84,-2,RECOMP_EXTRA_INSN,"Recomp has extra: astore, aload, aconst_null",46,   95: invokevirtual #387 |    98: sipush 256 | >>>101: if_icmpeq 120 |    104: ldc_w #390 |    107: astore 5,   95: invokevirtual #387 |    98: sipush 256 | >>>101: if_icmpeq 124 |    104: ldc_w #390 |    107: astore 5
zombie/core/znet/SteamWorkshopItem,writeWorkshopTxt,()Z,STRUCTURAL,117,115,-2,ORIG_EXTRA_INSN,"Original has extra: goto, ireturn, iconst_1",29,   57: getfield #64 |    60: ifnonnull 68 | >>>63: ldc #9 |    65: goto 72 |    68: aload_0 ,   57: getfield #64 |    60: ifnonnull 68 | >>>63: ldc #7 |    65: goto 72 |    68: aload_0 
zombie/creative/creativerects/OpenSimplexNoise,eval,(DDD)D,STRUCTURAL,1951,1943,-8,BLOCK_REORDER,"Likely block reorder (sim=99.6%), added={}, removed={'dload': 4, 'dstore': 4}",87,   142: dstore 38 |    144: dconst_0  | >>>145: dstore 58 |    147: dload 32 |    149: dconst_1 ,   142: dstore 38 |    144: dconst_0  | >>>145: dstore 40 |    147: dload 32 |    149: dconst_1 
zombie/creative/creativerects/OpenSimplexNoise,eval,(DDDD)D,STRUCTURAL,4887,4907,20,BLOCK_REORDER,"Likely block reorder (sim=99.6%), added={'iload': 12}, removed={'dload': 2, 'dstore': 4, 'dup': 12, 'dup2': 2}",114,   188: dstore 49 |    190: dconst_0  | >>>191: dstore 87 |    193: dload 41 |    195: dconst_1 ,   188: dstore 49 |    190: dconst_0  | >>>191: dstore 51 |    193: dload 41 |    195: dconst_1 
zombie/debug/DebugLogStream,printException,(Ljava/lang/Throwable;Ljava/lang/String;Ljava/lang/String;Lzombie/debug/LogSeverity;)V,SORTED_MULTISET,101,105,4,COUNT_DIFF_+4,"Instruction count diff=+4, goto diff=+1, return diff=-1",1,   0: aload_1  | >>>1: ifnonnull 11 |    4: aload_0  |    5: ldc #249,   0: aload_1  | >>>1: ifnonnull 13 |    4: aload_0  |    5: ldc #252
zombie/erosion/ErosionConfig,readFile,(Ljava/lang/String;)Z,SORTED_MULTISET,495,493,-2,ORIG_EXTRA_2,"Original has 2 extra insns: {'goto': 2, 'aload_3': 1, 'invokevirtual': 1, 'ireturn': 1, 'iconst_1': 1}",22,   38: astore 4 |    40: aload 4 | >>>42: ifnonnull 48 |    45: goto 1284 |    48: aload 4,   38: astore 4 |    40: aload 4 | >>>42: ifnonnull 51 |    45: aload_3  |    46: invokevirtual #278
zombie/erosion/ErosionMain,initConfig,()Z,STRUCTURAL,217,216,-1,ORIG_EXTRA_2,"Original has 2 extra insns: {'373': 1, '392': 1, 'goto': 1, 'ifne': 1, 'return': 1}",0,>>>0: ldc_w #373 |    3: astore_1  |    4: getstatic #60,>>>0: ldc_w #371 |    3: astore_1  |    4: getstatic #60
zombie/erosion/categories/NaturePlants,replaceExistingObject,(Lzombie/iso/IsoGridSquare;Lzombie/erosion/ErosionData$Square;Lzombie/erosion/ErosionData$Chunk;ZZ)Z,STRUCTURAL,199,200,1,RECOMP_EXTRA_INSN,"Recomp has extra: ifne, ldc, aload",10,   15: iload 7 |    17: iconst_1  | >>>18: if_icmplt 484 |    21: aload_1  |    22: invokevirtual #83,   15: iload 7 |    17: iconst_1  | >>>18: if_icmplt 487 |    21: aload_1  |    22: invokevirtual #83
zombie/erosion/categories/NatureTrees,init,()V,STRUCTURAL,294,294,0,CONST_POOL_DIFF,52 constant pool refs differ,55,   74: astore_1  |    75: aload_0  | >>>76: getfield #219 |    79: iconst_5  |    80: aaload ,   74: astore_1  |    75: aload_0  | >>>76: getfield #217 |    79: iconst_5  |    80: aaload 
zombie/erosion/season/ErosionIceQueen,setRoofSnow,()V,STRUCTURAL,431,429,-2,ORIG_EXTRA_INSN,"Original has extra: iload_2, istore_3, if_icmpgt",368,   674: iload_2  |    675: sipush 176 | >>>678: if_icmpge 813 |    681: iload_2  |    682: istore_3 ,   674: iload_2  |    675: sipush 176 | >>>678: if_icmpge 814 |    681: iload_2  |    682: sipush 136
zombie/fileSystem/DiskFileDevice$DiskFile,seek,(Lzombie/fileSystem/FileSeekMode;J)Z,SORTED_MULTISET,42,42,0,OPCODE_DIFF,4 opcode differences: #30 lload_2->aload_0; #31 aload_0->getfield; #32 getfield->invokevirtual,30,   76: lstore_2  |    77: goto 90 | >>>80: aload_0  |    81: getfield #47 |    84: invokevirtual #94,   76: lstore_2  |    77: goto 90 | >>>80: lload_2  |    81: aload_0  |    82: getfield #47
zombie/fileSystem/FileSystemImpl,cancelAsync,(I)V,SORTED_MULTISET,86,85,-1,ORIG_EXTRA_INSN,"Original has extra: return, ifeq, goto",2,   0: iload_1  |    1: iconst_m1  | >>>2: if_icmpne 6 |    5: return  |    6: iconst_0 ,   0: iload_1  |    1: iconst_m1  | >>>2: if_icmpne 8 |    5: goto 183 |    8: iconst_0 
zombie/fileSystem/FileSystemImpl,runAsync,(Lzombie/fileSystem/FileSystemImpl$AsyncItem;)I,SORTED_MULTISET,45,44,-1,ORIG_EXTRA_INSN,"Original has extra: ifeq, goto, invokestatic",15,   25: iconst_1  |    26: invokevirtual #168 | >>>29: ifeq 82 |    32: aload_1  |    33: aload_0 ,   25: iconst_1  |    26: invokevirtual #168 | >>>29: ifne 38 |    32: invokestatic #172 |    35: goto 20
zombie/fileSystem/FileSystemImpl,updateAsyncTransactions,()V,SORTED_MULTISET,173,172,-1,ORIG_EXTRA_INSN,"Original has extra: ifeq, goto, invokestatic",69,   142: iconst_1  |    143: invokevirtual #168 | >>>146: ifeq 301 |    149: iconst_1  |    150: istore_2 ,   142: iconst_1  |    143: invokevirtual #168 | >>>146: ifne 155 |    149: invokestatic #172 |    152: goto 137
zombie/fileSystem/FileSystemImpl,hasWork,()Z,SORTED_MULTISET,36,32,-4,BRANCH_INV_RESTRUCTURED,1 inv + 17 other opcode diffs (block reorder),15,   27: iconst_1  |    28: invokevirtual #168 | >>>31: ifeq 64 |    34: aload_0  |    35: getfield #45,   27: iconst_1  |    28: invokevirtual #168 | >>>31: ifne 40 |    34: invokestatic #172 |    37: goto 22
zombie/gameStates/AnimationViewerState,fromLua1,(Ljava/lang/String;Ljava/lang/Object;)Ljava/lang/Object;,STRUCTURAL,24,22,-2,ORIG_EXTRA_2,"Original has 2 extra insns: {'astore_3': 1, 'iconst_m1': 1, 'istore': 1, 'aload_3': 1, 'iload': 1}",0,>>>0: aload_1  |    1: astore_3  |    2: iconst_m1 ,>>>0: iconst_m1  |    1: istore_3  |    2: aload_1 
zombie/gameStates/AttachmentEditorState,fromLua0,(Ljava/lang/String;)Ljava/lang/Object;,STRUCTURAL,24,22,-2,ORIG_EXTRA_2,"Original has 2 extra insns: {'astore_2': 1, 'iconst_m1': 1, 'istore_3': 2, 'aload_2': 2, '28': 1, 'iload_3': 1, '60': 1}",0,>>>0: aload_1  |    1: astore_2  |    2: iconst_m1 ,>>>0: iconst_m1  |    1: istore_2  |    2: aload_1 
zombie/gameStates/AttachmentEditorState,fromLua1,(Ljava/lang/String;Ljava/lang/Object;)Ljava/lang/Object;,STRUCTURAL,51,49,-2,ORIG_EXTRA_2,"Original has 2 extra insns: {'astore_3': 1, 'iconst_m1': 1, 'istore': 2, 'aload_3': 2, '28': 1, 'iload': 1, '60': 1}",0,>>>0: aload_1  |    1: astore_3  |    2: iconst_m1 ,>>>0: iconst_m1  |    1: istore_3  |    2: aload_1 
zombie/gameStates/ChooseGameInfo,getMapDetails,(Ljava/lang/String;)Lzombie/gameStates/ChooseGameInfo$Map;,SORTED_MULTISET,172,174,2,RECOMP_EXTRA_2,"Recomp has 2 extra insns: {'astore': 1, 'aconst_null': 1, 'aload_2': 1}",55,   114: aconst_null  |    115: astore 5 | >>>117: aload 4 |    119: invokevirtual #77 |    122: dup ,   114: aconst_null  |    115: astore 5 | >>>117: aconst_null  |    118: astore 6 |    120: aload 4
zombie/gameStates/ChooseGameInfo,readModInfoAux,(Ljava/lang/String;)Lzombie/gameStates/ChooseGameInfo$Mod;,SORTED_MULTISET,509,514,5,COUNT_DIFF_+3,"Instruction count diff=+3, goto diff=+3, return diff=+0",1,   0: aload_0  | >>>1: ifnull 1296 |    4: getstatic #40 |    7: aload_0 ,   0: aload_0  | >>>1: ifnull 1303 |    4: getstatic #40 |    7: aload_0 
zombie/gameStates/ConnectToServerState,WorkshopQuery,()V,STRUCTURAL,71,72,1,RECOMP_EXTRA_GOTO,Recomp has 2 extra goto(s),3,   1: getfield #423 |    4: invokevirtual #501 | >>>7: ifeq 132 |    10: aload_0  |    11: getfield #423,   1: getfield #423 |    4: invokevirtual #501 | >>>7: ifeq 134 |    10: aload_0  |    11: getfield #423
zombie/gameStates/ConnectToServerState,FromLua,(Ljava/lang/String;)V,STRUCTURAL,54,53,-1,ORIG_EXTRA_RETURN,Original has extra return,12,   24: aload_1  |    25: invokevirtual #629 | >>>28: ifeq 67 |    31: aload_0  |    32: getfield #77,   24: aload_1  |    25: invokevirtual #629 | >>>28: ifeq 69 |    31: aload_0  |    32: getfield #77
zombie/gameStates/ConnectToServerState$WorkshopItem,update,()V,STRUCTURAL,16,15,-1,ORIG_EXTRA_INSN,"Original has extra: 61, goto",9,   2: 47  |    3: 54  | >>>4: 61  |    40: aload_0  |    41: invokevirtual #35,   2: 47  |    3: 54  | >>>4: 58  |    40: aload_0  |    41: invokevirtual #35
zombie/gameStates/ConnectToServerState$WorkshopItem,CheckItemState,()V,STRUCTURAL,130,130,0,GOTO_RETURN_SWAP,7 goto/return swaps: #24 goto->return; #31 goto->return; #83 goto->return,14,   30: lload_1  |    31: invokevirtual #76 | >>>34: ifne 73 |    37: getstatic #53 |    40: aload_0 ,   30: lload_1  |    31: invokevirtual #76 | >>>34: ifne 77 |    37: getstatic #53 |    40: aload_0 
zombie/gameStates/ConnectToServerState$WorkshopItem,DownloadPending,()V,STRUCTURAL,58,57,-1,ORIG_EXTRA_RETURN,Original has extra return,21,   37: lload_3  |    38: invokevirtual #76 | >>>41: ifeq 117 |    44: iconst_2  |    45: newarray long,   37: lload_3  |    38: invokevirtual #76 | >>>41: ifeq 116 |    44: iconst_2  |    45: newarray long
zombie/gameStates/DebugChunkState,fromLua2,(Ljava/lang/String;Ljava/lang/Object;Ljava/lang/Object;)Ljava/lang/Object;,STRUCTURAL,53,51,-2,ORIG_EXTRA_2,"Original has 2 extra insns: {'aload_1': 1, 'astore': 1, 'aload': 2, '64': 1}",0,>>>0: aload_1  |    1: astore 4 |    3: iconst_m1 ,>>>0: iconst_m1  |    1: istore 4 |    3: aload_1 
zombie/gameStates/DebugChunkState,lineClearCached,(Lzombie/iso/IsoCell;IIIIIIZ)Lzombie/iso/LosUtil$TestResults;,STRUCTURAL,489,483,-6,BLOCK_REORDER,"Likely block reorder (sim=98.8%), added={}, removed={'iload': 3, 'istore': 3}",0,>>>0: iload 5 |    2: istore 9 |    4: iload 6,>>>0: iload 7 |    2: istore 9 |    4: iload 6
zombie/gameStates/DebugGlobalObjectState,renderScene,()V,SORTED_MULTISET,127,129,2,OPCODE_DIFF,2 opcode differences: #93 fstore->dup; #94 ldc_w->fstore,0,>>>0: getstatic #234 |    3: aload_0  |    4: getfield #27,>>>0: getstatic #232 |    3: aload_0  |    4: getfield #27
zombie/gameStates/DebugGlobalObjectState,fromLua2,(Ljava/lang/String;Ljava/lang/Object;Ljava/lang/Object;)Ljava/lang/Object;,STRUCTURAL,53,51,-2,ORIG_EXTRA_2,"Original has 2 extra insns: {'aload_1': 1, 'astore': 1, 'aload': 2, '64': 1}",0,>>>0: aload_1  |    1: astore 4 |    3: iconst_m1 ,>>>0: iconst_m1  |    1: istore 4 |    3: aload_1 
zombie/gameStates/IngameState,exit,()V,STRUCTURAL,439,439,0,ORIG_EXTRA_INSN,"Original has extra: goto, ldc2_w, invokestatic",98,   231: fconst_1  |    232: fcmpl  | >>>233: iflt 239 |    236: goto 253 |    239: ldc2_w #938,   231: fconst_1  |    232: fcmpl  | >>>233: iflt 1141 |    236: iload_3  |    237: putstatic #681
zombie/gameStates/MainScreenState,exit,()V,STRUCTURAL,48,48,0,ORIG_EXTRA_INSN,"Original has extra: goto, ldc2_w, invokestatic",1,"   0: ldc_w #540 | >>>3: invokestatic #159 |    6: getstatic #542 |    9: invokedynamic #545,  0","   0: ldc_w #540 | >>>3: invokestatic #157 |    6: getstatic #542 |    9: invokedynamic #545,  0"
zombie/globalObjects/SGlobalObjectSystem,load,()V,SORTED_MULTISET,128,124,-4,BLOCK_REORDER,"Likely block reorder (sim=97.6%), added={'ifne': 1}, removed={'goto': 5, 'ifeq': 1}",48,   95: iload 7 |    97: bipush 71 | >>>99: if_icmpne 195 |    102: iload 8 |    104: bipush 76,   95: iload 7 |    97: bipush 71 | >>>99: if_icmpne 204 |    102: iload 8 |    104: bipush 76
zombie/input/JoypadManager,doControllerFile,(Lzombie/input/JoypadManager$Joypad;)V,STRUCTURAL,573,573,0,RECOMP_EXTRA_INSN,"Recomp has extra: ldc, goto, ifeq",0,>>>0: new #88 |    3: dup  |    4: getstatic #90,>>>0: new #84 |    3: dup  |    4: getstatic #86
zombie/inventory/CompressIdenticalItems,setCompareItem,(Lzombie/inventory/CompressIdenticalItems$PerThreadData;Lzombie/inventory/InventoryItem;)Z,SORTED_MULTISET,56,55,-1,COUNT_DIFF_+4,"Instruction count diff=+4, goto diff=-3, return diff=+0",35,   54: invokevirtual #61 |    57: pop  | >>>58: goto 81 |    61: astore 4 |    63: aload_2 ,   54: invokevirtual #61 |    57: pop  | >>>58: iconst_1  |    59: istore 5 |    61: aload_1 
zombie/inventory/CompressIdenticalItems,areItemsIdentical,(Lzombie/inventory/CompressIdenticalItems$PerThreadData;Lzombie/inventory/InventoryItem;Lzombie/inventory/InventoryItem;)Z,FUZZY_COMPUTATION,146,149,3,COUNT_DIFF_+4,"Instruction count diff=+4, goto diff=-1, return diff=+0",124,"   244: iinc 11, 1 |    247: goto 199 | >>>250: goto 283 |    253: astore 7 |    255: aload 5","   244: iinc 11, 1 |    247: goto 199 | >>>250: iconst_1  |    251: istore 11 |    253: aload_2 "
zombie/inventory/InventoryItem,DoTooltip,(Lzombie/ui/ObjectTooltip;)V,SORTED_MULTISET,1172,1172,0,BLOCK_REORDER,"Likely block reorder (sim=99.4%), added={'iinc': 2}, removed={'istore': 2, 'iload': 2, 'iadd': 2, 'bipush': 2}",1,   0: aload_1  | >>>1: invokevirtual #673 |    4: aload_1  |    5: invokevirtual #678,   0: aload_1  | >>>1: invokevirtual #671 |    4: aload_1  |    5: invokevirtual #676
zombie/inventory/InventoryItem,getReplaceOnUseOnString,()Ljava/lang/String;,SORTED_MULTISET,25,23,-2,ORIG_EXTRA_2,"Original has 2 extra insns: {'aload_1': 1, 'astore_2': 1, 'aload_2': 1}",1,   0: aload_0  | >>>1: invokevirtual #1855 |    4: astore_1  |    5: aload_1 ,   0: aload_0  | >>>1: invokevirtual #1851 |    4: astore_1  |    5: aload_1 
zombie/inventory/ItemPickerJava,ParseSuburbsDistributions,()V,STRUCTURAL,109,109,0,GOTO_RETURN_SWAP,1 goto/return swaps: #144 goto->return,38,   97: invokevirtual #130 |    100: pop  | >>>101: goto 29 |    104: new #131 |    107: dup ,   97: invokevirtual #130 |    100: pop  | >>>101: goto 352 |    104: new #131 |    107: dup 
zombie/inventory/ItemPickerJava,fillContainer,(Lzombie/inventory/ItemContainer;Lzombie/characters/IsoPlayer;)V,SORTED_MULTISET,227,224,-3,COUNT_DIFF_-4,"Instruction count diff=-4, goto diff=+1, return diff=-5",1,   0: getstatic #486 | >>>3: ifne 18 |    6: ldc_w #491 |    9: getstatic #493,   0: getstatic #486 | >>>3: ifne 612 |    6: ldc_w #491 |    9: getstatic #493
zombie/inventory/RecipeManager,hasHeat,(Lzombie/scripting/objects/Recipe;Lzombie/inventory/InventoryItem;Ljava/util/ArrayList;Lzombie/characters/IsoGameCharacter;)Z,STRUCTURAL,77,73,-4,BRANCH_INV_RESTRUCTURED,1 inv + 3 other opcode diffs (block reorder),24,   47: aload 6 |    49: instanceof #450 | >>>52: ifeq 62 |    55: aload 6 |    57: astore 4,   47: aload 6 |    49: instanceof #450 | >>>52: ifne 58 |    55: goto 25 |    58: aload 6
zombie/inventory/RecipeManager,PerformMakeItem,(Lzombie/scripting/objects/Recipe;Lzombie/inventory/InventoryItem;Lzombie/characters/IsoGameCharacter;Ljava/util/ArrayList;)Lzombie/inventory/InventoryItem;,STRUCTURAL,524,524,0,BRANCH_INV_RESTRUCTURED,1 inv + 499 other opcode diffs (block reorder),29,   48: aload 7 |    50: invokevirtual #417 | >>>53: ifeq 67 |    56: new #485 |    59: dup ,   48: aload 7 |    50: invokevirtual #417 | >>>53: ifne 1203 |    56: aload_2  |    57: aload_1 
zombie/inventory/types/Clothing,DoTooltip,(Lzombie/ui/ObjectTooltip;Lzombie/ui/ObjectTooltip$Layout;)V,SORTED_MULTISET,838,839,1,RECOMP_EXTRA_INSN,"Recomp has extra: fstore_3, astore, astore",1,   0: fconst_1  | >>>1: fstore 4 |    3: fconst_1  |    4: fstore 5,   0: fconst_1  | >>>1: fstore_3  |    2: fconst_1  |    3: fstore 4
zombie/inventory/types/Moveable,ReadFromWorldSprite,(Ljava/lang/String;)Z,STRUCTURAL,335,337,2,OPCODE_DIFF,4 opcode differences: #172 aload_0->dup; #182 aload_0->dup; #252 aload_1->aload,27,   51: astore_2  |    52: aload_2  | >>>53: ifnull 759 |    56: aload_2  |    57: invokevirtual #124,   51: astore_2  |    52: aload_2  | >>>53: ifnull 757 |    56: aload_2  |    57: invokevirtual #124
zombie/iso/BrokenFences,addDebrisObject,(Lzombie/iso/IsoObject;Lzombie/iso/IsoDirections;)V,SORTED_MULTISET,85,87,2,RECOMP_EXTRA_2,"Recomp has 2 extra insns: {'astore': 1, 'aconst_null': 1, '76': 1, '97': 1, '110': 1, '131': 1}",15,   27: aload_1  |    28: invokevirtual #150 | >>>31: astore 5 |    33: getstatic #406 |    36: aload_2 ,   27: aload_1  |    28: invokevirtual #150 | >>>31: astore 4 |    33: aconst_null  |    34: astore 5
zombie/iso/CellLoader,LoadCellBinaryChunk,(Lzombie/iso/sprite/IsoSpriteManager;II)Lzombie/iso/IsoCell;,SORTED_MULTISET,148,148,0,OPCODE_DIFF,24 opcode differences: #49 aload_3->iload_1; #50 getfield->aload_3; #51 iload->getfield,19,   37: istore 4 |    39: iconst_1  | >>>40: istore 4 |    42: getstatic #462 |    45: ifne 252,   37: istore 4 |    39: iconst_1  | >>>40: istore 5 |    42: getstatic #462 |    45: ifne 256
zombie/iso/CellLoader,RecurseMultitileObjects,(Lzombie/iso/IsoCell;Lzombie/iso/IsoGridSquare;Lzombie/iso/IsoGridSquare;Ljava/util/ArrayList;)V,SORTED_MULTISET,161,160,-1,RECOMP_EXTRA_2,"Recomp has 2 extra insns: {'ifne': 2, 'goto': 3, 'if_icmpeq': 1}",9,"   13: istore 6 |    15: aload 4 | >>>17: ifnull 227 |    20: aload 4 |    22: invokeinterface #689,  1","   13: istore 6 |    15: aload 4 | >>>17: ifnull 233 |    20: aload 4 |    22: invokeinterface #689,  1"
zombie/iso/ChunkSaveWorker,Update,(Lzombie/iso/IsoChunk;)V,STRUCTURAL,54,56,2,BRANCH_INV_RESTRUCTURED,1 inv + 26 other opcode diffs (block reorder),18,   30: aload_0  |    31: getfield #33 | >>>34: ifne 38 |    37: return  |    38: aload_1 ,   30: aload_0  |    31: getfield #33 | >>>34: ifeq 154 |    37: aload_1  |    38: ifnull 105
zombie/iso/Helicopter,update,()V,STRUCTURAL,488,488,0,ORIG_EXTRA_INSN,"Original has extra: return, getstatic, ifeq",2,   0: aload_0  |    1: getfield #62 | >>>4: ifne 8 |    7: return  |    8: getstatic #26,   0: aload_0  |    1: getfield #62 | >>>4: ifeq 1052 |    7: getstatic #26 |    10: ifne 1048
zombie/iso/IsoCell,getChunkForGridSquare,(III)Lzombie/iso/IsoChunk;,SORTED_MULTISET,74,74,0,ORIG_EXTRA_INSN,"Original has extra: ifge, goto, iload_1",8,   9: iload 6 |    11: getstatic #116 | >>>14: if_icmpge 133 |    17: aload_0  |    18: getfield #35,   9: iload 6 |    11: getstatic #116 | >>>14: if_icmpge 132 |    17: aload_0  |    18: getfield #35
zombie/iso/IsoCell,recalculateAnyGridStacks,(Lzombie/iso/IsoCell$PerPlayerRender;IIJ)V,SORTED_MULTISET,440,444,4,COUNT_DIFF_+3,"Instruction count diff=+3, goto diff=+0, return diff=-1",0,>>>0: getstatic #747 |    3: iload_3  |    4: aaload ,>>>0: getstatic #745 |    3: iload_3  |    4: aaload 
zombie/iso/IsoCell,IsCollapsibleBuildingSquare,(Lzombie/iso/IsoGridSquare;)Z,SORTED_MULTISET,155,151,-4,COUNT_DIFF_-3,"Instruction count diff=-3, goto diff=-3, return diff=+0",1,   0: aload_1  | >>>1: invokevirtual #1268 |    4: getstatic #1499 |    7: invokevirtual #1278,   0: aload_1  | >>>1: invokevirtual #1266 |    4: getstatic #1497 |    7: invokevirtual #1276
zombie/iso/IsoCell,getRandomOutdoorTile,()Lzombie/iso/IsoGridSquare;,SORTED_MULTISET,42,44,2,RECOMP_EXTRA_2,"Recomp has 2 extra insns: {'aconst_null': 1, 'astore_2': 2, 'aload_2': 6}",2,   0: aconst_null  |    1: astore_1  | >>>2: aload_0  |    3: aload_0  |    4: getfield #35,   0: aconst_null  |    1: astore_1  | >>>2: aconst_null  |    3: astore_2  |    4: aload_0 
zombie/iso/IsoCell,renderInternal,()V,SORTED_MULTISET,1321,1323,2,COUNT_DIFF_+4,"Instruction count diff=+4, goto diff=+0, return diff=+0",3,   3: getfield #527 |    6: istore_1  | >>>7: getstatic #747 |    10: iload_1  |    11: aaload ,   3: getfield #527 |    6: istore_1  | >>>7: getstatic #745 |    10: iload_1  |    11: aaload 
zombie/iso/IsoCell,IsBehindStuff,(Lzombie/iso/IsoGridSquare;)Z,STRUCTURAL,103,104,1,ORIG_EXTRA_INSN,"Original has extra: if_icmplt, goto, if_icmple",1,   0: aload_1  | >>>1: invokevirtual #1268 |    4: getstatic #1571 |    7: invokevirtual #1278,   0: aload_1  | >>>1: invokevirtual #1266 |    4: getstatic #1569 |    7: invokevirtual #1276
zombie/iso/IsoCell,getRandomFreeTile,()Lzombie/iso/IsoGridSquare;,SORTED_MULTISET,77,79,2,RECOMP_EXTRA_2,"Recomp has 2 extra insns: {'aconst_null': 1, 'astore_3': 2, 'aload_3': 12}",4,   2: iconst_1  |    3: istore_2  | >>>4: iconst_1  |    5: istore_2  |    6: aload_0 ,   2: iconst_1  |    3: istore_2  | >>>4: aconst_null  |    5: astore_3  |    6: iconst_1 
zombie/iso/IsoCell,getRandomOutdoorFreeTile,()Lzombie/iso/IsoGridSquare;,SORTED_MULTISET,83,85,2,RECOMP_EXTRA_2,"Recomp has 2 extra insns: {'aconst_null': 1, 'astore_3': 2, 'aload_3': 13}",4,   2: iconst_1  |    3: istore_2  | >>>4: iconst_1  |    5: istore_2  |    6: aload_0 ,   2: iconst_1  |    3: istore_2  | >>>4: aconst_null  |    5: astore_3  |    6: iconst_1 
zombie/iso/IsoCell,getRelativeGridSquare,(III)Lzombie/iso/IsoGridSquare;,SORTED_MULTISET,40,44,4,COUNT_DIFF_+4,"Instruction count diff=+4, goto diff=+0, return diff=+0",5,   5: aaload  |    6: invokevirtual #137 | >>>9: aload_0  |    10: getfield #35 |    13: iconst_0 ,   5: aaload  |    6: invokevirtual #137 | >>>9: istore 4 |    11: aload_0  |    12: getfield #35
zombie/iso/IsoCell$SnowGrid,init,(I)Lzombie/iso/IsoCell$SnowGrid;,SORTED_MULTISET,708,713,5,BLOCK_REORDER,"Likely block reorder (sim=95.6%), added={'dup': 5, 'invokestatic': 5, 'pop': 5, 'iload_3': 18}, removed={'iload': 18}",3,   1: getfield #1 |    4: getfield #37 | >>>7: ifne 604 |    10: aload_0  |    11: getfield #1,   1: getfield #1 |    4: getfield #37 | >>>7: ifne 629 |    10: aload_0  |    11: getfield #1
zombie/iso/IsoChunk,AddCorpses,(II)V,SORTED_MULTISET,241,243,2,RECOMP_EXTRA_2,"Recomp has 2 extra insns: {'goto': 1, 'aconst_null': 1, 'astore': 1}",0,>>>0: invokestatic #234 |    3: ifne 17 |    6: ldc #239,>>>0: invokestatic #226 |    3: ifne 530 |    6: ldc #231
zombie/iso/IsoChunk,AddVehicles_OnZone,(Lzombie/iso/IsoMetaGrid$VehicleZone;Ljava/lang/String;)V,SORTED_MULTISET,740,739,-1,ORIG_EXTRA_INSN,"Original has extra: goto, 356, 359",0,>>>0: getstatic #713 |    3: astore_3  |    4: iconst_3 ,>>>0: getstatic #707 |    3: astore_3  |    4: iconst_3 
zombie/iso/IsoChunk,RandomizeModel,(Lzombie/vehicles/BaseVehicle;Lzombie/iso/IsoMetaGrid$Zone;Ljava/lang/String;Lzombie/vehicles/VehicleType;)Z,STRUCTURAL,87,85,-2,ORIG_EXTRA_INSN,"Original has extra: goto, ireturn, iconst_1",1,   0: aload 4 | >>>2: getfield #905 |    5: invokevirtual #908 |    8: ifeq 25,   0: aload 4 | >>>2: getfield #897 |    5: invokevirtual #900 |    8: ifeq 25
zombie/iso/IsoChunk,LoadOrCreate,(IILjava/nio/ByteBuffer;)Z,STRUCTURAL,72,72,0,ORIG_EXTRA_INSN,"Original has extra: ireturn, aload_0, iload_1",2,   0: aload_0  |    1: iload_1  | >>>2: putfield #43 |    5: aload_0  |    6: iload_2 ,   0: aload_0  |    1: iload_1  | >>>2: putfield #39 |    5: aload_0  |    6: iload_2 
zombie/iso/IsoChunk,SafeRead,(Ljava/lang/String;IILjava/nio/ByteBuffer;)Ljava/nio/ByteBuffer;,SORTED_MULTISET,83,85,2,RECOMP_EXTRA_2,"Recomp has 2 extra insns: {'aconst_null': 1, 'astore_3': 1}",2,   0: iload_1  |    1: iload_2  | >>>2: invokestatic #2439 |    5: astore 4 |    7: aload 4,   0: iload_1  |    1: iload_2  | >>>2: invokestatic #2437 |    5: astore 4 |    7: aload 4
zombie/iso/IsoChunkMap,processAllLoadGridSquare,()V,FUZZY_COMPUTATION,52,50,-2,ORIG_EXTRA_2,"Original has 2 extra insns: {'invokevirtual': 1, 'getstatic': 1, 'istore_2': 2, 'iload_2': 3, 'astore_1': 2, 'aload_1': 9, 'istore_3': 1, 'iload_3': 1, 'istore': 1, 'iload': 2}",0,>>>0: getstatic #139 |    3: invokevirtual #148 |    6: checkcast #84,>>>0: getstatic #137 |    3: invokevirtual #146 |    6: checkcast #82
zombie/iso/IsoChunkMap,copy,(Lzombie/iso/IsoChunkMap;)V,STRUCTURAL,81,83,2,OPCODE_DIFF,6 opcode differences: #2 aload_0->aload_2; #6 aload_0->aload_2; #10 aload_0->aload_2,2,   0: aload_0  |    1: astore_2  | >>>2: aload_2  |    3: aload_1  |    4: getfield #26,   0: aload_0  |    1: astore_2  | >>>2: aload_0  |    3: aload_1  |    4: getfield #24
zombie/iso/IsoGridSquare,DoCutawayShader,(Lzombie/iso/IsoObject;Lzombie/iso/IsoDirections;ZZZZZZZLzombie/iso/sprite/shapers/WallShaperWhole;)V,SORTED_MULTISET,721,733,12,ORIG_EXTRA_2,"Original has 2 extra insns: {'return': 2, '328': 6, 'dup': 6, '316': 6, 'iload_2': 1, 'istore_2': 1}",0,>>>0: ldc_w #737 |    3: invokestatic #739 |    6: astore 11,>>>0: ldc_w #731 |    3: invokestatic #733 |    6: astore 11
zombie/iso/IsoGridSquare,toBoolean,([B)Z,STRUCTURAL,11,11,0,BRANCH_INV_RESTRUCTURED,1 inv + 7 other opcode diffs (block reorder),1,   0: aload_0  | >>>1: ifnull 9 |    4: aload_0  |    5: arraylength ,   0: aload_0  | >>>1: ifnull 23 |    4: aload_0  |    5: arraylength 
zombie/iso/IsoGridSquare,BurnWallsTCOnly,()V,STRUCTURAL,17,17,0,ORIG_EXTRA_GOTO,Original has 1 extra goto(s),4,   2: iload_1  |    3: aload_0  | >>>4: getfield #325 |    7: invokevirtual #329 |    10: if_icmpge 41,   2: iload_1  |    3: aload_0  | >>>4: getfield #323 |    7: invokevirtual #327 |    10: if_icmpge 38
zombie/iso/IsoGridSquare,CalculateCollide,(Lzombie/iso/IsoGridSquare;ZZZZLzombie/iso/IsoGridSquare$GetSquare;)Z,SORTED_MULTISET,1094,1094,0,BRANCH_INVERSION_ONLY,4 inversions: #274 ifne->ifeq; #769 ifne->ifeq; #788 ifne->ifeq,13,   17: ifeq 33 |    20: aload_1  | >>>21: getfield #221 |    24: getstatic #2779 |    27: invokevirtual #250,   17: ifeq 33 |    20: aload_1  | >>>21: getfield #219 |    24: getstatic #2773 |    27: invokevirtual #248
zombie/iso/IsoGridSquare,testVisionAdjacent,(IIIZZ)Lzombie/iso/LosUtil$TestResults;,STRUCTURAL,424,420,-4,COUNT_DIFF_-3,"Instruction count diff=-3, goto diff=-1, return diff=+0",18,   26: iconst_1  |    27: if_icmple 34 | >>>30: getstatic #2962 |    33: areturn  |    34: iload_3 ,   26: iconst_1  |    27: if_icmple 34 | >>>30: getstatic #2956 |    33: areturn  |    34: iload_3 
zombie/iso/IsoGridSquare,drawCircleExplosion,(ILzombie/iso/objects/IsoTrap;Lzombie/iso/objects/IsoTrap$ExplosionMode;)V,STRUCTURAL,179,178,-1,ORIG_EXTRA_INSN,"Original has extra: if_acmpne, goto",6,   8: istore_1  |    9: aload_0  | >>>10: invokevirtual #1216 |    13: iload_1  |    14: isub ,   8: istore_1  |    9: aload_0  | >>>10: invokevirtual #1208 |    13: iload_1  |    14: isub 
zombie/iso/IsoMetaGrid,registerGeometryZone,(Ljava/lang/String;Ljava/lang/String;ILjava/lang/String;Lse/krka/kahlua/vm/KahluaTable;Lse/krka/kahlua/vm/KahluaTable;)Lzombie/iso/IsoMetaGrid$Zone;,SORTED_MULTISET,215,221,6,BLOCK_REORDER,"Likely block reorder (sim=95.3%), added={'aload': 1, 'astore': 4, 'aconst_null': 1, '204': 1, '238': 1, '280': 1, '296': 1, 'ifnull': 1}, removed={'200': 1, '234': 1, '276': 1, '282': 1, 'ifnonnull': 1}",66,"   149: iinc 12, 2 |    152: goto 39 | >>>155: aload 4 |    157: astore 13 |    159: iconst_m1 ","   149: iinc 12, 2 |    152: goto 39 | >>>155: aconst_null  |    156: astore 12 |    158: aload 4"
zombie/iso/IsoMetaGrid,load,(Ljava/nio/ByteBuffer;)V,STRUCTURAL,606,607,1,OPCODE_DIFF,46 opcode differences: #5 istore_2->istore_3; #8 istore_3->istore; #15 iload_2->iload_3,5,   5: aload_1  |    6: invokevirtual #842 | >>>9: istore_3  |    10: aload_1  |    11: invokevirtual #842,   5: aload_1  |    6: invokevirtual #842 | >>>9: istore_2  |    10: aload_1  |    11: invokevirtual #842
zombie/iso/IsoMetaGrid,getRandomRoomNotInRange,(FFI)Lzombie/iso/RoomDef;,SORTED_MULTISET,37,41,4,COUNT_DIFF_+4,"Instruction count diff=+4, goto diff=+0, return diff=+0",4,   3: aconst_null  |    4: astore 5 | >>>6: getstatic #961 |    9: getstatic #967 |    12: getstatic #967,   3: aconst_null  |    4: astore 5 | >>>6: aconst_null  |    7: astore 6 |    9: aconst_null 
zombie/iso/IsoMetaGrid,loadZone,(Ljava/nio/ByteBuffer;I)V,SORTED_MULTISET,435,435,0,BRANCH_INV_RESTRUCTURED,1 inv + 335 other opcode diffs (block reorder),2,   0: iload_2  |    1: iconst_m1  | >>>2: if_icmpne 70 |    5: aload_1  |    6: invokevirtual #842,   0: iload_2  |    1: iconst_m1  | >>>2: if_icmpne 67 |    5: aload_1  |    6: invokevirtual #842
zombie/iso/IsoMetaGrid,saveZone,(Ljava/nio/ByteBuffer;)V,SORTED_MULTISET,295,291,-4,OPCODE_DIFF,5 opcode differences: #221 ifeq->iconst_1; #222 iconst_1->if_icmpne; #223 goto->iconst_1,86,   172: new #1022 |    175: dup  | >>>176: ldc_w #1209 |    179: invokespecial #1026 |    182: athrow ,   172: new #1022 |    175: dup  | >>>176: ldc_w #1207 |    179: invokespecial #1026 |    182: athrow 
zombie/iso/IsoMovingObject,postupdate,()V,STRUCTURAL,732,732,0,BRANCH_INV_RESTRUCTURED,1 inv + 7 other opcode diffs (block reorder),1,   0: aload_0  | >>>1: ldc_w #257 |    4: invokestatic #644 |    7: checkcast #257,   0: aload_0  | >>>1: ldc #255 |    3: invokestatic #642 |    6: checkcast #255
zombie/iso/IsoMovingObject,canHaveMultipleHits,()B,STRUCTURAL,111,110,-1,ORIG_EXTRA_INSN,"Original has extra: if_acmpne, goto",2,   0: iconst_0  |    1: istore_1  | >>>2: getstatic #290 |    5: getfield #295 |    8: invokevirtual #206,   0: iconst_0  |    1: istore_1  | >>>2: getstatic #288 |    5: getfield #293 |    8: invokevirtual #202
zombie/iso/IsoObject,getNew,(Lzombie/iso/IsoGridSquare;Ljava/lang/String;Ljava/lang/String;Z)Lzombie/iso/IsoObject;,SORTED_MULTISET,57,59,2,RECOMP_EXTRA_2,"Recomp has 2 extra insns: {'aconst_null': 1, 'astore': 1}",2,   0: aconst_null  |    1: astore 4 | >>>3: getstatic #218 |    6: dup  |    7: astore 5,   0: aconst_null  |    1: astore 4 | >>>3: aconst_null  |    4: astore 5 |    6: getstatic #216
zombie/iso/IsoObject,renderOverlaySprites,(FFFLzombie/core/textures/ColorInfo;)V,SORTED_MULTISET,101,102,1,RECOMP_EXTRA_2,"Recomp has 2 extra insns: {'goto': 1, 'aload_0': 1, 'getfield': 1, 'iload': 1}",2,   0: aload_0  |    1: invokevirtual #1039 | >>>4: ifnull 25 |    7: getstatic #1956 |    10: getfield #2031,   0: aload_0  |    1: invokevirtual #1039 | >>>4: ifnull 209 |    7: getstatic #1956 |    10: getfield #2031
zombie/iso/IsoObjectPicker,ContextPick,(II)Lzombie/iso/IsoObjectPicker$ClickObject;,STRUCTURAL,450,450,0,COUNT_DIFF_-4,"Instruction count diff=-4, goto diff=-2, return diff=+0",29,   48: istore 5 |    50: iload 5 | >>>52: iflt 914 |    55: aload_0  |    56: getfield #28,   48: istore 5 |    50: iload 5 | >>>52: iflt 908 |    55: aload_0  |    56: getfield #28
zombie/iso/IsoObjectPicker,PickCorpse,(II)Lzombie/iso/IsoObject;,STRUCTURAL,106,105,-1,ORIG_EXTRA_INSN,"Original has extra: ifge, goto",21,   32: istore 5 |    34: iload 5 | >>>36: iflt 218 |    39: aload_0  |    40: getfield #28,   32: istore 5 |    34: iload 5 | >>>36: iflt 215 |    39: aload_0  |    40: getfield #28
zombie/iso/IsoPuddles$PuddlesFloat,calculate,()V,STRUCTURAL,9,10,1,RECOMP_EXTRA_GOTO,Recomp has 1 extra goto(s),2,   0: aload_0  |    1: getfield #7 | >>>4: ifeq 16 |    7: aload_0  |    8: aload_0 ,   0: aload_0  |    1: getfield #7 | >>>4: ifeq 18 |    7: aload_0  |    8: aload_0 
zombie/iso/IsoRoofFixer,getRoofFloorForColumn,(Lzombie/iso/IsoGridSquare;)Lzombie/iso/IsoGridSquare;,SORTED_MULTISET,295,296,1,LARGE_STRUCTURAL_DIFF_+5,"Major structural diff=+5, similarity=84.4%",7,   9: astore_1  |    10: iconst_0  | >>>11: istore_3  |    12: iconst_0  |    13: istore 4,   9: astore_1  |    10: iconst_0  | >>>11: istore_2  |    12: iconst_0  |    13: istore_3 
zombie/iso/IsoWaterGeometry,hideWaterObjects,(Lzombie/iso/IsoGridSquare;)V,STRUCTURAL,84,83,-1,ORIG_EXTRA_INSN,"Original has extra: ifnonnull, goto",8,   8: aload_2  |    9: invokevirtual #158 | >>>12: if_icmpge 214 |    15: aload_2  |    16: iload_3 ,   8: aload_2  |    9: invokevirtual #158 | >>>12: if_icmpge 211 |    15: aload_2  |    16: iload_3 
zombie/iso/IsoWorld,LoadTileDefinitions,(Lzombie/iso/sprite/IsoSpriteManager;Ljava/lang/String;I)V,STRUCTURAL,2145,2142,-3,ORIG_EXTRA_INSN,"Original has extra: goto, goto, goto",115,   233: iload 25 |    235: iload 9 | >>>237: if_icmpge 5356 |    240: aload 6 |    242: invokestatic #475,   233: iload 25 |    235: iload 9 | >>>237: if_icmpge 5351 |    240: aload 6 |    242: invokestatic #475
zombie/iso/IsoWorld,LoadPlayerForInfo,()Z,SORTED_MULTISET,186,184,-2,BLOCK_REORDER,"Likely block reorder (sim=99.4%), added={'getstatic': 2, 'ifeq': 1, 'iconst_1': 1, 'ireturn': 1, 'istore': 1, 'iload': 1, 'iconst_m1': 1, 'iconst_0': 3}, removed={'goto': 3, 'dup2': 2}",0,>>>0: getstatic #1202 |    3: ifeq 14 |    6: invokestatic #1207,>>>0: getstatic #1203 |    3: ifeq 14 |    6: invokestatic #1208
zombie/iso/IsoWorld,readWorldVersion,()I,SORTED_MULTISET,128,128,0,RECOMP_EXTRA_INSN,"Recomp has extra: iconst_m1, istore, aload_2",1,   0: getstatic #327 | >>>3: ifeq 170 |    6: getstatic #338 |    9: ldc_w #2267,   0: getstatic #327 | >>>3: ifeq 167 |    6: getstatic #338 |    9: ldc_w #2268
zombie/iso/LightingJNI,checkLights,()V,SORTED_MULTISET,640,642,2,RECOMP_EXTRA_2,"Recomp has 2 extra insns: {'goto': 1, 'istore': 1, 'getstatic': 1, 'aload': 1, 'ldc_w': 1, 'iload': 1}",2,   0: getstatic #222 |    3: getfield #228 | >>>6: ifnonnull 10 |    9: return  |    10: getstatic #232,   0: getstatic #222 |    3: getfield #228 | >>>6: ifnonnull 12 |    9: goto 1478 |    12: getstatic #232
zombie/iso/LightingThread,lambda$create$0,()V,SORTED_MULTISET,29,31,2,RECOMP_EXTRA_INSN,"Recomp has extra: ifne, ifne, goto",2,   0: aload_0  |    1: getfield #7 | >>>4: ifne 86 |    7: getstatic #79 |    10: getfield #85,   0: aload_0  |    1: getfield #7 | >>>4: ifne 89 |    7: getstatic #79 |    10: getfield #85
zombie/iso/LosUtil,lineClear,(Lzombie/iso/IsoCell;IIIIIIZI)Lzombie/iso/LosUtil$TestResults;,STRUCTURAL,490,484,-6,BLOCK_REORDER,"Likely block reorder (sim=98.8%), added={}, removed={'iload_3': 1, 'istore': 3, 'iload_2': 1, 'iload_1': 1}",9,   11: iload 5 |    13: iload 6 | >>>15: invokevirtual #36 |    18: astore 9 |    20: aload 9,   11: iload 5 |    13: iload 6 | >>>15: invokevirtual #34 |    18: astore 9 |    20: aload 9
zombie/iso/LosUtil,lineClearCollide,(IIIIIIZ)Z,STRUCTURAL,325,319,-6,BLOCK_REORDER,"Likely block reorder (sim=98.2%), added={}, removed={'iload': 2, 'istore': 3, 'iload_3': 1}",0,>>>0: getstatic #85 |    3: getfield #91 |    6: astore 7,>>>0: getstatic #83 |    3: getfield #89 |    6: astore 7
zombie/iso/LosUtil,lineClearCollideCount,(Lzombie/characters/IsoGameCharacter;Lzombie/iso/IsoCell;IIIIII)I,STRUCTURAL,353,347,-6,BLOCK_REORDER,"Likely block reorder (sim=96.6%), added={'ifeq': 3}, removed={'istore': 3, 'iload': 3, 'iconst_1': 3, 'if_icmpne': 3}",14,   19: isub  |    20: istore 11 | >>>22: ldc #54 |    24: fstore 12 |    26: ldc #54,   19: isub  |    20: istore 11 | >>>22: ldc #52 |    24: fstore 12 |    26: ldc #52
zombie/iso/LosUtil,lineClearCached,(Lzombie/iso/IsoCell;IIIIIIZI)Lzombie/iso/LosUtil$TestResults;,STRUCTURAL,882,876,-6,BLOCK_REORDER,"Likely block reorder (sim=98.1%), added={}, removed={'iload': 3, 'istore': 3, 'i2b': 11}",9,   10: iload_2  |    11: iload_3  | >>>12: invokevirtual #36 |    15: astore 9 |    17: aload 9,   10: iload_2  |    11: iload_3  | >>>12: invokevirtual #34 |    15: astore 9 |    17: aload 9
zombie/iso/MultiStageBuilding$Stage,doStage,(Lzombie/characters/IsoGameCharacter;Lzombie/iso/objects/IsoThumpable;Z)V,STRUCTURAL,270,270,0,CONST_POOL_DIFF,2 constant pool refs differ,2,   0: aload_2  |    1: invokevirtual #148 | >>>4: istore 4 |    6: aload_2  |    7: invokevirtual #154,   0: aload_2  |    1: invokevirtual #148 | >>>4: istore 7 |    6: aload_2  |    7: invokevirtual #154
zombie/iso/SpawnPoints,parseServerSpawnPoint,()Z,SORTED_MULTISET,72,72,0,RECOMP_EXTRA_INSN,"Recomp has extra: ifne, iconst_0, ireturn",20,   41: arraylength  |    42: iconst_3  | >>>43: if_icmpne 133 |    46: aload_1  |    47: iconst_0 ,   41: arraylength  |    42: iconst_3  | >>>43: if_icmpne 132 |    46: aload_1  |    47: iconst_0 
zombie/iso/TileOverlays,updateTileOverlaySprite,(Lzombie/iso/IsoObject;)V,SORTED_MULTISET,132,134,2,OPCODE_DIFF,2 opcode differences: #83 fstore->dup; #84 fconst_1->fstore,7,   9: astore_2  |    10: aload_2  | >>>11: ifnonnull 15 |    14: return  |    15: aconst_null ,   9: astore_2  |    10: aload_2  | >>>11: ifnonnull 17 |    14: goto 322 |    17: aconst_null 
zombie/iso/areas/IsoBuilding,getFreeTile,()Lzombie/iso/IsoGridSquare;,SORTED_MULTISET,13,15,2,RECOMP_EXTRA_2,"Recomp has 2 extra insns: {'aconst_null': 1, 'astore_2': 1, 'astore_3': 1, 'aload_3': 1, 'invokevirtual': 1, 'aload_2': 1}",2,   0: aconst_null  |    1: astore_1  | >>>2: aload_0  |    3: getfield #1 |    6: aload_0 ,   0: aconst_null  |    1: astore_1  | >>>2: aconst_null  |    3: astore_2  |    4: aload_0 
zombie/iso/areas/IsoBuilding,hasWater,()Z,SORTED_MULTISET,43,40,-3,RECOMP_EXTRA_INSN,"Recomp has extra: ifeq, goto, goto",5,"   7: astore_1  |    8: aload_1  | >>>9: ifnull 107 |    12: aload_1  |    13: invokeinterface #212,  1","   7: astore_1  |    8: aload_1  | >>>9: ifnull 110 |    12: aload_1  |    13: invokeinterface #212,  1"
zombie/iso/areas/IsoRoom,useWater,()V,STRUCTURAL,22,21,-1,ORIG_EXTRA_INSN,"Original has extra: ifeq, return, ifeq",3,   1: getfield #52 |    4: invokevirtual #165 | >>>7: ifeq 11 |    10: return  |    11: aload_0 ,   1: getfield #52 |    4: invokevirtual #165 | >>>7: ifne 60 |    10: aload_0  |    11: getfield #52
zombie/iso/areas/isoregion/IsoRegionWorker,thread_main_loop,()V,STRUCTURAL,148,149,1,BRANCH_INV_RESTRUCTURED,1 inv + 103 other opcode diffs (block reorder),9,   19: astore_1  |    20: aload_1  | >>>21: ifnull 406 |    24: getstatic #162 |    27: aload_1 ,   19: astore_1  |    20: aload_1  | >>>21: ifnull 409 |    24: getstatic #162 |    27: aload_1 
zombie/iso/areas/isoregion/data/DataChunk,squareAddFlags,(IB)V,SORTED_MULTISET,10,11,1,RECOMP_EXTRA_2,"Recomp has 2 extra insns: {'aload_0': 1, 'getfield': 1, 'iload_1': 1}",3,   1: getfield #77 |    4: iload_1  | >>>5: dup2  |    6: baload  |    7: iload_2 ,   1: getfield #77 |    4: iload_1  | >>>5: aload_0  |    6: getfield #77 |    9: iload_1 
zombie/iso/areas/isoregion/data/DataChunk,squareRemoveFlags,(IB)V,SORTED_MULTISET,10,11,1,RECOMP_EXTRA_2,"Recomp has 2 extra insns: {'aload_0': 1, 'getfield': 1, 'iload_1': 1}",3,   1: getfield #77 |    4: iload_1  | >>>5: dup2  |    6: baload  |    7: iload_2 ,   1: getfield #77 |    4: iload_1  | >>>5: aload_0  |    6: getfield #77 |    9: iload_1 
zombie/iso/objects/IsoBarricade,WeaponHit,(Lzombie/characters/IsoGameCharacter;Lzombie/inventory/types/HandWeapon;)V,STRUCTURAL,145,145,0,INV_PLUS_GOTO_SWAP,2 inversions + 1 goto/ret swaps,10,   17: astore_3  |    18: getstatic #313 | >>>21: ifeq 38 |    24: aload_3  |    25: ifnull 37,   17: astore_3  |    18: getstatic #313 | >>>21: ifeq 40 |    24: aload_3  |    25: ifnull 307
zombie/iso/objects/IsoBarricade,Damage,(I)V,SORTED_MULTISET,75,76,1,RECOMP_EXTRA_INSN,"Recomp has extra: ifne, goto, goto",3,   3: getstatic #371 |    6: invokevirtual #377 | >>>9: ifeq 13 |    12: return  |    13: aload_0 ,   3: getstatic #371 |    6: invokevirtual #377 | >>>9: ifne 142 |    12: aload_0  |    13: getfield #123
zombie/iso/objects/IsoCarBatteryCharger,configureSprite,(Lzombie/inventory/InventoryItem;Lzombie/iso/sprite/IsoSprite;)Lzombie/iso/sprite/IsoSprite;,SORTED_MULTISET,92,94,2,RECOMP_EXTRA_2,"Recomp has 2 extra insns: {'invokestatic': 2, 'astore': 2, 'aload': 3, 'astore_3': 1, 'aload_3': 6, 'getstatic': 1, 'i2f': 1, 'fstore': 1, 'fload': 1}",2,   0: aload_1  |    1: invokevirtual #297 | >>>4: astore 4 |    6: aload 4 |    8: invokestatic #301,   0: aload_1  |    1: invokevirtual #297 | >>>4: astore_3  |    5: aload_3  |    6: invokestatic #301
zombie/iso/objects/IsoDeadBody,save,(Ljava/nio/ByteBuffer;Z)V,SORTED_MULTISET,187,187,0,BLOCK_REORDER,"Likely block reorder (sim=97.3%), added={'i2b': 6}, removed={}",11,   15: goto 19 |    18: iconst_0  | >>>19: invokevirtual #755 |    22: pop  |    23: aload_1 ,   15: goto 19 |    18: iconst_0  | >>>19: i2b  |    20: invokevirtual #755 |    23: pop 
zombie/iso/objects/IsoDeadBody,Burn,()V,SORTED_MULTISET,84,84,0,ORIG_EXTRA_INSN,"Original has extra: ifeq, return, dup",1,   0: getstatic #130 | >>>3: ifeq 7 |    6: return  |    7: aload_0 ,   0: getstatic #130 | >>>3: ifne 187 |    6: aload_0  |    7: invokevirtual #473
zombie/iso/objects/IsoDeadBody,updateBodies,()V,STRUCTURAL,116,117,1,ORIG_EXTRA_INSN,"Original has extra: ifeq, return",1,   0: getstatic #130 | >>>3: ifeq 7 |    6: return  |    7: getstatic #988,   0: getstatic #130 | >>>3: ifne 300 |    6: getstatic #986 |    9: ifeq 12
zombie/iso/objects/IsoDeadBody,updateRotting,(FFZ)V,SORTED_MULTISET,278,279,1,GOTO_RETURN_SWAP,3 goto/return swaps: #99 goto->return; #105 goto->return; #238 goto->return,1,   0: aload_0  | >>>1: invokevirtual #802 |    4: ifeq 8 |    7: return ,   0: aload_0  | >>>1: invokevirtual #795 |    4: ifeq 8 |    7: return 
zombie/iso/objects/IsoDoor,isAdjacentToSquare,(Lzombie/iso/IsoGridSquare;)Z,STRUCTURAL,689,689,0,BRANCH_INV_RESTRUCTURED,16 inv + 192 other opcode diffs (block reorder),65,   152: aload 5 |    154: invokevirtual #1223 | >>>157: ifne 194 |    160: aload 4 |    162: aload 5,   152: aload 5 |    154: invokevirtual #1223 | >>>157: ifne 229 |    160: aload 4 |    162: aload 5
zombie/iso/objects/IsoDoor,addSheet,(Lzombie/characters/IsoGameCharacter;)V,SORTED_MULTISET,80,82,2,RECOMP_EXTRA_2,"Recomp has 2 extra insns: {'goto': 1, 'iconst_0': 1, 'istore': 1, '76': 1, '109': 1, '130': 1, '163': 1}",2,   0: aload_0  |    1: getfield #59 | >>>4: ifne 18 |    7: aload_1  |    8: ifnull 18,   0: aload_0  |    1: getfield #59 | >>>4: ifne 199 |    7: aload_1  |    8: ifnull 199
zombie/iso/objects/IsoDoor,toggleDoubleDoor,(Lzombie/iso/IsoObject;Z)V,SORTED_MULTISET,88,82,-6,COUNT_DIFF_-4,"Instruction count diff=-4, goto diff=-1, return diff=+0",24,   42: astore 4 |    44: aload_3  | >>>45: ifnonnull 56 |    48: aload 4 |    50: getfield #1441,   42: astore 4 |    44: aload_3  | >>>45: ifnonnull 48 |    48: aload_3  |    49: ifnonnull 60
zombie/iso/objects/IsoFire,update,()V,SORTED_MULTISET,435,434,-1,OPCODE_DIFF,12 opcode differences: #60 aload_3->dup; #160 aload_0->dup; #200 468->464,3,   1: invokevirtual #339 |    4: iconst_m1  | >>>5: if_icmpne 9 |    8: return  |    9: getstatic #215,   1: invokevirtual #339 |    4: iconst_m1  | >>>5: if_icmpne 11 |    8: goto 926 |    11: getstatic #215
zombie/iso/objects/IsoFire,render,(FFFLzombie/core/textures/ColorInfo;ZZLzombie/core/opengl/Shader;)V,STRUCTURAL,95,94,-1,ORIG_EXTRA_INSN,"Original has extra: ifnonnull, goto",26,   39: getfield #49 |    42: invokevirtual #349 | >>>45: if_icmpge 194 |    48: aload_0  |    49: getfield #49,   39: getfield #49 |    42: invokevirtual #349 | >>>45: if_icmpge 191 |    48: aload_0  |    49: getfield #49
zombie/iso/objects/IsoFireManager$FireSounds$Slot,playSound,(Lzombie/iso/objects/IsoFire;)V,STRUCTURAL,91,93,2,COUNT_DIFF_+4,"Instruction count diff=+4, goto diff=+0, return diff=+0",45,   95: tableswitch { |    1: 120  | >>>2: 124  |    3: 120  |    120: iconst_1 ,   95: tableswitch { |    1: 120  | >>>2: 125  |    3: 120  |    120: iconst_1 
zombie/iso/objects/IsoGenerator,addPoweredItem,(Lzombie/iso/IsoObject;F)V,STRUCTURAL,119,117,-2,BRANCH_INV_RESTRUCTURED,1 inv + 12 other opcode diffs (block reorder),67,   163: aload_3  |    164: invokevirtual #475 | >>>167: ifeq 202 |    170: aload 7 |    172: ldc_w #478,   163: aload_3  |    164: invokevirtual #475 | >>>167: ifne 173 |    170: goto 139 |    173: aload 7
zombie/iso/objects/IsoMannequin,wearItem,(Lzombie/inventory/InventoryItem;Lzombie/characters/IsoGameCharacter;)V,SORTED_MULTISET,80,79,-1,ORIG_EXTRA_INSN,"Original has extra: return, ifne, goto",1,   0: aload_0  | >>>1: getfield #305 |    4: aload_1  |    5: invokevirtual #892,   0: aload_0  | >>>1: getfield #301 |    4: aload_1  |    5: invokevirtual #888
zombie/iso/objects/IsoMolotovCocktail,Explode,()V,SORTED_MULTISET,53,51,-2,ORIG_EXTRA_INSN,"Original has extra: ifeq, goto, return",14,   22: invokevirtual #163 |    25: getstatic #169 | >>>28: ifeq 69 |    31: aload_0  |    32: getfield #15,   22: invokevirtual #163 |    25: getstatic #169 | >>>28: ifeq 66 |    31: aload_0  |    32: getfield #15
zombie/iso/objects/IsoTelevision,setupDefaultScreens,()V,SORTED_MULTISET,95,95,0,COUNT_DIFF_-3,"Instruction count diff=-3, goto diff=+0, return diff=+0",10,   14: getfield #14 |    17: invokevirtual #66 | >>>20: ifne 64 |    23: bipush 16 |    25: istore_1 ,   14: getfield #14 |    17: invokevirtual #66 | >>>20: ifne 62 |    23: bipush 16 |    25: istore_1 
zombie/iso/objects/IsoTelevision,isFacing,(Lzombie/characters/IsoPlayer;)Z,STRUCTURAL,143,143,0,BRANCH_INV_RESTRUCTURED,1 inv + 116 other opcode diffs (block reorder),18,   28: getfield #342 |    31: invokevirtual #345 | >>>34: ifne 39 |    37: iconst_0  |    38: ireturn ,   28: getfield #342 |    31: invokevirtual #345 | >>>34: ifeq 314 |    37: aload_0  |    38: getfield #30
zombie/iso/objects/IsoThumpable,isAdjacentToSquare,(Lzombie/iso/IsoGridSquare;)Z,STRUCTURAL,689,689,0,BRANCH_INV_RESTRUCTURED,1 inv + 640 other opcode diffs (block reorder),1,   0: aload_0  | >>>1: invokevirtual #839 |    4: astore_2  |    5: aload_2 ,   0: aload_0  | >>>1: invokevirtual #835 |    4: astore_2  |    5: aload_2 
zombie/iso/objects/IsoTrap,initSprite,(Lzombie/inventory/types/HandWeapon;)V,SORTED_MULTISET,80,82,2,RECOMP_EXTRA_2,"Recomp has 2 extra insns: {'goto': 1, 'getstatic': 1, 'i2f': 1, 'fstore': 1, 'fload': 1}",1,   0: aload_1  | >>>1: ifnonnull 5 |    4: return  |    5: aload_1 ,   0: aload_1  | >>>1: ifnonnull 7 |    4: goto 173 |    7: aload_1 
zombie/iso/objects/IsoTree,renderInner,(FFFLzombie/core/textures/ColorInfo;ZZ)V,SORTED_MULTISET,170,171,1,RECOMP_EXTRA_INSN,"Recomp has extra: ifne, goto",2,   0: aload_0  |    1: getfield #61 | >>>4: ifnull 113 |    7: aload_0  |    8: getfield #61,   0: aload_0  |    1: getfield #61 | >>>4: ifnull 116 |    7: aload_0  |    8: getfield #61
zombie/iso/objects/IsoWindow,addSheet,(Lzombie/characters/IsoGameCharacter;)V,STRUCTURAL,177,176,-1,ORIG_EXTRA_INSN,"Original has extra: astore_2, astore_2, aload_2",3,   1: astore_2  |    2: aload_0  | >>>3: getfield #45 |    6: ifeq 112 |    9: aload_0 ,   1: astore_2  |    2: aload_0  | >>>3: getfield #43 |    6: ifeq 113 |    9: aload_0 
zombie/iso/objects/IsoWindow,removeSheetRope,(Lzombie/characters/IsoPlayer;Lzombie/iso/IsoGridSquare;Z)Z,STRUCTURAL,230,229,-1,ORIG_EXTRA_INSN,"Original has extra: astore, aload, astore_3",5,   5: ireturn  |    6: aload_1  | >>>7: astore 6 |    9: aload 6 |    11: iconst_0 ,   5: ireturn  |    6: aload_1  | >>>7: astore_3  |    8: aload_1  |    9: iconst_0 
zombie/iso/objects/IsoWorldInventoryObject,updateSprite,()V,SORTED_MULTISET,94,96,2,RECOMP_EXTRA_INSN,"Recomp has extra: ifeq, getstatic, i2f",23,   51: invokevirtual #349 |    54: getstatic #181 | >>>57: ifeq 67 |    60: invokestatic #353 |    63: ifne 67,   51: invokevirtual #349 |    54: getstatic #181 | >>>57: ifeq 66 |    60: invokestatic #353 |    63: ifeq 214
zombie/iso/objects/IsoWorldInventoryObject,load,(Ljava/nio/ByteBuffer;IZ)V,SORTED_MULTISET,181,183,2,RECOMP_EXTRA_INSN,"Recomp has extra: goto, ifeq, goto",29,   55: aload_0  |    56: getfield #55 | >>>59: ifnonnull 91 |    62: aload_1  |    63: invokevirtual #416,   55: aload_0  |    56: getfield #55 | >>>59: ifnonnull 93 |    62: aload_1  |    63: invokevirtual #416
zombie/iso/objects/IsoZombieHead,<init>,(Lzombie/iso/objects/IsoZombieHead$GibletType;Lzombie/iso/IsoCell;FFF)V,SORTED_MULTISET,78,90,12,LARGE_STRUCTURAL_DIFF_+12,"Major structural diff=+12, similarity=84.8%",16,   22: putfield #19 |    25: aload_0  | >>>26: iconst_0  |    27: putfield #52 |    30: aload_0 ,   22: putfield #19 |    25: aload_0  | >>>26: fconst_1  |    27: putfield #7 |    30: aload_0 
zombie/iso/objects/ObjectRenderEffects,alloc,()Lzombie/iso/objects/ObjectRenderEffects;,STRUCTURAL,10,10,0,ORIG_EXTRA_2,"Original has 2 extra insns: {'astore_0': 1, 'aload_0': 1}",0,>>>0: getstatic #3 |    3: invokevirtual #7 |    6: ifne 21,>>>0: getstatic #1 |    3: invokevirtual #7 |    6: ifne 21
zombie/iso/objects/ObjectRenderEffects,getNew,(Lzombie/iso/IsoObject;Lzombie/iso/objects/RenderEffectType;ZZ)Lzombie/iso/objects/ObjectRenderEffects;,STRUCTURAL,123,123,0,ORIG_EXTRA_INSN,"Original has extra: ifne, goto, ifne",1,   0: getstatic #132 | >>>3: ifne 9 |    6: goto 11 |    9: aconst_null ,   0: getstatic #132 | >>>3: ifeq 8 |    6: aconst_null  |    7: areturn 
zombie/iso/sprite/IsoAnim,LoadFramesBitRepeatFrame,(Ljava/lang/String;Ljava/lang/String;I)V,STRUCTURAL,75,73,-2,ORIG_EXTRA_2,"Original has 2 extra insns: {'aload_2': 1, 'astore': 1, 'aload': 5}",3,   1: aload_2  |    2: putfield #51 | >>>5: aload_2  |    6: astore 4 |    8: ldc #185,   1: aload_2  |    2: putfield #51 | >>>5: ldc #185 |    7: astore 4 |    9: ldc #187
zombie/iso/sprite/IsoSpriteInstance,get,(Lzombie/iso/sprite/IsoSprite;)Lzombie/iso/sprite/IsoSpriteInstance;,SORTED_MULTISET,21,20,-1,ORIG_EXTRA_INSN,"Original has extra: ifeq, goto, invokestatic",4,   4: iconst_1  |    5: invokevirtual #7 | >>>8: ifeq 31 |    11: getstatic #13 |    14: invokevirtual #17,   4: iconst_1  |    5: invokevirtual #7 | >>>8: ifne 17 |    11: invokestatic #13 |    14: goto 0
zombie/iso/sprite/IsoSpriteInstance,add,(Lzombie/iso/sprite/IsoSpriteInstance;)V,STRUCTURAL,17,16,-1,ORIG_EXTRA_INSN,"Original has extra: ifeq, goto, invokestatic",6,   8: iconst_1  |    9: invokevirtual #7 | >>>12: ifeq 32 |    15: getstatic #13 |    18: aload_0 ,   8: iconst_1  |    9: invokevirtual #7 | >>>12: ifne 21 |    15: invokestatic #13 |    18: goto 4
zombie/iso/weather/ClimateValues,updateValues,(DFLzombie/iso/weather/ClimateManager$DayInfo;Lzombie/iso/weather/ClimateManager$DayInfo;)V,SORTED_MULTISET,697,694,-3,COUNT_DIFF_-3,"Instruction count diff=-3, goto diff=+0, return diff=+0",1,   0: aload 4 | >>>2: getfield #316 |    5: aload_0  |    6: getfield #161,   0: aload 4 | >>>2: getfield #314 |    5: aload_0  |    6: getfield #161
zombie/iso/weather/ThunderStorm,update,(D)V,SORTED_MULTISET,449,450,1,COUNT_DIFF_+3,"Instruction count diff=+3, goto diff=+1, return diff=+0",0,>>>0: getstatic #134 |    3: ifeq 12 |    6: getstatic #82,>>>0: getstatic #130 |    3: ifeq 12 |    6: getstatic #78
zombie/iso/weather/WeatherPeriod,RandNext,(FF)F,STRUCTURAL,24,24,0,OPCODE_DIFF,10 opcode differences: #1 fstore_3->fload_2; #2 fload_1->fcmpl; #3 fload_2->ifne,1,   0: fload_1  | >>>1: fload_2  |    2: fcmpl  |    3: ifne 8,   0: fload_1  | >>>1: fstore_3  |    2: fload_1  |    3: fload_2 
zombie/iso/weather/WeatherPeriod,RandNext,(II)I,STRUCTURAL,21,21,0,OPCODE_DIFF,8 opcode differences: #1 istore_3->iload_2; #2 iload_1->if_icmpne; #3 iload_2->iload_1,1,   0: iload_1  | >>>1: iload_2  |    2: if_icmpne 7 |    5: iload_1 ,   0: iload_1  | >>>1: istore_3  |    2: iload_1  |    3: iload_2 
zombie/iso/weather/WorldFlares$Flare,update,()V,SORTED_MULTISET,218,217,-1,RECOMP_EXTRA_2,"Recomp has 2 extra insns: {'aload_0': 4, 'astore': 1, 'aload': 2}",2,   0: aload_0  |    1: getfield #22 | >>>4: ifeq 421 |    7: aload_0  |    8: getfield #71,   0: aload_0  |    1: getfield #22 | >>>4: ifeq 426 |    7: aload_0  |    8: getfield #69
zombie/iso/weather/WorldFlares$Flare,applyFlare,(Lzombie/core/opengl/RenderSettings$PlayerRenderSettings;ILzombie/characters/IsoPlayer;)V,SORTED_MULTISET,399,413,14,BLOCK_REORDER,"Likely block reorder (sim=96.7%), added={'astore': 3, 'aload': 3, 'fstore': 4, 'fload': 4}, removed={}",1,   0: aload_0  | >>>1: getfield #47 |    4: iload_2  |    5: aaload ,   0: aload_0  | >>>1: getfield #45 |    4: iload_2  |    5: aaload 
zombie/iso/weather/dbg/ClimMngrDebug,calculateTotal,()Lzombie/iso/weather/dbg/ClimMngrDebug$RunInfo;,SORTED_MULTISET,440,444,4,LARGE_STRUCTURAL_DIFF_+8,"Major structural diff=+8, similarity=94.4%",8,   10: bipush 50 |    12: newarray int | >>>14: putfield #318 |    17: dconst_0  |    18: dstore_2 ,   10: bipush 50 |    12: newarray int | >>>14: putfield #316 |    17: dconst_0  |    18: dstore_2 
zombie/iso/weather/fx/WeatherFxMask,scanForTiles,(I)V,STRUCTURAL,147,147,0,CONST_POOL_DIFF,33 constant pool refs differ,1,   0: getstatic #22 | >>>3: getstatic #159 |    6: aaload  |    7: astore_1 ,   0: getstatic #22 | >>>3: getstatic #157 |    6: aaload  |    7: astore_1 
zombie/modding/ActiveModsFile,write,(Ljava/lang/String;Lzombie/modding/ActiveMods;)Z,STRUCTURAL,60,58,-2,ORIG_EXTRA_INSN,"Original has extra: goto, ireturn, iconst_1",0,>>>0: invokestatic #9 |    3: invokevirtual #15 |    6: ifeq 11,>>>0: invokestatic #7 |    3: invokevirtual #13 |    6: ifeq 11
zombie/modding/ActiveModsFile,read,(Ljava/lang/String;Lzombie/modding/ActiveMods;)Z,STRUCTURAL,68,66,-2,ORIG_EXTRA_INSN,"Original has extra: goto, ireturn, iconst_1",60,   127: aload 4 |    129: athrow  | >>>130: goto 143 |    133: astore_3  |    134: iconst_0 ,   127: aload 4 |    129: athrow  | >>>130: iconst_1  |    131: ireturn  |    132: astore_3 
zombie/network/BodyDamageSync,serverPacket,(Ljava/nio/ByteBuffer;)V,SORTED_MULTISET,120,121,1,ORIG_EXTRA_RETURN,Original has extra return,5,   5: iload_2  |    6: iconst_1  | >>>7: if_icmpne 105 |    10: aload_1  |    11: invokevirtual #147,   5: iload_2  |    6: iconst_1  | >>>7: if_icmpne 111 |    10: aload_1  |    11: invokevirtual #147
zombie/network/BodyDamageSync,clientPacket,(Ljava/nio/ByteBuffer;)V,STRUCTURAL,143,142,-1,ORIG_EXTRA_2,"Original has 2 extra insns: {'return': 3, 'if_icmpne': 1, 'getstatic': 1, 'pop': 1}",5,   5: iload_2  |    6: iconst_1  | >>>7: if_icmpne 99 |    10: aload_1  |    11: invokevirtual #147,   5: iload_2  |    6: iconst_1  | >>>7: if_icmpne 101 |    10: aload_1  |    11: invokevirtual #147
zombie/network/CoopMaster,getMessage,()Ljava/lang/String;,SORTED_MULTISET,38,36,-2,ORIG_EXTRA_INSN,"Original has extra: goto, aload_1, areturn",30,"   60: invokedynamic #402,  0 |    65: invokevirtual #366 | >>>68: aload_2  |    69: monitorexit  |    70: goto 78","   60: invokedynamic #402,  0 |    65: invokevirtual #366 | >>>68: aload_1  |    69: aload_2  |    70: monitorexit "
zombie/network/DiscordBot,setChannelByID,(Ljava/lang/String;)V,STRUCTURAL,31,29,-2,BRANCH_INV_RESTRUCTURED,1 inv + 8 other opcode diffs (block reorder),18,   40: aload_1  |    41: invokevirtual #131 | >>>44: ifeq 67 |    47: getstatic #27 |    50: aload_1 ,   40: aload_1  |    41: invokevirtual #131 | >>>44: ifne 50 |    47: goto 15 |    50: getstatic #27
zombie/network/FakeClientManager,load,(Ljava/lang/String;)Ljava/util/HashMap;,SORTED_MULTISET,598,596,-2,COUNT_DIFF_+4,"Instruction count diff=+4, goto diff=+0, return diff=-1",93,   210: astore 6 |    212: getstatic #153 | >>>215: astore 7 |    217: aload 6 |    219: ldc #159,   210: astore 6 |    212: getstatic #153 | >>>215: astore 8 |    217: aload 6 |    219: ldc #159
zombie/network/FakeClientManager$1,<clinit>,()V,SORTED_MULTISET,296,296,0,OPCODE_DIFF,118 opcode differences: #60 getstatic->invokestatic; #61 getstatic->arraylength; #62 invokevirtual->newarray,60,   128: goto 132 |    131: astore_0  | >>>132: invokestatic #44 |    135: arraylength  |    136: newarray int,   128: goto 132 |    131: astore_0  | >>>132: getstatic #7 |    135: getstatic #44 |    138: invokevirtual #17
zombie/network/FakeClientManager$Client,update,()V,STRUCTURAL,142,141,-1,ORIG_EXTRA_INSN,"Original has extra: 399, goto",2,   0: getstatic #261 |    3: aload_0  | >>>4: getfield #65 |    7: invokevirtual #264 |    10: iaload ,   0: getstatic #261 |    3: aload_0  | >>>4: getfield #63 |    7: invokevirtual #264 |    10: iaload 
zombie/network/FakeClientManager$Client,receive,(SLjava/nio/ByteBuffer;)V,STRUCTURAL,121,120,-1,ORIG_EXTRA_2,"Original has 2 extra insns: {'256': 1, '264': 1, '272': 1, '280': 2, '288': 2, '302': 1, '316': 1, '324': 1, '332': 1, '340': 1, 'goto': 2}",7,   15: astore_3  |    16: aload_0  | >>>17: getfield #35 |    20: getfield #103 |    23: getfield #107,   15: astore_3  |    16: aload_0  | >>>17: getfield #33 |    20: getfield #101 |    23: getfield #105
zombie/network/FakeClientManager$Client,getBooleanVariables,()I,FUZZY_COMPUTATION,43,43,0,RECOMP_EXTRA_INSN,"Recomp has extra: 72, 80, 87",3,   1: istore_1  |    2: aload_0  | >>>3: getfield #35 |    6: getfield #103 |    9: getfield #631,   1: istore_1  |    2: aload_0  | >>>3: getfield #33 |    6: getfield #101 |    9: getfield #629
zombie/network/FakeClientManager$Network,decode,(Ljava/nio/ByteBuffer;)V,STRUCTURAL,158,156,-2,COUNT_DIFF_-3,"Instruction count diff=-3, goto diff=-2, return diff=+0",14,   21: iload_2  |    22: lookupswitch { | >>>0: 461  |    1: 461  |    16: 348 ,   21: iload_2  |    22: lookupswitch { | >>>0: 458  |    1: 458  |    16: 348 
zombie/network/FakeClientManager$Player,getNearestPlayer,()Lzombie/network/FakeClientManager$PlayerManager$RemotePlayer;,SORTED_MULTISET,46,44,-2,ORIG_EXTRA_INSN,"Original has extra: goto, aload_1, areturn",2,   0: aconst_null  |    1: astore_1  | >>>2: ldc_w #302 |    5: fstore_2  |    6: aload_0 ,   0: aconst_null  |    1: astore_1  | >>>2: ldc_w #300 |    5: fstore_2  |    6: aload_0 
zombie/network/FakeClientManager$ZombieSimulator,process,()V,STRUCTURAL,76,76,0,RECOMP_EXTRA_INSN,"Recomp has extra: getfield, invokevirtual, invokevirtual",10,"   16: astore_2  |    17: aload_2  | >>>18: invokeinterface #223,  1 |    23: ifeq 92 |    26: aload_2 ",   16: astore_2  |    17: aload_2  | >>>18: invokevirtual #223 |    21: ifeq 88 |    24: aload_2 
zombie/network/GameClient,SendCommandToServer,(Ljava/lang/String;)V,STRUCTURAL,170,170,0,RECOMP_EXTRA_INSN,"Recomp has extra: if_icmpgt, goto, goto",6,   10: ldc_w #1626 |    13: invokevirtual #1628 | >>>16: ifeq 124 |    19: aload_0  |    20: ldc_w #1631,   10: ldc_w #1626 |    13: invokevirtual #1628 | >>>16: ifeq 127 |    19: aload_0  |    20: ldc_w #1631
zombie/network/GameClient,receiveItemStats,(Ljava/nio/ByteBuffer;S)V,STRUCTURAL,163,164,1,COUNT_DIFF_-3,"Instruction count diff=-3, goto diff=-3, return diff=+0",22,   39: tableswitch { |    0: 68  | >>>1: 270  |    2: 165  |    3: 413 ,   39: tableswitch { |    0: 68  | >>>1: 264  |    2: 162  |    3: 407 
zombie/network/GameClient,receiveSyncAlarmClock,(Ljava/nio/ByteBuffer;S)V,STRUCTURAL,179,178,-1,BRANCH_INV_RESTRUCTURED,1 inv + 99 other opcode diffs (block reorder),5,   5: iload_2  |    6: getstatic #3334 | >>>9: if_icmpne 224 |    12: aload_0  |    13: invokevirtual #520,   5: iload_2  |    6: getstatic #3334 | >>>9: if_icmpne 226 |    12: aload_0  |    13: invokevirtual #520
zombie/network/GameClient,sendItemStats,(Lzombie/inventory/InventoryItem;)V,STRUCTURAL,276,275,-1,LARGE_STRUCTURAL_DIFF_+14,"Major structural diff=+14, similarity=90.5%",5,   5: aload_1  |    6: invokevirtual #3859 | >>>9: ifnull 96 |    12: aload_1  |    13: invokevirtual #3859,   5: aload_1  |    6: invokevirtual #3859 | >>>9: ifnull 98 |    12: aload_1  |    13: invokevirtual #3859
zombie/network/GameClient,lambda$startLocalServer$0,()V,SORTED_MULTISET,78,80,2,RECOMP_EXTRA_2,"Recomp has 2 extra insns: {'iconst_0': 1, 'istore': 1}",0,>>>0: ldc_w #4620 |    3: invokestatic #4622 |    6: astore_0 ,>>>0: ldc_w #4623 |    3: invokestatic #4625 |    6: astore_0 
zombie/network/GameServer,main,([Ljava/lang/String;)V,SORTED_MULTISET,1823,1824,1,RECOMP_EXTRA_INSN,"Recomp has extra: goto, goto, ifeq",0,>>>0: invokestatic #136 |    3: putstatic #142 |    6: iconst_1 ,>>>0: invokestatic #134 |    3: putstatic #140 |    6: iconst_1 
zombie/network/GameServer,receivePlayerUpdate,(Ljava/nio/ByteBuffer;Lzombie/core/raknet/UdpConnection;S)V,STRUCTURAL,336,336,0,RECOMP_EXTRA_2,"Recomp has 2 extra insns: {'goto': 1, 'ifne': 1, 'checkcast': 2}",1,   0: aload_1  | >>>1: getfield #1422 |    4: getstatic #2301 |    7: if_acmpeq 26,   0: aload_1  | >>>1: getfield #1420 |    4: getstatic #2299 |    7: if_acmpeq 28
zombie/network/GameServer,process,(Lzombie/network/ZomboidNetData;)V,STRUCTURAL,26,27,1,RECOMP_EXTRA_INSN,"Recomp has extra: goto, return",1,   0: aload_0  | >>>1: getfield #1084 |    4: astore_1  |    5: getstatic #25,   0: aload_0  | >>>1: getfield #1082 |    4: astore_1  |    5: getstatic #23
zombie/network/GameServer,receiveItemStats,(Ljava/nio/ByteBuffer;Lzombie/core/raknet/UdpConnection;S)V,STRUCTURAL,205,202,-3,COUNT_DIFF_-3,"Instruction count diff=-3, goto diff=-3, return diff=+0",1,   0: aload_0  | >>>1: invokevirtual #1688 |    4: istore_3  |    5: aload_0 ,   0: aload_0  | >>>1: invokevirtual #1686 |    4: istore 5 |    6: aload_0 
zombie/network/GameServer,receiveRequestItemsForContainer,(Ljava/nio/ByteBuffer;Lzombie/core/raknet/UdpConnection;S)V,SORTED_MULTISET,267,268,1,OPCODE_DIFF,17 opcode differences: #81 goto->iload; #82 iload->iconst_3; #83 iconst_3->if_icmpne,0,>>>0: new #4067 |    3: dup  |    4: aload_0 ,>>>0: new #4065 |    3: dup  |    4: aload_0 
zombie/network/GameServer,receiveAddCoopPlayer,(Ljava/nio/ByteBuffer;Lzombie/core/raknet/UdpConnection;S)V,STRUCTURAL,310,311,1,RECOMP_EXTRA_GOTO,Recomp has 9 extra goto(s),1,   0: aload_0  | >>>1: invokevirtual #1691 |    4: istore_3  |    5: aload_0 ,   0: aload_0  | >>>1: invokevirtual #1689 |    4: istore_3  |    5: aload_0 
zombie/network/GameServer,receiveSyncAlarmClock,(Ljava/nio/ByteBuffer;Lzombie/core/raknet/UdpConnection;S)V,STRUCTURAL,201,200,-1,BRANCH_INV_RESTRUCTURED,1 inv + 126 other opcode diffs (block reorder),1,   0: aload_0  | >>>1: invokevirtual #1688 |    4: istore_3  |    5: iload_3 ,   0: aload_0  | >>>1: invokevirtual #1686 |    4: istore_3  |    5: iload_3 
zombie/network/GameServer,receiveSyncDoorKey,(Ljava/nio/ByteBuffer;Lzombie/core/raknet/UdpConnection;S)V,SORTED_MULTISET,106,104,-2,ORIG_EXTRA_2,"Original has 2 extra insns: {'goto': 2, 'iload': 8, 'iload_3': 3, 'invokedynamic': 3, 'invokestatic': 3, 'return': 3, 'aload': 1, 'ifnull': 1}",1,   0: aload_0  | >>>1: invokevirtual #2178 |    4: istore_3  |    5: aload_0 ,   0: aload_0  | >>>1: invokevirtual #2176 |    4: istore_3  |    5: aload_0 
zombie/network/GameServer,receiveSyncThumpable,(Ljava/nio/ByteBuffer;Lzombie/core/raknet/UdpConnection;S)V,SORTED_MULTISET,128,126,-2,ORIG_EXTRA_2,"Original has 2 extra insns: {'goto': 2, 'iload': 8, 'iload_3': 3, 'invokedynamic': 3, 'invokestatic': 3, 'return': 3, 'aload': 1, 'ifnull': 1}",1,   0: aload_0  | >>>1: invokevirtual #2178 |    4: istore_3  |    5: aload_0 ,   0: aload_0  | >>>1: invokevirtual #2176 |    4: istore_3  |    5: aload_0 
zombie/network/GameServer,isWorldVersionUnsupported,()Ljava/lang/String;,SORTED_MULTISET,113,112,-1,RECOMP_EXTRA_INSN,"Recomp has extra: goto, aconst_null, ldc_w",0,>>>0: new #199 |    3: dup  |    4: getstatic #163,>>>0: new #197 |    3: dup  |    4: getstatic #161
zombie/network/GameServer,lambda$launchCommandHandler$1,()V,SORTED_MULTISET,38,39,1,OPCODE_DIFF,23 opcode differences: #13 getstatic->goto; #14 ldc_w->aload_1; #16 pop->ifne,0,>>>0: new #6106 |    3: dup  |    4: new #6108,>>>0: new #6104 |    3: dup  |    4: new #6106
zombie/network/GameServerWorkshopItems,Install,(Ljava/util/ArrayList;)Z,STRUCTURAL,119,119,0,ORIG_EXTRA_2,"Original has 2 extra insns: {'goto': 6, 'ldc2_w': 2, 'invokestatic': 2, 'astore_3': 2, 'aload_3': 2, 'invokevirtual': 3, 'istore_2': 1, 'iload_2': 4, 'lstore_3': 1, 'lload_3': 4, 'aload_2': 1, 'ifeq': 1, 'iconst_0': 1, 'ireturn': 1}",71,   143: goto 88 |    146: iload_2  | >>>147: ifne 153 |    150: goto 170 |    153: ldc2_w #92,   143: goto 88 |    146: iload_2  | >>>147: ifne 259 |    150: aload_0  |    151: invokevirtual #69
zombie/network/GameServerWorkshopItems,QueryItemDetails,(Ljava/util/ArrayList;)Z,STRUCTURAL,78,78,0,ORIG_EXTRA_INSN,"Original has extra: aload_2, invokevirtual, ifeq",27,   46: astore_2  |    47: aload_2  | >>>48: getstatic #114 |    51: aload_1  |    52: aload_2 ,   46: astore_2  |    47: aload_2  | >>>48: getstatic #102 |    51: aload_1  |    52: aload_2 
zombie/network/GameServerWorkshopItems$WorkshopItem,update,()V,STRUCTURAL,13,12,-1,ORIG_EXTRA_INSN,"Original has extra: 50, goto",8,   1: 36  |    2: 43  | >>>3: 50  |    36: aload_0  |    37: invokevirtual #32,   1: 36  |    2: 43  | >>>3: 47  |    36: aload_0  |    37: invokevirtual #32
zombie/network/GameServerWorkshopItems$WorkshopItem,DownloadPending,()V,STRUCTURAL,46,45,-1,ORIG_EXTRA_RETURN,Original has extra return,27,   53: lload_3  |    54: invokevirtual #70 | >>>57: ifeq 101 |    60: iconst_2  |    61: newarray long,   53: lload_3  |    54: invokevirtual #70 | >>>57: ifeq 100 |    60: iconst_2  |    61: newarray long
zombie/network/MPStatistic,printCSVStatistic,()V,STRUCTURAL,573,574,1,RECOMP_EXTRA_2,"Recomp has 2 extra insns: {'ifnonnull': 1, 'goto': 1, 'return': 1}",1,   0: getstatic #650 | >>>3: ifeq 1454 |    6: aload_0  |    7: invokevirtual #752,   0: getstatic #650 | >>>3: ifeq 1458 |    6: aload_0  |    7: invokevirtual #752
zombie/network/MPStatisticClient,send,(Lzombie/core/network/ByteBufferWriter;)V,SORTED_MULTISET,260,262,2,RECOMP_EXTRA_2,"Recomp has 2 extra insns: {'aconst_null': 1, 'astore_2': 1}",40,   78: iconst_0  |    79: istore_3  | >>>80: aload_0  |    81: getfield #53 |    84: dup ,   78: iconst_0  |    79: istore_3  | >>>80: aconst_null  |    81: astore_2  |    82: aload_0 
zombie/network/NetChecksum$Comparer,serverPacket,(Ljava/nio/ByteBuffer;Lzombie/core/raknet/UdpConnection;)V,SORTED_MULTISET,375,374,-1,ORIG_EXTRA_2,"Original has 2 extra insns: {'ifne': 1, 'return': 1, '489': 1, '822': 1, 'iload': 1, 'iconst_1': 1, 'iadd': 1, 'i2s': 1, 'istore': 1, 'goto': 1}",1,   0: getstatic #271 | >>>3: ifne 7 |    6: return  |    7: aload_1 ,   0: getstatic #271 | >>>3: ifeq 870 |    6: aload_1  |    7: invokevirtual #172
zombie/network/NetChecksum$Comparer,update,()V,SORTED_MULTISET,28,25,-3,COUNT_DIFF_-3,"Instruction count diff=-3, goto diff=-3, return diff=+0",0,>>>0: getstatic #385 |    3: aload_0  |    4: getfield #13,>>>0: getstatic #383 |    3: aload_0  |    4: getfield #13
zombie/network/PassengerMap,clientReceivePacket,(Ljava/nio/ByteBuffer;)V,STRUCTURAL,60,59,-1,ORIG_EXTRA_2,"Original has 2 extra insns: {'ifnonnull': 1, 'goto': 2, 'ifne': 1}",19,   30: iload 7 |    32: getstatic #136 | >>>35: if_icmpge 146 |    38: getstatic #139 |    41: iload 7,   30: iload 7 |    32: getstatic #136 | >>>35: if_icmpge 140 |    38: getstatic #139 |    41: iload 7
zombie/network/PlayerDownloadServer$WorkerThread,runInner,()V,SORTED_MULTISET,50,48,-2,COUNT_DIFF_-3,"Instruction count diff=-3, goto diff=-3, return diff=+0",18,   40: tableswitch { |    1: 68  | >>>2: 95  |    3: 122  |    68: aload_0 ,   40: tableswitch { |    1: 68  | >>>2: 92  |    3: 116  |    68: aload_0 
zombie/network/PlayerDownloadServer$WorkerThread,putCommand,(Lzombie/network/PlayerDownloadServer$EThreadCommand;Lzombie/network/ClientChunkRequest;)V,SORTED_MULTISET,16,15,-1,ORIG_EXTRA_INSN,"Original has extra: goto, return",14,   22: aload_3  |    23: invokevirtual #122 | >>>26: goto 34 |    29: astore 4 |    31: goto 18,   22: aload_3  |    23: invokevirtual #122 | >>>26: return  |    27: astore 4 |    29: goto 18
zombie/network/PlayerDownloadServer$WorkerThread,sendArray,(Lzombie/network/ClientChunkRequest;)V,SORTED_MULTISET,252,252,0,BRANCH_TARGET_DIFF,1 branch targets differ: #155 goto 551 vs 506,155,   339: iconst_1  |    340: invokevirtual #199 | >>>343: goto 551 |    346: aload_1  |    347: aload_3 ,   339: iconst_1  |    340: invokevirtual #199 | >>>343: goto 506 |    346: aload_1  |    347: aload_3 
zombie/network/RCONServer$ClientThread,handlePacket,(IILjava/lang/String;)V,STRUCTURAL,178,177,-1,INV_PLUS_GOTO_SWAP,1 inversions + 2 goto/ret swaps,0,>>>0: ldc #132 |    2: aload_3  |    3: invokevirtual #134,>>>0: ldc #130 |    2: aload_3  |    3: invokevirtual #132
zombie/network/ServerChunkLoader$SaveChunkThread,run,()V,SORTED_MULTISET,51,49,-2,COUNT_DIFF_+3,"Instruction count diff=+3, goto diff=+0, return diff=+0",47,   111: aload_0  |    112: getfield #23 | >>>115: ifeq 131 |    118: aload_0  |    119: getfield #16,   111: aload_0  |    112: getfield #23 | >>>115: ifne 121 |    118: goto 0 |    121: aload_0 
zombie/network/ServerChunkLoader$SaveChunkThread,addUnloadedJob,(Lzombie/iso/IsoChunk;)V,SORTED_MULTISET,13,14,1,COUNT_DIFF_+3,"Instruction count diff=+3, goto diff=+0, return diff=+0",6,   8: aload_0  |    9: getfield #1 | >>>12: aload_1  |    13: invokespecial #135 |    16: invokevirtual #81,   8: aload_0  |    9: getfield #1 | >>>12: dup  |    13: invokestatic #135 |    16: pop 
zombie/network/ServerChunkLoader$SaveChunkThread,addLoadedJob,(Lzombie/iso/IsoChunk;)V,SORTED_MULTISET,45,46,1,LARGE_STRUCTURAL_DIFF_+6,"Major structural diff=+6, similarity=91.4%",2,   0: aload_0  |    1: getfield #37 | >>>4: invokevirtual #141 |    7: astore_2  |    8: aload_2 ,   0: aload_0  |    1: getfield #37 | >>>4: invokevirtual #147 |    7: astore_2  |    8: aload_2 
zombie/network/ServerChunkLoader$SaveChunkThread,saveLater,(Lzombie/GameTime;)V,SORTED_MULTISET,13,14,1,COUNT_DIFF_+3,"Instruction count diff=+3, goto diff=+0, return diff=+0",2,   0: aload_0  |    1: getfield #16 | >>>4: new #175 |    7: dup  |    8: aload_0 ,   0: aload_0  |    1: getfield #16 | >>>4: new #181 |    7: dup  |    8: aload_0 
zombie/network/ServerGUI,updateCamera,(Lzombie/characters/IsoPlayer;)V,STRUCTURAL,125,123,-2,ORIG_EXTRA_2,"Original has 2 extra insns: {'aload_0': 1, 'astore_1': 1, 'istore_2': 1, 'iload_2': 6, 'astore_3': 1, 'aload_1': 7, 'aload_3': 6, 'fstore': 3, 'fload': 3}",0,>>>0: aload_0  |    1: astore_1  |    2: iconst_0 ,>>>0: iconst_0  |    1: istore_1  |    2: getstatic #323
zombie/network/ServerGUI,RenderTiles,()V,STRUCTURAL,298,292,-6,BLOCK_REORDER,"Likely block reorder (sim=97.5%), added={}, removed={'aload_0': 4, 'pop': 4}",0,>>>0: getstatic #452 |    3: getfield #490 |    6: astore_0 ,>>>0: getstatic #453 |    3: getfield #491 |    6: astore_0 
zombie/network/ServerLOS$LOSThread,shouldWait,()Z,SORTED_MULTISET,49,47,-2,ORIG_EXTRA_INSN,"Original has extra: goto, iconst_1, ireturn",48,   96: monitorexit  |    97: ireturn  | >>>98: aload_1  |    99: monitorexit  |    100: goto 108,   96: monitorexit  |    97: ireturn  | >>>98: iconst_1  |    99: aload_1  |    100: monitorexit 
zombie/network/ServerMap,getRandomSquareFromCell,(II)Lzombie/iso/IsoGridSquare;,SORTED_MULTISET,66,68,2,RECOMP_EXTRA_2,"Recomp has 2 extra insns: {'aconst_null': 1, 'astore': 1}",3,   1: iload_1  |    2: iload_2  | >>>3: invokevirtual #261 |    6: iload_1  |    7: istore_3 ,   1: iload_1  |    2: iload_2  | >>>3: invokevirtual #259 |    6: iload_1  |    7: istore_3 
zombie/network/ServerWorldDatabase,changePwd,(Ljava/lang/String;Ljava/lang/String;Ljava/lang/String;)Ljava/lang/String;,STRUCTURAL,53,49,-4,COUNT_DIFF_-4,"Instruction count diff=-4, goto diff=+0, return diff=+0",0,>>>0: aload_3  |    1: astore 4 |    3: aload_2 ,>>>0: aload_0  |    1: getfield #25 |    4: ldc_w #724
zombie/network/chat/ChatServer,processMessageFromPlayerPacket,(Ljava/nio/ByteBuffer;)V,FUZZY_COMPUTATION,47,45,-2,ORIG_EXTRA_2,"Original has 2 extra insns: {'aload_3': 1, 'monitorexit': 1, 'return': 3}",1,   0: aload_1  | >>>1: invokevirtual #294 |    4: istore_2  |    5: getstatic #100,   0: aload_1  | >>>1: invokevirtual #292 |    4: istore_2  |    5: getstatic #100
zombie/network/chat/ChatServer,removeFactionChat,(Ljava/lang/String;)V,SORTED_MULTISET,54,56,2,COUNT_DIFF_+4,"Instruction count diff=+4, goto diff=+4, return diff=-4",2,"   0: getstatic #35 |    3: aload_1  | >>>4: invokedynamic #478,  0 |    9: ldc #41 |    11: invokevirtual #43","   0: getstatic #35 |    3: aload_1  | >>>4: invokedynamic #476,  0 |    9: ldc #41 |    11: invokevirtual #43"
zombie/network/chat/ChatServer,removeSafehouseChat,(Ljava/lang/String;)V,SORTED_MULTISET,54,56,2,RECOMP_EXTRA_2,"Recomp has 2 extra insns: {'iconst_0': 1, 'istore_2': 1, 'goto': 4}",2,"   0: getstatic #35 |    3: aload_1  | >>>4: invokedynamic #484,  0 |    9: ldc #41 |    11: invokevirtual #43","   0: getstatic #35 |    3: aload_1  | >>>4: invokedynamic #482,  0 |    9: ldc #41 |    11: invokevirtual #43"
zombie/network/packets/EventPacket,set,(Lzombie/characters/IsoPlayer;Ljava/lang/String;)Z,STRUCTURAL,413,412,-1,ORIG_EXTRA_INSN,"Original has extra: 960, 960, 960",67,   121: iload 6 |    123: iload 5 | >>>125: if_icmpge 1018 |    128: aload 4 |    130: iload 6,   121: iload 6 |    123: iload 5 | >>>125: if_icmpge 1015 |    128: aload 4 |    130: iload 6
zombie/network/packets/StopSoundPacket,process,()V,STRUCTURAL,43,42,-1,ORIG_EXTRA_RETURN,Original has extra return,10,   17: astore_2  |    18: aload_2  | >>>19: ifnull 56 |    22: aload_0  |    23: getfield #24,   17: astore_2  |    18: aload_2  | >>>19: ifnull 58 |    22: aload_0  |    23: getfield #24
zombie/popman/LoadedAreas,isOnEdge,(II)Z,STRUCTURAL,129,129,0,BRANCH_INV_RESTRUCTURED,1 inv + 13 other opcode diffs (block reorder),26,   36: iload_3  |    37: aload_0  | >>>38: getfield #147 |    41: if_icmpge 201 |    44: iload_3 ,   36: iload_3  |    37: aload_0  | >>>38: getfield #145 |    41: if_icmpge 201 |    44: iload_3 
zombie/popman/MPDebugInfo,serverPacket,(Ljava/nio/ByteBuffer;Lzombie/core/raknet/UdpConnection;)V,STRUCTURAL,276,275,-1,ORIG_EXTRA_RETURN,Original has extra return,0,>>>0: getstatic #192 |    3: ifne 7 |    6: return ,>>>0: getstatic #188 |    3: ifne 7 |    6: return 
zombie/popman/NetworkZombiePacker,getZombieData,(Lzombie/core/raknet/UdpConnection;Ljava/nio/ByteBuffer;)I,STRUCTURAL,110,111,1,BRANCH_INV_RESTRUCTURED,1 inv + 44 other opcode diffs (block reorder),1,   0: aload_2  | >>>1: invokevirtual #312 |    4: istore_3  |    5: aload_2 ,   0: aload_2  | >>>1: invokevirtual #310 |    4: istore_3  |    5: aload_2 
zombie/popman/NetworkZombieSimulator,added,()V,STRUCTURAL,71,71,0,OPCODE_DIFF,12 opcode differences: #10 invokevirtual->invokeinterface; #13 invokevirtual->invokeinterface; #47 astore_3->astore_2,10,"   16: astore_2  |    17: aload_2  | >>>18: invokeinterface #144,  1 |    23: ifeq 94 |    26: aload_2 ",   16: astore_2  |    17: aload_2  | >>>18: invokevirtual #144 |    21: ifeq 90 |    24: aload_2 
zombie/profanity/ProfanityFilter,filterString,(Ljava/lang/String;)Ljava/lang/String;,STRUCTURAL,77,73,-4,COUNT_DIFF_-4,"Instruction count diff=-4, goto diff=+0, return diff=+0",2,   0: aload_0  |    1: getfield #21 | >>>4: ifeq 161 |    7: aload_0  |    8: getfield #75,   0: aload_0  |    1: getfield #21 | >>>4: ifeq 157 |    7: aload_0  |    8: getfield #75
zombie/radio/RadioDebugConsole,update,()V,STRUCTURAL,66,65,-1,ORIG_EXTRA_2,"Original has 2 extra insns: {'astore_3': 1, 'aload_3': 2, 'astore': 1, 'aload': 4, 'istore_2': 1, 'iload_2': 3, '206': 1, '203': 1, 'goto': 2}",0,>>>0: invokestatic #70 |    3: invokevirtual #76 |    6: astore_1 ,>>>0: invokestatic #68 |    3: invokevirtual #74 |    6: astore_1 
zombie/radio/RadioXmlReader,LoadTranslatorNames,(Ljava/lang/String;)Ljava/util/ArrayList;,STRUCTURAL,37,35,-2,ORIG_EXTRA_2,"Original has 2 extra insns: {'aload_1': 1, 'astore': 1}",28,   53: aload_3  |    54: invokevirtual #158 | >>>57: aload_1  |    58: astore 4 |    60: getstatic #134,   53: aload_3  |    54: invokevirtual #158 | >>>57: getstatic #134 |    60: ldc #166 |    62: invokestatic #142
zombie/radio/RadioXmlReader,createGlobal,(Ljava/lang/String;Ljava/lang/String;Ljava/lang/String;)Lzombie/radio/globals/RadioGlobal;,STRUCTURAL,50,50,0,BRANCH_INV_RESTRUCTURED,1 inv + 45 other opcode diffs (block reorder),1,   0: aload_1  | >>>1: ifnull 12 |    4: aload_2  |    5: ifnull 12,   0: aload_1  | >>>1: ifnull 123 |    4: aload_2  |    5: ifnull 123
zombie/radio/RadioXmlReader,readTranslatorNames,(Ljava/lang/String;)Ljava/util/ArrayList;,SORTED_MULTISET,80,81,1,BRANCH_TARGET_DIFF,1 branch targets differ: #92 goto 237 vs 243,92,   227: pop  |    228: goto 180 | >>>231: goto 237 |    234: goto 135 |    237: goto 243,   227: pop  |    228: goto 180 | >>>231: goto 243 |    234: goto 135 |    237: goto 243
zombie/radio/StorySounds/SLSoundManager,updateKeys,()V,STRUCTURAL,38,37,-1,ORIG_EXTRA_2,"Original has 2 extra insns: {'astore_2': 1, 'aload_2': 2, 'astore_3': 1, 'aload_3': 4, 'istore_1': 1, 'iload_1': 3, '153': 1, '150': 1, 'goto': 2}",2,"   0: aload_0  |    1: getfield #17 | >>>4: invokevirtual #174 |    7: invokeinterface #178,  1 |    12: astore_2 ","   0: aload_0  |    1: getfield #17 | >>>4: invokevirtual #172 |    7: invokeinterface #176,  1 |    12: astore_1 "
zombie/radio/ZomboidRadio,Init,(I)V,STRUCTURAL,239,239,0,COUNT_DIFF_-4,"Instruction count diff=-4, goto diff=+1, return diff=-2",1,   0: iconst_0  | >>>1: putstatic #217 |    4: iconst_0  |    5: istore_2 ,   0: iconst_0  | >>>1: putstatic #215 |    4: iconst_0  |    5: istore_2 
zombie/radio/ZomboidRadio,Load,()Z,SORTED_MULTISET,153,161,8,BLOCK_REORDER,"Likely block reorder (sim=96.9%), added={'iconst_0': 1, 'ireturn': 1, 'istore': 2, 'iload_1': 1, 'iload': 1}, removed={}",3,   1: istore_1  |    2: aload_0  | >>>3: invokevirtual #257 |    6: astore_2  |    7: aload_2 ,   1: istore_1  |    2: aload_0  | >>>3: invokevirtual #255 |    6: astore_2  |    7: aload_2 
zombie/radio/devices/DeviceData,sendDeviceDataStatePacket,(Lzombie/core/raknet/UdpConnection;S)V,STRUCTURAL,244,243,-1,COUNT_DIFF_+3,"Instruction count diff=+3, goto diff=-1, return diff=+0",1,   0: aload_1  | >>>1: invokevirtual #714 |    4: astore_3  |    5: getstatic #718,   0: aload_1  | >>>1: invokevirtual #712 |    4: astore_3  |    5: getstatic #716
zombie/radio/devices/DeviceData,receiveDeviceDataStatePacket,(Ljava/nio/ByteBuffer;Lzombie/core/raknet/UdpConnection;)V,SORTED_MULTISET,335,335,0,BRANCH_INV_RESTRUCTURED,1 inv + 206 other opcode diffs (block reorder),0,>>>0: getstatic #598 |    3: ifne 13 |    6: getstatic #522,>>>0: getstatic #596 |    3: ifne 12 |    6: getstatic #520
zombie/randomizedWorld/randomizedBuilding/RBBasic,generateCounterClutter,(Lzombie/iso/IsoDirections;Lzombie/iso/IsoObject;Lzombie/iso/IsoGridSquare;Ljava/util/HashMap;)V,STRUCTURAL,330,330,0,ORIG_EXTRA_INSN,"Original has extra: goto, 264, 295",19,   33: iload 8 |    35: iload 6 | >>>37: if_icmpge 113 |    40: iconst_1  |    41: iconst_5 ,   33: iload 8 |    35: iload 6 | >>>37: if_icmpge 110 |    40: iconst_1  |    41: iconst_5 
zombie/randomizedWorld/randomizedBuilding/RBBasic,generateSinkClutter,(Lzombie/iso/IsoDirections;Lzombie/iso/IsoObject;Lzombie/iso/IsoGridSquare;Ljava/util/HashMap;)V,STRUCTURAL,310,310,0,ORIG_EXTRA_INSN,"Original has extra: goto, 264, 289",19,   33: iload 8 |    35: iload 6 | >>>37: if_icmpge 113 |    40: iconst_1  |    41: iconst_5 ,   33: iload 8 |    35: iload 6 | >>>37: if_icmpge 110 |    40: iconst_1  |    41: iconst_5 
zombie/randomizedWorld/randomizedBuilding/RBBasic,addRandomDeadSurvivorStory,(Lzombie/iso/BuildingDef;)V,STRUCTURAL,43,42,-1,BRANCH_INV_RESTRUCTURED,1 inv + 11 other opcode diffs (block reorder),30,   67: iload_2  |    68: iload 4 | >>>70: if_icmpge 102 |    73: aload 5 |    75: aload_1 ,   67: iload_2  |    68: iload 4 | >>>70: if_icmplt 76 |    73: goto 28 |    76: aload 5
zombie/randomizedWorld/randomizedBuilding/RBTableStory,getItemFromSSI,(Lzombie/randomizedWorld/randomizedBuilding/RBTableStory$StorySpawnItem;)Ljava/lang/String;,STRUCTURAL,50,48,-2,ORIG_EXTRA_INSN,"Original has extra: goto, areturn, aconst_null",10,   17: aload_1  |    18: getfield #202 | >>>21: ifnull 114 |    24: aload_1  |    25: getfield #202,   17: aload_1  |    18: getfield #202 | >>>21: ifnull 113 |    24: aload_1  |    25: getfield #202
zombie/randomizedWorld/randomizedDeadSurvivor/RDSZombieLockedBathroom,randomizeDeadSurvivor,(Lzombie/iso/BuildingDef;)V,STRUCTURAL,152,151,-1,ORIG_EXTRA_INSN,"Original has extra: ifne, goto",8,   6: getfield #1 |    9: invokevirtual #7 | >>>12: if_icmpge 373 |    15: aload_1  |    16: getfield #1,   6: getfield #1 |    9: invokevirtual #7 | >>>12: if_icmpge 370 |    15: aload_1  |    16: getfield #1
zombie/randomizedWorld/randomizedVehicleStory/RVSAmbulanceCrash,spawnElement,(Lzombie/randomizedWorld/randomizedVehicleStory/VehicleStorySpawner;Lzombie/randomizedWorld/randomizedVehicleStory/VehicleStorySpawner$Element;)V,SORTED_MULTISET,112,111,-1,RECOMP_EXTRA_INSN,"Recomp has extra: astore, aload, 72",18,   30: getfield #110 |    33: astore 6 | >>>35: iconst_m1  |    36: istore 7 |    38: aload 6,   30: getfield #110 |    33: astore 6 | >>>35: aload 6 |    37: astore 7 |    39: iconst_m1 
zombie/randomizedWorld/randomizedVehicleStory/RVSBanditRoad,spawnElement,(Lzombie/randomizedWorld/randomizedVehicleStory/VehicleStorySpawner;Lzombie/randomizedWorld/randomizedVehicleStory/VehicleStorySpawner$Element;)V,STRUCTURAL,152,151,-1,RECOMP_EXTRA_INSN,"Recomp has extra: astore, aload, 96",18,   30: getfield #120 |    33: astore 6 | >>>35: iconst_m1  |    36: istore 7 |    38: aload 6,   30: getfield #120 |    33: astore 6 | >>>35: aload 6 |    37: astore 7 |    39: iconst_m1 
zombie/randomizedWorld/randomizedVehicleStory/RVSChangingTire,spawnElement,(Lzombie/randomizedWorld/randomizedVehicleStory/VehicleStorySpawner;Lzombie/randomizedWorld/randomizedVehicleStory/VehicleStorySpawner$Element;)V,STRUCTURAL,197,196,-1,RECOMP_EXTRA_INSN,"Recomp has extra: astore, aload, 160",18,   30: aload_2  |    31: getfield #105 | >>>34: getfield #121 |    37: aload_3  |    38: getfield #124,   30: aload_2  |    31: getfield #105 | >>>34: getfield #123 |    37: aload_3  |    38: getfield #126
zombie/randomizedWorld/randomizedVehicleStory/RVSCrashHorde,spawnElement,(Lzombie/randomizedWorld/randomizedVehicleStory/VehicleStorySpawner;Lzombie/randomizedWorld/randomizedVehicleStory/VehicleStorySpawner$Element;)V,STRUCTURAL,170,169,-1,RECOMP_EXTRA_INSN,"Recomp has extra: astore, aload, 72",22,   38: getfield #113 |    41: astore 7 | >>>43: iconst_m1  |    44: istore 8 |    46: aload 7,   38: getfield #113 |    41: astore 7 | >>>43: aload 7 |    45: astore 8 |    47: iconst_m1 
zombie/randomizedWorld/randomizedVehicleStory/RVSFlippedCrash,spawnElement,(Lzombie/randomizedWorld/randomizedVehicleStory/VehicleStorySpawner;Lzombie/randomizedWorld/randomizedVehicleStory/VehicleStorySpawner$Element;)V,STRUCTURAL,161,160,-1,RECOMP_EXTRA_INSN,"Recomp has extra: astore, aload, 72",22,   38: getfield #110 |    41: astore 7 | >>>43: iconst_m1  |    44: istore 8 |    46: aload 7,   38: getfield #110 |    41: astore 7 | >>>43: aload 7 |    45: astore 8 |    47: iconst_m1 
zombie/randomizedWorld/randomizedVehicleStory/RVSPoliceBlockadeShooting,spawnElement,(Lzombie/randomizedWorld/randomizedVehicleStory/VehicleStorySpawner;Lzombie/randomizedWorld/randomizedVehicleStory/VehicleStorySpawner$Element;)V,STRUCTURAL,298,297,-1,RECOMP_EXTRA_INSN,"Recomp has extra: astore, aload, 96",22,   38: getfield #150 |    41: astore 7 | >>>43: iconst_m1  |    44: istore 8 |    46: aload 7,   38: getfield #150 |    41: astore 7 | >>>43: aload 7 |    45: astore 8 |    47: iconst_m1 
zombie/randomizedWorld/randomizedVehicleStory/RVSTrailerCrash,spawnElement,(Lzombie/randomizedWorld/randomizedVehicleStory/VehicleStorySpawner;Lzombie/randomizedWorld/randomizedVehicleStory/VehicleStorySpawner$Element;)V,STRUCTURAL,146,145,-1,RECOMP_EXTRA_INSN,"Recomp has extra: astore, aload, 80",22,   38: getfield #122 |    41: astore 7 | >>>43: iconst_m1  |    44: istore 8 |    46: aload 7,   38: getfield #122 |    41: astore 7 | >>>43: aload 7 |    45: astore 8 |    47: iconst_m1 
zombie/randomizedWorld/randomizedZoneStory/RandomizedZoneStoryBase,isValidForStory,(Lzombie/iso/IsoMetaGrid$Zone;Z)Z,STRUCTURAL,54,52,-2,ORIG_EXTRA_INSN,"Original has extra: goto, ireturn, iconst_1",44,   81: getfield #58 |    84: invokevirtual #62 | >>>87: ifeq 98 |    90: aload_0  |    91: invokestatic #68,   81: getfield #58 |    84: invokevirtual #62 | >>>87: ifeq 97 |    90: aload_0  |    91: invokestatic #68
zombie/sandbox/CustomSandboxOptions,parse,(Ljava/lang/String;)V,STRUCTURAL,64,64,0,CONST_POOL_DIFF,2 constant pool refs differ,62,   133: ldc #200 |    135: iconst_1  | >>>136: anewarray #4 |    139: dup  |    140: iconst_0 ,   133: ldc #200 |    135: iconst_1  | >>>136: anewarray #2 |    139: dup  |    140: iconst_0 
zombie/savefile/PlayerDB,loadPlayer,(ILzombie/characters/IsoPlayer;)Z,FUZZY_COMPUTATION,56,56,0,RECOMP_EXTRA_INSN,"Recomp has extra: iconst_0, istore, iload",47,   84: aload 4 |    86: invokestatic #81 | >>>89: aload_0  |    90: aload_3  |    91: invokevirtual #162,   84: aload 4 |    86: invokestatic #81 | >>>89: iconst_0  |    90: istore 5 |    92: aload_0 
zombie/savefile/PlayerDB,loadLocalPlayerInfo,(I)Z,FUZZY_COMPUTATION,95,97,2,LARGE_STRUCTURAL_DIFF_+6,"Major structural diff=+6, similarity=91.1%",10,"   14: aload_2  |    15: invokeinterface #329,  2 | >>>20: ifeq 140 |    23: aload_2  |    24: getfield #332","   14: aload_2  |    15: invokeinterface #329,  2 | >>>20: ifne 32 |    23: iconst_0  |    24: istore_3 "
zombie/savefile/PlayerDB$PlayerData,setBytes,(Ljava/io/InputStream;)V,STRUCTURAL,28,28,0,ORIG_EXTRA_INSN,"Original has extra: goto, aload_2, aload_3",3,   3: dup  |    4: aload_0  | >>>5: getfield #22 |    8: iconst_1  |    9: invokespecial #151,   3: dup  |    4: aload_0  | >>>5: getfield #20 |    8: iconst_1  |    9: invokespecial #151
zombie/savefile/PlayerDB$SQLPlayerStore,isInDB,(I)Z,SORTED_MULTISET,35,31,-4,BLOCK_REORDER,"Likely block reorder (sim=97.8%), added={'goto': 1}, removed={'iconst_1': 2, 'if_icmpne': 1, 'iconst_0': 1, 'return': 2}",0,>>>0: ldc #149 |    2: astore_2  |    3: aload_0 ,>>>0: ldc #147 |    2: astore_2  |    3: aload_0 
zombie/savefile/PlayerDBHelper,isPlayerAlive,(Ljava/lang/String;I)Z,SORTED_MULTISET,114,114,0,BRANCH_INV_RESTRUCTURED,1 inv + 304 other opcode diffs (block reorder),64,"   129: aload 7 |    131: invokeinterface #151,  1 | >>>136: ifeq 184 |    139: aload 7 |    141: iconst_1 ","   129: aload 7 |    131: invokeinterface #151,  1 | >>>136: ifne 169 |    139: iconst_0  |    140: istore 8"
zombie/savefile/PlayerDBHelper,setPlayer1,(Ljava/lang/String;I)V,SORTED_MULTISET,246,246,0,ORIG_EXTRA_INSN,"Original has extra: return, ifne, return",6,   10: iload_1  |    11: iconst_1  | >>>12: if_icmpne 16 |    15: return  |    16: new #17,   10: iload_1  |    11: iconst_1  | >>>12: if_icmpne 18 |    15: goto 612 |    18: new #17
zombie/savefile/ServerPlayerDB,serverUpdateNetworkCharacterInt,(Lzombie/savefile/ServerPlayerDB$NetworkCharacterData;)V,SORTED_MULTISET,233,233,0,ORIG_EXTRA_INSN,"Original has extra: if_icmplt, return, goto",2,   0: aload_1  |    1: getfield #109 | >>>4: iflt 15 |    7: aload_1  |    8: getfield #109,   0: aload_1  |    1: getfield #109 | >>>4: iflt 609 |    7: aload_1  |    8: getfield #109
zombie/scripting/ScriptManager,LoadFile,(Ljava/lang/String;Z)V,SORTED_MULTISET,152,155,3,COUNT_DIFF_+3,"Instruction count diff=+3, goto diff=+3, return diff=-2",20,   48: ldc #166 |    50: invokevirtual #168 | >>>53: ifeq 102 |    56: aload_1  |    57: iconst_0 ,   48: ldc #166 |    50: invokevirtual #168 | >>>53: ifeq 104 |    56: aload_1  |    57: iconst_0 
zombie/scripting/ScriptManager,Load,()V,SORTED_MULTISET,252,253,1,BRANCH_INV_RESTRUCTURED,1 inv + 89 other opcode diffs (block reorder),157,"   356: aload 6 |    358: invokeinterface #444,  1 | >>>363: ifeq 461 |    366: aload 6 |    368: invokeinterface #449,  1","   356: aload 6 |    358: invokeinterface #444,  1 | >>>363: ifeq 464 |    366: aload 6 |    368: invokeinterface #449,  1"
zombie/scripting/ScriptParser,parseTokens,(Ljava/lang/String;)Ljava/util/ArrayList;,STRUCTURAL,82,82,0,ORIG_EXTRA_INSN,"Original has extra: goto, aload_0, invokevirtual",17,   21: invokevirtual #106 |    24: iconst_m1  | >>>25: if_icmpne 31 |    28: goto 116 |    31: aload_0 ,   21: invokevirtual #106 |    24: iconst_m1  | >>>25: if_icmpne 49 |    28: aload_0  |    29: invokevirtual #37
zombie/scripting/ScriptParser$Block,getBlock,(Ljava/lang/String;Ljava/lang/String;)Lzombie/scripting/ScriptParser$Block;,SORTED_MULTISET,29,34,5,COUNT_DIFF_+4,"Instruction count diff=+4, goto diff=+2, return diff=+0",4,"   4: invokevirtual #48 |    7: astore_3  | >>>8: aload_3  |    9: invokeinterface #52,  1 |    14: ifeq 78",   4: invokevirtual #48 |    7: astore_3  | >>>8: aconst_null  |    9: astore 4 |    11: aload_3 
zombie/scripting/ScriptParsingUtils,SplitExceptInbetween,(Ljava/lang/String;Ljava/lang/String;Ljava/lang/String;Ljava/lang/String;)[Ljava/lang/String;,STRUCTURAL,216,214,-2,ORIG_EXTRA_2,"Original has 2 extra insns: {'iload': 1, 'istore': 1}",63,   102: ldc #54 |    104: astore_0  | >>>105: goto 323 |    108: iload 7 |    110: iload 5,   102: ldc #54 |    104: astore_0  | >>>105: goto 319 |    108: iload 7 |    110: iload 5
zombie/scripting/objects/EvolvedRecipe,addItem,(Lzombie/inventory/InventoryItem;Lzombie/inventory/InventoryItem;Lzombie/characters/IsoGameCharacter;)Lzombie/inventory/InventoryItem;,STRUCTURAL,716,718,2,RECOMP_EXTRA_2,"Recomp has 2 extra insns: {'ifne': 1, 'goto': 1, 'aload': 22, 'checkcast': 1}",7,   10: aload_1  |    11: invokevirtual #242 | >>>14: ifne 398 |    17: aload_1  |    18: instanceof #215,   10: aload_1  |    11: invokevirtual #242 | >>>14: ifne 420 |    17: aload_1  |    18: instanceof #215
zombie/scripting/objects/VehicleScript,Load,(Ljava/lang/String;Ljava/lang/String;)V,SORTED_MULTISET,1035,1033,-2,ORIG_EXTRA_INSN,"Original has extra: astore, aload, ifeq",36,"   73: aload 5 |    75: invokeinterface #272,  1 | >>>80: ifeq 2638 |    83: aload 5 |    85: invokeinterface #278,  1","   73: aload 5 |    75: invokeinterface #272,  1 | >>>80: ifeq 2637 |    83: aload 5 |    85: invokeinterface #278,  1"
zombie/text/templating/TemplateText,RandNext,(FF)F,STRUCTURAL,23,23,0,OPCODE_DIFF,10 opcode differences: #1 fstore_2->fload_1; #2 fload_0->fcmpl; #3 fload_1->ifne,1,   0: fload_0  | >>>1: fload_1  |    2: fcmpl  |    3: ifne 8,   0: fload_0  | >>>1: fstore_2  |    2: fload_0  |    3: fload_1 
zombie/text/templating/TemplateText,RandNext,(II)I,STRUCTURAL,20,20,0,OPCODE_DIFF,8 opcode differences: #1 istore_2->iload_1; #2 iload_0->if_icmpne; #3 iload_1->iload_0,1,   0: iload_0  | >>>1: iload_1  |    2: if_icmpne 7 |    5: iload_0 ,   0: iload_0  | >>>1: istore_2  |    2: iload_0  |    3: iload_1 
zombie/ui/MoodlesUI,update,()V,SORTED_MULTISET,253,255,2,COUNT_DIFF_+4,"Instruction count diff=+4, goto diff=+1, return diff=-1",4,   4: aload_0  |    5: getfield #207 | >>>8: ifnonnull 12 |    11: return  |    12: aload_0 ,   4: aload_0  |    5: getfield #207 | >>>8: ifnonnull 14 |    11: goto 446 |    14: aload_0 
zombie/ui/TextBox,Paginate,()V,STRUCTURAL,90,90,0,OPCODE_DIFF,13 opcode differences: #86 aload_0->aload; #87 getfield->astore; #88 aload->aload_0,19,   28: iload 5 |    30: iload 4 | >>>32: if_icmpge 200 |    35: aload_3  |    36: iload 5,   28: iload 5 |    30: iload 4 | >>>32: if_icmpge 202 |    35: aload_3  |    36: iload 5
zombie/ui/TextDrawObject,tryColorInt,(Ljava/lang/String;)I,SORTED_MULTISET,24,22,-2,ORIG_EXTRA_INSN,"Original has extra: goto, astore_2",19,   33: iload_2  |    34: ireturn  | >>>35: goto 41 |    38: astore_2  |    39: iconst_m1 ,   33: iload_2  |    34: ireturn  | >>>35: iconst_m1  |    36: ireturn  |    37: astore_2 
zombie/ui/UIDebugConsole,update,()V,STRUCTURAL,254,255,1,BRANCH_INV_RESTRUCTURED,1 inv + 147 other opcode diffs (block reorder),3,   1: invokevirtual #217 |    4: invokevirtual #221 | >>>7: ifne 11 |    10: return  |    11: aload_0 ,   1: invokevirtual #217 |    4: invokevirtual #221 | >>>7: ifeq 568 |    10: aload_0  |    11: invokevirtual #252
zombie/ui/UIDebugConsole,ProcessCommand,()V,STRUCTURAL,103,102,-1,BRANCH_INV_RESTRUCTURED,1 inv + 97 other opcode diffs (block reorder),3,   1: getfield #157 |    4: getfield #381 | >>>7: ifnull 225 |    10: aload_0  |    11: getfield #157,   1: getfield #157 |    4: getfield #381 | >>>7: ifnonnull 13 |    10: goto 229 |    13: aload_0 
zombie/ui/UIManager,update,()V,SORTED_MULTISET,1092,1090,-2,BLOCK_REORDER,"Likely block reorder (sim=99.2%), added={'ifne': 1, 'ifeq': 3}, removed={'return': 1, 'iconst_1': 4, 'if_icmpne': 4}",0,>>>0: getstatic #379 |    3: ifeq 7 |    6: return ,>>>0: getstatic #377 |    3: ifne 2677 |    6: getstatic #7
zombie/ui/UITextBox2,Paginate,()V,STRUCTURAL,210,210,0,OPCODE_DIFF,25 opcode differences: #189 aload_0->aload; #190 getfield->astore; #191 aload->aload_0,54,   104: aload_0  |    105: getfield #82 | >>>108: ifne 133 |    111: aload_0  |    112: getfield #10,   104: aload_0  |    105: getfield #82 | >>>108: ifne 135 |    111: aload_0  |    112: getfield #10
zombie/ui/UITextBox2,onMouseDown,(DD)Ljava/lang/Boolean;,SORTED_MULTISET,201,200,-1,ORIG_EXTRA_INSN,"Original has extra: goto, getstatic, areturn",136,   281: aload_0  |    282: getfield #76 | >>>285: ifeq 412 |    288: getstatic #196 |    291: aload_0 ,   281: aload_0  |    282: getfield #76 | >>>285: ifeq 413 |    288: getstatic #196 |    291: aload_0 
zombie/util/AddCoopPlayer,update,()V,STRUCTURAL,419,416,-3,COUNT_DIFF_-4,"Instruction count diff=-4, goto diff=-3, return diff=+0",7,   11: tableswitch { |    1: 56  | >>>2: 170  |    3: 173  |    4: 503 ,   11: tableswitch { |    1: 56  | >>>2: 167  |    3: 167  |    4: 167 
zombie/util/AddCoopPlayer$1,<clinit>,()V,SORTED_MULTISET,59,59,0,IDENTICAL,Instructions appear identical,61,   131: astore_0  |    132: return ,   131: astore_0  |    132: return 
zombie/util/PZXmlUtil,resolve,(Lorg/w3c/dom/Element;Lorg/w3c/dom/Element;Lorg/w3c/dom/Document;)Lorg/w3c/dom/Element;,SORTED_MULTISET,282,281,-1,ORIG_EXTRA_2,"Original has 2 extra insns: {'astore_3': 1, 'aload_3': 1, 'iinc': 1}",2,   0: aload_0  |    1: invokestatic #137 | >>>4: ifeq 21 |    7: aload_2  |    8: aload_0 ,   0: aload_0  |    1: invokestatic #137 | >>>4: ifeq 19 |    7: aload_2  |    8: aload_0 
zombie/util/list/PZArrayUtil,contains,(Ljava/util/Collection;Ljava/util/function/Predicate;)Z,STRUCTURAL,37,33,-4,BRANCH_INV_RESTRUCTURED,2 inv + 6 other opcode diffs (block reorder),22,"   43: aload 4 |    45: invokeinterface #88,  2 | >>>50: ifeq 58 |    53: iconst_1  |    54: istore_2 ","   43: aload 4 |    45: invokeinterface #88,  2 | >>>50: ifne 56 |    53: goto 25 |    56: iconst_1 "
zombie/util/list/PZArrayUtil,contains,(Ljava/lang/Iterable;Ljava/util/function/Predicate;)Z,STRUCTURAL,42,38,-4,BRANCH_INV_RESTRUCTURED,1 inv + 3 other opcode diffs (block reorder),27,"   52: aload 4 |    54: invokeinterface #88,  2 | >>>59: ifeq 67 |    62: iconst_1  |    63: istore_2 ","   52: aload 4 |    54: invokeinterface #88,  2 | >>>59: ifne 65 |    62: goto 34 |    65: iconst_1 "
zombie/util/list/PrimitiveFloatList,forEach,(Ljava/util/function/Consumer;)V,SORTED_MULTISET,7,6,-1,COUNT_DIFF_-3,"Instruction count diff=-3, goto diff=+0, return diff=+0",0,>>>0: aload_1  |    1: invokestatic #7 |    4: pop ,>>>0: aload_0  |    1: aload_1  |    2: dup 
zombie/vehicles/AttackVehicleState,isPassengerExposed,(Lzombie/characters/IsoGameCharacter;)Z,FUZZY_COMPUTATION,80,82,2,ORIG_EXTRA_INSN,"Original has extra: ifnonnull, goto",43,   77: aload_1  |    78: invokevirtual #232 | >>>81: ifeq 178 |    84: aload 4 |    86: iload 7,   77: aload_1  |    78: invokevirtual #232 | >>>81: ifeq 175 |    84: aload 4 |    86: iload 7
zombie/vehicles/BaseVehicle,updateTransform,()V,STRUCTURAL,445,443,-2,ORIG_EXTRA_2,"Original has 2 extra insns: {'return': 1, 'aload': 1, 'astore': 1}",1,   0: aload_0  | >>>1: getfield #1633 |    4: getfield #1637 |    7: ifnonnull 11,   0: aload_0  | >>>1: getfield #1621 |    4: getfield #1625 |    7: ifnonnull 13
zombie/vehicles/BaseVehicle,setLightbarLightsMode,(I)V,STRUCTURAL,14,15,1,RECOMP_EXTRA_INSN,"Recomp has extra: aload_0, goto",1,   0: aload_0  | >>>1: getfield #279 |    4: iload_1  |    5: invokevirtual #2576,   0: aload_0  | >>>1: getfield #273 |    4: iload_1  |    5: invokevirtual #2566
zombie/vehicles/BaseVehicle,setActiveInBullet,(Z)V,STRUCTURAL,6,6,0,BRANCH_INVERSION_ONLY,1 inversions: #4 ifne->ifeq,1,   0: iload_1  | >>>1: ifne 12 |    4: aload_0  |    5: invokevirtual #1898,   0: iload_1  | >>>1: ifne 11 |    4: aload_0  |    5: invokevirtual #1886
zombie/vehicles/BaseVehicle,addPointConstraint,(Lzombie/characters/IsoPlayer;Lzombie/vehicles/BaseVehicle;Ljava/lang/String;Ljava/lang/String;Ljava/lang/Boolean;)V,STRUCTURAL,189,189,0,ORIG_EXTRA_2,"Original has 2 extra insns: {'astore': 1, 'aload': 21, 'ifnull': 1, 'ifnonnull': 1, 'invokevirtual': 2, 'return': 1}",5,   5: ifnull 75 |    8: aload_1  | >>>9: getfield #5635 |    12: aload_1  |    13: getfield #5636,   5: ifnull 75 |    8: aload_1  | >>>9: getfield #5622 |    12: aload_1  |    13: getfield #5623
zombie/vehicles/BaseVehicle,canAttachTrailer,(Lzombie/vehicles/BaseVehicle;Ljava/lang/String;Ljava/lang/String;Z)Z,STRUCTURAL,135,135,0,ORIG_EXTRA_2,"Original has 2 extra insns: {'astore': 1, 'aload': 7, 'if_icmpeq': 2, 'iconst_0': 4, 'ireturn': 4, 'ifnonnull': 1, 'ifne': 1}",1,   0: aload_0  | >>>1: astore 5 |    3: aload 5 |    5: aload_1 ,   0: aload_0  | >>>1: aload_1  |    2: if_acmpeq 307 |    5: aload_0 
zombie/vehicles/BaseVehicle,checkCollision,(Lzombie/characters/IsoGameCharacter;)Lzombie/vehicles/BaseVehicle$HitVars;,STRUCTURAL,38,36,-2,ORIG_EXTRA_INSN,"Original has extra: goto, areturn, aconst_null",1,   0: aload_1  | >>>1: invokevirtual #5825 |    4: ifeq 44 |    7: aload_0 ,   0: aload_1  | >>>1: invokevirtual #5814 |    4: ifeq 43 |    7: aload_0 
zombie/vehicles/CircleLineIntersect,TEST,(Lorg/joml/Vector3f;FFFFLzombie/core/physics/CarController;)Z,STRUCTURAL,574,572,-2,ORIG_EXTRA_2,"Original has 2 extra insns: {'aload': 1, 'astore': 1}",171,   313: invokespecial #277 |    316: dup  | >>>317: astore 22 |    319: invokevirtual #215 |    322: pop ,   313: invokespecial #277 |    316: dup  | >>>317: astore 20 |    319: invokevirtual #215 |    322: pop 
zombie/vehicles/CollideWithObstacles,resolveCollision,(Lzombie/characters/IsoGameCharacter;FFLorg/joml/Vector2f;)Lorg/joml/Vector2f;,STRUCTURAL,927,926,-1,ORIG_EXTRA_INSN,"Original has extra: goto, if_acmpne",3,   2: fload_2  |    3: fload_3  | >>>4: invokevirtual #479 |    7: pop  |    8: aload_1 ,   2: fload_2  |    3: fload_3  | >>>4: invokevirtual #477 |    7: pop  |    8: aload_1 
zombie/vehicles/CollideWithObstacles$CCObjectOutline,setWest,(III[[Lzombie/vehicles/CollideWithObstacles$CCObjectOutline;)V,STRUCTURAL,73,71,-2,ORIG_EXTRA_2,"Original has 2 extra insns: {'aload': 1, 'astore': 1}",4,   2: iload_2  |    3: aload_3  | >>>4: invokestatic #59 |    7: astore 4 |    9: aload 4,   2: iload_2  |    3: aload_3  | >>>4: invokestatic #57 |    7: astore 4 |    9: aload 4
zombie/vehicles/CollideWithObstacles$CCObjectOutline,setNorth,(III[[Lzombie/vehicles/CollideWithObstacles$CCObjectOutline;)V,STRUCTURAL,73,71,-2,ORIG_EXTRA_2,"Original has 2 extra insns: {'aload': 1, 'astore': 1}",4,   2: iload_2  |    3: aload_3  | >>>4: invokestatic #59 |    7: astore 4 |    9: aload 4,   2: iload_2  |    3: aload_3  | >>>4: invokestatic #57 |    7: astore 4 |    9: aload 4
zombie/vehicles/EditVehicleState,fromLua1,(Ljava/lang/String;Ljava/lang/Object;)Ljava/lang/Object;,STRUCTURAL,51,49,-2,ORIG_EXTRA_2,"Original has 2 extra insns: {'astore_3': 1, 'iconst_m1': 1, 'istore': 2, 'aload_3': 2, '28': 1, 'iload': 1, '60': 1}",0,>>>0: aload_1  |    1: astore_3  |    2: iconst_m1 ,>>>0: iconst_m1  |    1: istore_3  |    2: aload_1 
zombie/vehicles/PathFindBehavior2,pathToVehicleSeat,(Lzombie/vehicles/BaseVehicle;I)V,STRUCTURAL,295,295,0,GOTO_RETURN_SWAP,2 goto/return swaps: #174 goto->return; #180 goto->return,147,   326: astore_3  |    327: aload_3  | >>>328: ifnonnull 401 |    331: aload_1  |    332: iload_2 ,   326: astore_3  |    327: aload_3  | >>>328: ifnonnull 405 |    331: aload_1  |    332: iload_2 
zombie/vehicles/PathFindState2,execute,(Lzombie/characters/IsoGameCharacter;)V,STRUCTURAL,93,93,0,GOTO_RETURN_SWAP,3 goto/return swaps: #22 goto->return; #64 goto->return; #76 goto->return,10,   14: aload_3  |    15: getstatic #70 | >>>18: if_acmpne 41 |    21: aload_1  |    22: iconst_m1 ,   14: aload_3  |    15: getstatic #70 | >>>18: if_acmpne 43 |    21: aload_1  |    22: iconst_m1 
zombie/vehicles/PolygonalMap2,findPath,(Lzombie/vehicles/PolygonalMap2$PathFindRequest;Z)Z,FUZZY_COMPUTATION,1620,1616,-4,ORIG_EXTRA_2,"Original has 2 extra insns: {'astore': 2, 'aload': 2, 'goto': 1}",3,   2: istore_3  |    3: aload_1  | >>>4: getfield #459 |    7: instanceof #465 |    10: ifne 17,   2: istore_3  |    3: aload_1  | >>>4: getfield #457 |    7: instanceof #463 |    10: ifne 17
zombie/vehicles/PolygonalMap2,cleanPath,(Ljava/util/ArrayList;Lzombie/vehicles/PolygonalMap2$PathFindRequest;ZZLzombie/vehicles/PolygonalMap2$SearchNode;)V,SORTED_MULTISET,423,424,1,RECOMP_EXTRA_INSN,"Recomp has extra: astore, pop",1,   0: aload_2  | >>>1: getfield #459 |    4: instanceof #614 |    7: ifeq 27,   0: aload_2  | >>>1: getfield #457 |    4: instanceof #612 |    7: ifeq 27
zombie/vehicles/PolygonalMap2$ConnectedRegions,floodFill,(II)V,SORTED_MULTISET,251,252,1,ORIG_EXTRA_INSN,"Original has extra: ifne, return, ifne",6,   6: aload_0  |    7: aload_0  | >>>8: getfield #40 |    11: bipush 10 |    13: imul ,   6: aload_0  |    7: aload_0  | >>>8: getfield #38 |    11: bipush 10 |    13: imul 
zombie/vehicles/PolygonalMap2$LineClearCollideMain,canStandAtOld,(Lzombie/vehicles/PolygonalMap2;FFFLzombie/vehicles/BaseVehicle;I)Z,STRUCTURAL,428,428,0,ORIG_EXTRA_2,"Original has 2 extra insns: {'ifeq': 1, 'ifne': 1, 'goto': 2, 'if_icmpeq': 1}",17,   26: istore 8 |    28: fload_2  | >>>29: ldc #63 |    31: fsub  |    32: f2d ,   26: istore 8 |    28: fload_2  | >>>29: ldc #61 |    31: fsub  |    32: f2d 
zombie/vehicles/PolygonalMap2$LineClearCollideMain,isNotClearOld,(Lzombie/vehicles/PolygonalMap2;FFFFILzombie/vehicles/BaseVehicle;I)Z,STRUCTURAL,1094,1094,0,BRANCH_INVERSION_ONLY,1 inversions: #349 ifne->ifeq,32,   54: iconst_0  |    55: istore 12 | >>>57: getstatic #73 |    60: getfield #79 |    63: fload_2 ,   54: iconst_0  |    55: istore 12 | >>>57: getstatic #71 |    60: getfield #77 |    63: fload_2 
zombie/vehicles/PolygonalMap2$LineClearCollideMain,getCollidepoint,(Lzombie/vehicles/PolygonalMap2;FFFFILzombie/vehicles/BaseVehicle;I)Lzombie/iso/Vector2;,STRUCTURAL,805,805,0,BRANCH_INVERSION_ONLY,1 inversions: #313 ifne->ifeq,35,   59: fload_3  |    60: fsub  | >>>61: fstore 14 |    63: fload 4 |    65: fload_2 ,   59: fload_3  |    60: fsub  | >>>61: fstore 13 |    63: fload 4 |    65: fload_2 
zombie/vehicles/PolygonalMap2$ObjectOutline,setWest,(III[[Lzombie/vehicles/PolygonalMap2$ObjectOutline;)V,STRUCTURAL,73,71,-2,ORIG_EXTRA_2,"Original has 2 extra insns: {'aload': 1, 'astore': 1}",4,   2: iload_2  |    3: aload_3  | >>>4: invokestatic #59 |    7: astore 4 |    9: aload 4,   2: iload_2  |    3: aload_3  | >>>4: invokestatic #57 |    7: astore 4 |    9: aload 4
zombie/vehicles/PolygonalMap2$ObjectOutline,setNorth,(III[[Lzombie/vehicles/PolygonalMap2$ObjectOutline;)V,STRUCTURAL,73,71,-2,ORIG_EXTRA_2,"Original has 2 extra insns: {'aload': 1, 'astore': 1}",4,   2: iload_2  |    3: aload_3  | >>>4: invokestatic #59 |    7: astore 4 |    9: aload 4,   2: iload_2  |    3: aload_3  | >>>4: invokestatic #57 |    7: astore 4 |    9: aload 4
zombie/vehicles/SurroundVehicle,update,()V,STRUCTURAL,137,136,-1,ORIG_EXTRA_GOTO,Original has 1 extra goto(s),55,   103: getfield #16 |    106: invokevirtual #130 | >>>109: if_icmpge 330 |    112: aload_0  |    113: getfield #16,   103: getfield #16 |    106: invokevirtual #130 | >>>109: if_icmpge 327 |    112: aload_0  |    113: getfield #16
zombie/vehicles/UI3DScene,fromLua1,(Ljava/lang/String;Ljava/lang/Object;)Ljava/lang/Object;,STRUCTURAL,789,789,0,ORIG_EXTRA_2,"Original has 2 extra insns: {'ifeq': 2, '1661': 1, '1691': 1, '1721': 1, '1740': 1, '1952': 1, '1971': 1, '1984': 1, '2003': 1, '2013': 1, '2026': 1, '2059': 1, '2137': 1, 'astore': 1, 'aload': 1, 'dup': 2, '1608': 1, '1644': 1, '1853': 1, '1870': 1, '1912': 1, '1923': 1, '1934': 1}",5,   3: istore 4 |    5: aload_3  | >>>6: invokevirtual #728 |    9: lookupswitch { |    3744723: 747 ,   3: istore 4 |    5: aload_3  | >>>6: invokevirtual #724 |    9: lookupswitch { |    3744723: 747 
zombie/vehicles/UI3DScene,fromLua2,(Ljava/lang/String;Ljava/lang/Object;Ljava/lang/Object;)Ljava/lang/Object;,STRUCTURAL,998,998,0,COUNT_DIFF_-3,"Instruction count diff=-3, goto diff=-1, return diff=+0",5,   4: istore 5 |    6: aload 4 | >>>8: invokevirtual #728 |    11: lookupswitch { |    407314410: 428 ,   4: istore 5 |    6: aload 4 | >>>8: invokevirtual #724 |    11: lookupswitch { |    407314410: 428 
zombie/vehicles/UI3DScene,fromLua9,(Ljava/lang/String;Ljava/lang/Object;Ljava/lang/Object;Ljava/lang/Object;Ljava/lang/Object;Ljava/lang/Object;Ljava/lang/Object;Ljava/lang/Object;Ljava/lang/Object;Ljava/lang/Object;)Ljava/lang/Object;,STRUCTURAL,97,95,-2,ORIG_EXTRA_2,"Original has 2 extra insns: {'aload_1': 1, 'astore': 1, 'aload': 2, '64': 1}",0,>>>0: aload_1  |    1: astore 11 |    3: iconst_m1 ,>>>0: iconst_m1  |    1: istore 11 |    3: aload_1 
zombie/vehicles/UI3DScene,calcMatrices,(Lorg/joml/Matrix4f;Lorg/joml/Matrix4f;)V,STRUCTURAL,128,127,-1,ORIG_EXTRA_INSN,"Original has extra: fstore_3, fload_3, fstore_3",1,   0: aload_0  | >>>1: invokevirtual #1397 |    4: i2f  |    5: fstore_3 ,   0: aload_0  | >>>1: invokevirtual #1395 |    4: i2f  |    5: fstore 6
zombie/vehicles/UI3DScene,intersect_ray_plane,(Lzombie/vehicles/UI3DScene$Plane;Lzombie/vehicles/UI3DScene$Ray;Lorg/joml/Vector3f;)I,STRUCTURAL,93,93,0,BRANCH_INV_RESTRUCTURED,1 inv + 41 other opcode diffs (block reorder),0,>>>0: invokestatic #519 |    3: aload_1  |    4: getfield #1503,>>>0: invokestatic #517 |    3: aload_1  |    4: getfield #1501
zombie/vehicles/UI3DScene$RotateGizmo,updateTracking,(FF)V,STRUCTURAL,194,194,0,BRANCH_INV_RESTRUCTURED,1 inv + 181 other opcode diffs (block reorder),4,   2: fload_2  |    3: aload_0  | >>>4: getfield #21 |    7: aload_0  |    8: getfield #29,   2: fload_2  |    3: aload_0  | >>>4: getfield #19 |    7: aload_0  |    8: getfield #27
zombie/vehicles/VehicleDBHelper,isPlayerAlive,(Ljava/lang/String;I)Z,SORTED_MULTISET,118,120,2,COUNT_DIFF_+4,"Instruction count diff=+4, goto diff=+0, return diff=+0",54,"   106: aconst_null  |    107: astore 7 | >>>109: aload_3  |    110: aload 6 |    112: invokeinterface #62,  2",   106: aconst_null  |    107: astore 7 | >>>109: iconst_0  |    110: istore 8 |    112: aload_3 
zombie/vehicles/VehicleManager,serverPacket,(Ljava/nio/ByteBuffer;Lzombie/core/raknet/UdpConnection;S)V,FUZZY_COMPUTATION,537,541,4,COUNT_DIFF_+4,"Instruction count diff=+4, goto diff=+0, return diff=+0",1,   0: aload_1  | >>>1: invokevirtual #582 |    4: istore 4 |    6: iload 4,   0: aload_1  | >>>1: invokevirtual #578 |    4: istore 4 |    6: iload 4
zombie/vehicles/VehicleManager,clientReceiveUpdate,(Ljava/nio/ByteBuffer;)V,STRUCTURAL,977,976,-1,ORIG_EXTRA_INSN,"Original has extra: istore_3, istore_3, istore_3",1,   0: aload_1  | >>>1: invokevirtual #585 |    4: istore_2  |    5: getstatic #130,   0: aload_1  | >>>1: invokevirtual #581 |    4: istore_2  |    5: getstatic #128
zombie/vehicles/VehicleManager,clientPacket,(Ljava/nio/ByteBuffer;)V,STRUCTURAL,577,577,0,OPCODE_DIFF,58 opcode differences: #6 696->677; #7 892->869; #8 1030->1003,1,   0: aload_1  | >>>1: invokevirtual #582 |    4: istore_2  |    5: iload_2 ,   0: aload_1  | >>>1: invokevirtual #578 |    4: istore_2  |    5: iload_2 
zombie/vehicles/VehiclesDB2,importPlayersFromOldDB,(Lzombie/vehicles/VehiclesDB2$IImportPlayerFromOldDB;)V,SORTED_MULTISET,141,142,1,RECOMP_EXTRA_INSN,"Recomp has extra: goto, ifeq, goto",8,   15: astore_2  |    16: aload_2  | >>>17: ifnull 27 |    20: aload_2  |    21: getfield #160,   15: astore_2  |    16: aload_2  | >>>17: ifnull 404 |    20: aload_2  |    21: getfield #160
zombie/vehicles/VehiclesDB2$SQLStore,isInDB,(I)Z,SORTED_MULTISET,35,31,-4,BLOCK_REORDER,"Likely block reorder (sim=98.7%), added={}, removed={'iconst_1': 2, 'if_icmpne': 1, 'iconst_0': 1, 'return': 1}",3,"   2: astore_2  |    3: aload_0  | >>>4: getfield #9 |    7: aload_2  |    8: invokeinterface #59,  2","   2: astore_2  |    3: aload_0  | >>>4: getfield #7 |    7: aload_2  |    8: invokeinterface #57,  2"
zombie/vehicles/VehiclesDB2$VehicleBuffer,setBytes,(Ljava/io/InputStream;)V,STRUCTURAL,28,28,0,ORIG_EXTRA_INSN,"Original has extra: goto, aload_2, aload_3",3,   3: dup  |    4: aload_0  | >>>5: getfield #22 |    8: iconst_1  |    9: invokespecial #158,   3: dup  |    4: aload_0  | >>>5: getfield #20 |    8: iconst_1  |    9: invokespecial #158
zombie/vehicles/test_IsQuadranglesAreTransposed,testIsQuadranglesAreTransposed_1,()V,SORTED_MULTISET,68,72,4,OPCODE_DIFF,62 opcode differences: #2 dup->astore_1; #3 iconst_0->aload_1; #4 new->iconst_0,2,   0: iconst_4  |    1: anewarray #7 | >>>4: astore_1  |    5: aload_1  |    6: iconst_0 ,   0: iconst_4  |    1: anewarray #7 | >>>4: dup  |    5: iconst_0  |    6: new #7
zombie/vehicles/test_IsQuadranglesAreTransposed,testIsQuadranglesAreTransposed_2,()V,SORTED_MULTISET,68,72,4,OPCODE_DIFF,62 opcode differences: #2 dup->astore_1; #3 iconst_0->aload_1; #4 new->iconst_0,2,   0: iconst_4  |    1: anewarray #7 | >>>4: astore_1  |    5: aload_1  |    6: iconst_0 ,   0: iconst_4  |    1: anewarray #7 | >>>4: dup  |    5: iconst_0  |    6: new #7
zombie/vehicles/test_IsQuadranglesAreTransposed,testIsQuadranglesAreTransposed_3,()V,SORTED_MULTISET,68,72,4,OPCODE_DIFF,62 opcode differences: #2 dup->astore_1; #3 iconst_0->aload_1; #4 new->iconst_0,2,   0: iconst_4  |    1: anewarray #7 | >>>4: astore_1  |    5: aload_1  |    6: iconst_0 ,   0: iconst_4  |    1: anewarray #7 | >>>4: dup  |    5: iconst_0  |    6: new #7
zombie/vehicles/test_IsQuadranglesAreTransposed,testIsQuadranglesAreTransposed_4,()V,SORTED_MULTISET,68,72,4,OPCODE_DIFF,60 opcode differences: #2 dup->astore_1; #3 iconst_0->aload_1; #4 new->iconst_0,2,   0: iconst_4  |    1: anewarray #7 | >>>4: astore_1  |    5: aload_1  |    6: iconst_0 ,   0: iconst_4  |    1: anewarray #7 | >>>4: dup  |    5: iconst_0  |    6: new #7
zombie/vehicles/test_IsQuadranglesAreTransposed,testIsQuadranglesAreTransposed_5,()V,SORTED_MULTISET,68,72,4,OPCODE_DIFF,62 opcode differences: #2 dup->astore_1; #3 iconst_0->aload_1; #4 new->iconst_0,2,   0: iconst_4  |    1: anewarray #7 | >>>4: astore_1  |    5: aload_1  |    6: iconst_0 ,   0: iconst_4  |    1: anewarray #7 | >>>4: dup  |    5: iconst_0  |    6: new #7
zombie/vehicles/test_IsQuadranglesAreTransposed,testIsQuadranglesAreTransposed_6,()V,SORTED_MULTISET,68,72,4,OPCODE_DIFF,62 opcode differences: #2 dup->astore_1; #3 iconst_0->aload_1; #4 new->iconst_0,2,   0: iconst_4  |    1: anewarray #7 | >>>4: astore_1  |    5: aload_1  |    6: iconst_0 ,   0: iconst_4  |    1: anewarray #7 | >>>4: dup  |    5: iconst_0  |    6: new #7
zombie/vehicles/test_IsQuadranglesAreTransposed,testIsQuadranglesAreTransposed_7,()V,SORTED_MULTISET,68,72,4,OPCODE_DIFF,58 opcode differences: #2 dup->astore_1; #3 iconst_0->aload_1; #4 new->iconst_0,2,   0: iconst_4  |    1: anewarray #7 | >>>4: astore_1  |    5: aload_1  |    6: iconst_0 ,   0: iconst_4  |    1: anewarray #7 | >>>4: dup  |    5: iconst_0  |    6: new #7
zombie/vehicles/test_IsQuadranglesAreTransposed,testIsQuadranglesAreTransposed_8,()V,SORTED_MULTISET,68,72,4,OPCODE_DIFF,62 opcode differences: #2 dup->astore_1; #3 iconst_0->aload_1; #4 new->iconst_0,2,   0: iconst_4  |    1: anewarray #7 | >>>4: astore_1  |    5: aload_1  |    6: iconst_0 ,   0: iconst_4  |    1: anewarray #7 | >>>4: dup  |    5: iconst_0  |    6: new #7
zombie/vehicles/test_IsQuadranglesAreTransposed,testIsQuadranglesAreTransposed_9,()V,SORTED_MULTISET,68,72,4,OPCODE_DIFF,62 opcode differences: #2 dup->astore_1; #3 iconst_0->aload_1; #4 new->iconst_0,2,   0: iconst_4  |    1: anewarray #7 | >>>4: astore_1  |    5: aload_1  |    6: iconst_0 ,   0: iconst_4  |    1: anewarray #7 | >>>4: dup  |    5: iconst_0  |    6: new #7
zombie/vehicles/test_IsQuadranglesAreTransposed,testIsQuadranglesAreTransposed_10,()V,SORTED_MULTISET,68,72,4,OPCODE_DIFF,60 opcode differences: #2 dup->astore_1; #3 iconst_0->aload_1; #4 new->iconst_0,2,   0: iconst_4  |    1: anewarray #7 | >>>4: astore_1  |    5: aload_1  |    6: iconst_0 ,   0: iconst_4  |    1: anewarray #7 | >>>4: dup  |    5: iconst_0  |    6: new #7
zombie/vehicles/test_IsQuadranglesAreTransposed,testIsQuadranglesAreTransposed_11,()V,SORTED_MULTISET,68,72,4,OPCODE_DIFF,58 opcode differences: #2 dup->astore_1; #3 iconst_0->aload_1; #4 new->iconst_0,2,   0: iconst_4  |    1: anewarray #7 | >>>4: astore_1  |    5: aload_1  |    6: iconst_0 ,   0: iconst_4  |    1: anewarray #7 | >>>4: dup  |    5: iconst_0  |    6: new #7
zombie/vehicles/test_IsQuadranglesAreTransposed,testIsQuadranglesAreTransposed_12,()V,SORTED_MULTISET,68,72,4,OPCODE_DIFF,58 opcode differences: #2 dup->astore_1; #3 iconst_0->aload_1; #4 new->iconst_0,2,   0: iconst_4  |    1: anewarray #7 | >>>4: astore_1  |    5: aload_1  |    6: iconst_0 ,   0: iconst_4  |    1: anewarray #7 | >>>4: dup  |    5: iconst_0  |    6: new #7
zombie/vehicles/test_IsQuadranglesAreTransposed,testIsQuadranglesAreTransposed_13,()V,SORTED_MULTISET,54,58,4,OPCODE_DIFF,44 opcode differences: #2 dup->astore_1; #3 iconst_0->aload_1; #4 new->iconst_0,2,   0: iconst_3  |    1: anewarray #7 | >>>4: astore_1  |    5: aload_1  |    6: iconst_0 ,   0: iconst_3  |    1: anewarray #7 | >>>4: dup  |    5: iconst_0  |    6: new #7
zombie/world/DictionaryData,load,()V,SORTED_MULTISET,69,68,-1,ORIG_EXTRA_RETURN,Original has extra return,0,>>>0: invokestatic #291 |    3: invokevirtual #295 |    6: ifeq 10,>>>0: invokestatic #289 |    3: invokevirtual #293 |    6: ifeq 10
zombie/world/logger/WorldDictionaryLogger,saveLog,(Ljava/lang/String;)V,SORTED_MULTISET,96,94,-2,ORIG_EXTRA_2,"Original has 2 extra insns: {'ifeq': 2, 'return': 1, 'istore_3': 1, 'iload_3': 2, 'astore_2': 2, 'aload_2': 2, 'goto': 1, 'astore_3': 1, 'aload_3': 2, 'astore': 1, 'aload': 1}",1,   0: getstatic #21 | >>>3: ifeq 7 |    6: return  |    7: iconst_0 ,   0: getstatic #21 | >>>3: ifne 251 |    6: iconst_0  |    7: istore_1 
zombie/worldMap/ImagePyramid,readInfoFile,()V,SORTED_MULTISET,141,145,4,RECOMP_EXTRA_2,"Recomp has 2 extra insns: {'goto': 1, 'aconst_null': 1, 'astore_2': 5, 'astore_3': 2, 'aload_3': 6, 'astore': 2, 'aload': 5, 'aload_2': 8}",2,   0: aload_0  |    1: getfield #50 | >>>4: ifnull 17 |    7: aload_0  |    8: getfield #50,   0: aload_0  |    1: getfield #50 | >>>4: ifnull 329 |    7: aload_0  |    8: getfield #50
zombie/worldMap/StrokeGeometry,createTriangles,(Lzombie/worldMap/StrokeGeometry$Point;Lzombie/worldMap/StrokeGeometry$Point;Lzombie/worldMap/StrokeGeometry$Point;Ljava/util/ArrayList;FLjava/lang/String;F)V,STRUCTURAL,426,424,-2,ORIG_EXTRA_2,"Original has 2 extra insns: {'astore': 1, 'aload_1': 1, 'aload': 3}",255,   481: invokevirtual #69 |    484: pop  | >>>485: goto 824 |    488: aload_3  |    489: aload_0 ,   481: invokevirtual #69 |    484: pop  | >>>485: goto 818 |    488: aload_3  |    489: aload_0 
zombie/worldMap/WorldMapRenderer,intersect_ray_plane,(Lzombie/vehicles/UI3DScene$Plane;Lzombie/vehicles/UI3DScene$Ray;Lorg/joml/Vector3f;)I,STRUCTURAL,93,93,0,BRANCH_INV_RESTRUCTURED,1 inv + 41 other opcode diffs (block reorder),0,>>>0: invokestatic #285 |    3: aload_2  |    4: getfield #548,>>>0: invokestatic #283 |    3: aload_2  |    4: getfield #548
zombie/worldMap/WorldMapRenderer$Drawer,drawLineStringYYY,(Lzombie/worldMap/styles/WorldMapStyleLayer$RenderArgs;Lzombie/worldMap/WorldMapFeature;Lzombie/worldMap/styles/WorldMapStyleLayer$RGBAf;F)V,STRUCTURAL,136,135,-1,ORIG_EXTRA_GOTO,Original has 1 extra goto(s),1,   0: aload_0  | >>>1: getfield #405 |    4: fstore 5 |    6: aload_0 ,   0: aload_0  | >>>1: getfield #403 |    4: fstore 5 |    6: aload_0 
zombie/worldMap/WorldMapRenderer$Drawer,outlineTriangles,(Lzombie/worldMap/WorldMapGeometry;FFF)V,SORTED_MULTISET,158,160,2,OPCODE_DIFF,2 opcode differences: #8 fstore->dup; #9 fconst_0->fstore,0,>>>0: getstatic #478 |    3: iconst_1  |    4: invokevirtual #482,>>>0: getstatic #476 |    3: iconst_1  |    4: invokevirtual #480
zombie/worldMap/WorldMapRenderer$Drawer,outlinePolygon,(Lzombie/worldMap/WorldMapGeometry;FFF)V,SORTED_MULTISET,102,106,4,OPCODE_DIFF,4 opcode differences: #6 fstore->dup; #7 ldc_w->fstore; #8 fstore->dup,0,>>>0: getstatic #478 |    3: iconst_1  |    4: invokevirtual #482,>>>0: getstatic #476 |    3: iconst_1  |    4: invokevirtual #480
zombie/worldMap/WorldMapVisited,setBounds,(IIII)V,SORTED_MULTISET,151,153,2,RECOMP_EXTRA_INSN,"Recomp has extra: iconst_0, i2b",9,   12: dup  |    13: istore 4 | >>>15: dup  |    16: istore_2  |    17: dup ,   12: dup  |    13: istore 4 | >>>15: istore_2  |    16: iconst_0  |    17: dup 
zombie/worldMap/editor/WorldMapEditorState,fromLua0,(Ljava/lang/String;)Ljava/lang/Object;,STRUCTURAL,24,22,-2,ORIG_EXTRA_2,"Original has 2 extra insns: {'astore_2': 1, 'iconst_m1': 1, 'istore_3': 2, 'aload_2': 2, '28': 1, 'iload_3': 1, '60': 1}",0,>>>0: aload_1  |    1: astore_2  |    2: iconst_m1 ,>>>0: iconst_m1  |    1: istore_2  |    2: aload_1 
